id,label,name,category,indicator_id,region_id,period_id,value,unit,yoy_pct,frequency,source_id,quality_flag,notes
obs-power-2021-01,Observation,2021-01全社会用电量,ElectricityObservation,indicator-power-total,region-zhejiang,period-2021-01,4655998,源表未标注（推断万千瓦时）,,month,source-electricity-xlsx,unit-inferred,原始值未改动
obs-power-2021-02,Observation,2021-02全社会用电量,ElectricityObservation,indicator-power-total,region-zhejiang,period-2021-02,2561031,源表未标注（推断万千瓦时）,,month,source-electricity-xlsx,unit-inferred,原始值未改动
obs-power-2021-03,Observation,2021-03全社会用电量,ElectricityObservation,indicator-power-total,region-zhejiang,period-2021-03,4474071,源表未标注（推断万千瓦时）,,month,source-electricity-xlsx,unit-inferred,原始值未改动
obs-power-2021-04,Observation,2021-04全社会用电量,ElectricityObservation,indicator-power-total,region-zhejiang,period-2021-04,4336378,源表未标注（推断万千瓦时）,,month,source-electricity-xlsx,unit-inferred,原始值未改动
obs-power-2021-05,Observation,2021-05全社会用电量,ElectricityObservation,indicator-power-total,region-zhejiang,period-2021-05,4525544,源表未标注（推断万千瓦时）,,month,source-electricity-xlsx,unit-inferred,原始值未改动
obs-power-2021-06,Observation,2021-06全社会用电量,ElectricityObservation,indicator-power-total,region-zhejiang,period-2021-06,4780096,源表未标注（推断万千瓦时）,,month,source-electricity-xlsx,unit-inferred,原始值未改动
obs-power-2021-07,Observation,2021-07全社会用电量,ElectricityObservation,indicator-power-total,region-zhejiang,period-2021-07,5627703,源表未标注（推断万千瓦时）,,month,source-electricity-xlsx,unit-inferred,原始值未改动
obs-power-2021-08,Observation,2021-08全社会用电量,ElectricityObservation,indicator-power-total,region-zhejiang,period-2021-08,5618890,源表未标注（推断万千瓦时）,,month,source-electricity-xlsx,unit-inferred,原始值未改动
obs-power-2021-09,Observation,2021-09全社会用电量,ElectricityObservation,indicator-power-total,region-zhejiang,period-2021-09,5122877,源表未标注（推断万千瓦时）,,month,source-electricity-xlsx,unit-inferred,原始值未改动
obs-power-2021-10,Observation,2021-10全社会用电量,ElectricityObservation,indicator-power-total,region-zhejiang,period-2021-10,4301101,源表未标注（推断万千瓦时）,,month,source-electricity-xlsx,unit-inferred,原始值未改动
obs-power-2021-11,Observation,2021-11全社会用电量,ElectricityObservation,indicator-power-total,region-zhejiang,period-2021-11,4372489,源表未标注（推断万千瓦时）,,month,source-electricity-xlsx,unit-inferred,原始值未改动
obs-power-2021-12,Observation,2021-12全社会用电量,ElectricityObservation,indicator-power-total,region-zhejiang,period-2021-12,4764931,源表未标注（推断万千瓦时）,,month,source-electricity-xlsx,unit-inferred,原始值未改动
obs-power-2022-01,Observation,2022-01全社会用电量,ElectricityObservation,indicator-power-total,region-zhejiang,period-2022-01,4313380,源表未标注（推断万千瓦时）,,month,source-electricity-xlsx,unit-inferred,原始值未改动
obs-power-2022-02,Observation,2022-02全社会用电量,ElectricityObservation,indicator-power-total,region-zhejiang,period-2022-02,3757401,源表未标注（推断万千瓦时）,,month,source-electricity-xlsx,unit-inferred,原始值未改动
obs-power-2022-03,Observation,2022-03全社会用电量,ElectricityObservation,indicator-power-total,region-zhejiang,period-2022-03,4748464,源表未标注（推断万千瓦时）,,month,source-electricity-xlsx,unit-inferred,原始值未改动
obs-power-2022-04,Observation,2022-04全社会用电量,ElectricityObservation,indicator-power-total,region-zhejiang,period-2022-04,4305708,源表未标注（推断万千瓦时）,,month,source-electricity-xlsx,unit-inferred,原始值未改动
obs-power-2022-05,Observation,2022-05全社会用电量,ElectricityObservation,indicator-power-total,region-zhejiang,period-2022-05,4384435,源表未标注（推断万千瓦时）,,month,source-electricity-xlsx,unit-inferred,原始值未改动
obs-power-2022-06,Observation,2022-06全社会用电量,ElectricityObservation,indicator-power-total,region-zhejiang,period-2022-06,4852202,源表未标注（推断万千瓦时）,,month,source-electricity-xlsx,unit-inferred,原始值未改动
obs-power-2022-07,Observation,2022-07全社会用电量,ElectricityObservation,indicator-power-total,region-zhejiang,period-2022-07,6249475,源表未标注（推断万千瓦时）,,month,source-electricity-xlsx,unit-inferred,原始值未改动
obs-power-2022-08,Observation,2022-08全社会用电量,ElectricityObservation,indicator-power-total,region-zhejiang,period-2022-08,6275656,源表未标注（推断万千瓦时）,,month,source-electricity-xlsx,unit-inferred,原始值未改动
obs-power-2022-09,Observation,2022-09全社会用电量,ElectricityObservation,indicator-power-total,region-zhejiang,period-2022-09,4833107,源表未标注（推断万千瓦时）,,month,source-electricity-xlsx,unit-inferred,原始值未改动
obs-power-2022-10,Observation,2022-10全社会用电量,ElectricityObservation,indicator-power-total,region-zhejiang,period-2022-10,4642150,源表未标注（推断万千瓦时）,,month,source-electricity-xlsx,unit-inferred,原始值未改动
obs-power-2022-11,Observation,2022-11全社会用电量,ElectricityObservation,indicator-power-total,region-zhejiang,period-2022-11,4494513,源表未标注（推断万千瓦时）,,month,source-electricity-xlsx,unit-inferred,原始值未改动
obs-power-2022-12,Observation,2022-12全社会用电量,ElectricityObservation,indicator-power-total,region-zhejiang,period-2022-12,5136992,源表未标注（推断万千瓦时）,,month,source-electricity-xlsx,unit-inferred,原始值未改动
obs-power-2023-01,Observation,2023-01全社会用电量,ElectricityObservation,indicator-power-total,region-zhejiang,period-2023-01,3411477,源表未标注（推断万千瓦时）,,month,source-electricity-xlsx,unit-inferred,原始值未改动
obs-power-2023-02,Observation,2023-02全社会用电量,ElectricityObservation,indicator-power-total,region-zhejiang,period-2023-02,4422964,源表未标注（推断万千瓦时）,,month,source-electricity-xlsx,unit-inferred,原始值未改动
obs-power-2023-03,Observation,2023-03全社会用电量,ElectricityObservation,indicator-power-total,region-zhejiang,period-2023-03,5064951,源表未标注（推断万千瓦时）,,month,source-electricity-xlsx,unit-inferred,原始值未改动
obs-power-2023-04,Observation,2023-04全社会用电量,ElectricityObservation,indicator-power-total,region-zhejiang,period-2023-04,4674495,源表未标注（推断万千瓦时）,,month,source-electricity-xlsx,unit-inferred,原始值未改动
obs-power-2023-05,Observation,2023-05全社会用电量,ElectricityObservation,indicator-power-total,region-zhejiang,period-2023-05,4882146,源表未标注（推断万千瓦时）,,month,source-electricity-xlsx,unit-inferred,原始值未改动
obs-power-2023-06,Observation,2023-06全社会用电量,ElectricityObservation,indicator-power-total,region-zhejiang,period-2023-06,5325154,源表未标注（推断万千瓦时）,,month,source-electricity-xlsx,unit-inferred,原始值未改动
obs-power-2023-07,Observation,2023-07全社会用电量,ElectricityObservation,indicator-power-total,region-zhejiang,period-2023-07,6554505,源表未标注（推断万千瓦时）,,month,source-electricity-xlsx,unit-inferred,原始值未改动
obs-power-2023-08,Observation,2023-08全社会用电量,ElectricityObservation,indicator-power-total,region-zhejiang,period-2023-08,6357354,源表未标注（推断万千瓦时）,,month,source-electricity-xlsx,unit-inferred,原始值未改动
obs-power-2023-09,Observation,2023-09全社会用电量,ElectricityObservation,indicator-power-total,region-zhejiang,period-2023-09,5577140,源表未标注（推断万千瓦时）,,month,source-electricity-xlsx,unit-inferred,原始值未改动
obs-power-2023-10,Observation,2023-10全社会用电量,ElectricityObservation,indicator-power-total,region-zhejiang,period-2023-10,4967970,源表未标注（推断万千瓦时）,,month,source-electricity-xlsx,unit-inferred,原始值未改动
obs-power-2023-11,Observation,2023-11全社会用电量,ElectricityObservation,indicator-power-total,region-zhejiang,period-2023-11,4970234,源表未标注（推断万千瓦时）,,month,source-electricity-xlsx,unit-inferred,原始值未改动
obs-power-2023-12,Observation,2023-12全社会用电量,ElectricityObservation,indicator-power-total,region-zhejiang,period-2023-12,5711593,源表未标注（推断万千瓦时）,,month,source-electricity-xlsx,unit-inferred,原始值未改动
obs-power-2024-01,Observation,2024-01全社会用电量,ElectricityObservation,indicator-power-total,region-zhejiang,period-2024-01,5516544.1834,源表未标注（推断万千瓦时）,,month,source-electricity-xlsx,unit-inferred,原始值未改动
obs-power-2024-02,Observation,2024-02全社会用电量,ElectricityObservation,indicator-power-total,region-zhejiang,period-2024-02,3547761.3499,源表未标注（推断万千瓦时）,,month,source-electricity-xlsx,unit-inferred,原始值未改动
obs-power-2024-03,Observation,2024-03全社会用电量,ElectricityObservation,indicator-power-total,region-zhejiang,period-2024-03,5404191.6744,源表未标注（推断万千瓦时）,,month,source-electricity-xlsx,unit-inferred,原始值未改动
obs-power-2024-04,Observation,2024-04全社会用电量,ElectricityObservation,indicator-power-total,region-zhejiang,period-2024-04,5086829.5435,源表未标注（推断万千瓦时）,,month,source-electricity-xlsx,unit-inferred,原始值未改动
obs-power-2024-05,Observation,2024-05全社会用电量,ElectricityObservation,indicator-power-total,region-zhejiang,period-2024-05,5248684.8018,源表未标注（推断万千瓦时）,,month,source-electricity-xlsx,unit-inferred,原始值未改动
obs-power-2024-06,Observation,2024-06全社会用电量,ElectricityObservation,indicator-power-total,region-zhejiang,period-2024-06,5389814.3837,源表未标注（推断万千瓦时）,,month,source-electricity-xlsx,unit-inferred,原始值未改动
obs-power-2024-07,Observation,2024-07全社会用电量,ElectricityObservation,indicator-power-total,region-zhejiang,period-2024-07,7186396,源表未标注（推断万千瓦时）,,month,source-electricity-xlsx,unit-inferred,原始值未改动
obs-power-2024-08,Observation,2024-08全社会用电量,ElectricityObservation,indicator-power-total,region-zhejiang,period-2024-08,7395127,源表未标注（推断万千瓦时）,,month,source-electricity-xlsx,unit-inferred,原始值未改动
obs-power-2024-09,Observation,2024-09全社会用电量,ElectricityObservation,indicator-power-total,region-zhejiang,period-2024-09,6374285,源表未标注（推断万千瓦时）,,month,source-electricity-xlsx,unit-inferred,原始值未改动
obs-power-2024-10,Observation,2024-10全社会用电量,ElectricityObservation,indicator-power-total,region-zhejiang,period-2024-10,5328752,源表未标注（推断万千瓦时）,,month,source-electricity-xlsx,unit-inferred,原始值未改动
obs-power-2024-11,Observation,2024-11全社会用电量,ElectricityObservation,indicator-power-total,region-zhejiang,period-2024-11,5269564,源表未标注（推断万千瓦时）,,month,source-electricity-xlsx,unit-inferred,原始值未改动
obs-power-2024-12,Observation,2024-12全社会用电量,ElectricityObservation,indicator-power-total,region-zhejiang,period-2024-12,6060565,源表未标注（推断万千瓦时）,,month,source-electricity-xlsx,unit-inferred,原始值未改动
obs-power-2025-01,Observation,2025-01全社会用电量,ElectricityObservation,indicator-power-total,region-zhejiang,period-2025-01,4858246,源表未标注（推断万千瓦时）,,month,source-electricity-xlsx,unit-inferred,原始值未改动
obs-power-2025-02,Observation,2025-02全社会用电量,ElectricityObservation,indicator-power-total,region-zhejiang,period-2025-02,4603528,源表未标注（推断万千瓦时）,,month,source-electricity-xlsx,unit-inferred,原始值未改动
obs-power-2025-03,Observation,2025-03全社会用电量,ElectricityObservation,indicator-power-total,region-zhejiang,period-2025-03,5809780,源表未标注（推断万千瓦时）,,month,source-electricity-xlsx,unit-inferred,原始值未改动
obs-gdp-primary-1997-Q1,Observation,1997-Q1第一产业增加值,EconomicObservation,indicator-gdp-primary,region-zhejiang,period-1997-Q1,950,亿元,12,quarter,source-primary-xlsx,provided,季度累计值
obs-gdp-secondary-1997-Q1,Observation,1997-Q1第二产业增加值,EconomicObservation,indicator-gdp-secondary,region-zhejiang,period-1997-Q1,93,亿元,4.2,quarter,source-secondary-xlsx,provided,季度累计值
obs-gdp-tertiary-1997-Q1,Observation,1997-Q1第三产业增加值,EconomicObservation,indicator-gdp-tertiary,region-zhejiang,period-1997-Q1,513,亿元,13,quarter,source-tertiary-xlsx,provided,季度累计值
obs-gdp-primary-1997-Q2,Observation,1997-Q2第一产业增加值,EconomicObservation,indicator-gdp-primary,region-zhejiang,period-1997-Q2,1950,亿元,11,quarter,source-primary-xlsx,provided,季度累计值
obs-gdp-secondary-1997-Q2,Observation,1997-Q2第二产业增加值,EconomicObservation,indicator-gdp-secondary,region-zhejiang,period-1997-Q2,230,亿元,7.3,quarter,source-secondary-xlsx,provided,季度累计值
obs-gdp-tertiary-1997-Q2,Observation,1997-Q2第三产业增加值,EconomicObservation,indicator-gdp-tertiary,region-zhejiang,period-1997-Q2,1080,亿元,11.8,quarter,source-tertiary-xlsx,provided,季度累计值
obs-gdp-primary-1997-Q3,Observation,1997-Q3第一产业增加值,EconomicObservation,indicator-gdp-primary,region-zhejiang,period-1997-Q3,365,亿元,4,quarter,source-primary-xlsx,provided,季度累计值
obs-gdp-secondary-1997-Q3,Observation,1997-Q3第二产业增加值,EconomicObservation,indicator-gdp-secondary,region-zhejiang,period-1997-Q3,1665,亿元,12.1,quarter,source-secondary-xlsx,provided,季度累计值
obs-gdp-tertiary-1997-Q3,Observation,1997-Q3第三产业增加值,EconomicObservation,indicator-gdp-tertiary,region-zhejiang,period-1997-Q3,974.08,亿元,10.6,quarter,source-tertiary-xlsx,provided,季度累计值
obs-gdp-primary-1997-Q4,Observation,1997-Q4第一产业增加值,EconomicObservation,indicator-gdp-primary,region-zhejiang,period-1997-Q4,635,亿元,4,quarter,source-primary-xlsx,provided,季度累计值
obs-gdp-secondary-1997-Q4,Observation,1997-Q4第二产业增加值,EconomicObservation,indicator-gdp-secondary,region-zhejiang,period-1997-Q4,2460,亿元,12.6,quarter,source-secondary-xlsx,provided,季度累计值
obs-gdp-tertiary-1997-Q4,Observation,1997-Q4第三产业增加值,EconomicObservation,indicator-gdp-tertiary,region-zhejiang,period-1997-Q4,1505,亿元,10.9,quarter,source-tertiary-xlsx,provided,季度累计值
obs-gdp-primary-1998-Q1,Observation,1998-Q1第一产业增加值,EconomicObservation,indicator-gdp-primary,region-zhejiang,period-1998-Q1,90,亿元,2.4,quarter,source-primary-xlsx,provided,季度累计值
obs-gdp-secondary-1998-Q1,Observation,1998-Q1第二产业增加值,EconomicObservation,indicator-gdp-secondary,region-zhejiang,period-1998-Q1,560,亿元,10.8,quarter,source-secondary-xlsx,provided,季度累计值
obs-gdp-tertiary-1998-Q1,Observation,1998-Q1第三产业增加值,EconomicObservation,indicator-gdp-tertiary,region-zhejiang,period-1998-Q1,380,亿元,9.6,quarter,source-tertiary-xlsx,provided,季度累计值
obs-gdp-primary-1998-Q2,Observation,1998-Q2第一产业增加值,EconomicObservation,indicator-gdp-primary,region-zhejiang,period-1998-Q2,200,亿元,-2,quarter,source-primary-xlsx,provided,季度累计值
obs-gdp-secondary-1998-Q2,Observation,1998-Q2第二产业增加值,EconomicObservation,indicator-gdp-secondary,region-zhejiang,period-1998-Q2,1186,亿元,10.9,quarter,source-secondary-xlsx,provided,季度累计值
obs-gdp-tertiary-1998-Q2,Observation,1998-Q2第三产业增加值,EconomicObservation,indicator-gdp-tertiary,region-zhejiang,period-1998-Q2,704,亿元,10.2,quarter,source-tertiary-xlsx,provided,季度累计值
obs-gdp-primary-1998-Q3,Observation,1998-Q3第一产业增加值,EconomicObservation,indicator-gdp-primary,region-zhejiang,period-1998-Q3,340,亿元,-1.6,quarter,source-primary-xlsx,provided,季度累计值
obs-gdp-secondary-1998-Q3,Observation,1998-Q3第二产业增加值,EconomicObservation,indicator-gdp-secondary,region-zhejiang,period-1998-Q3,1830.61,亿元,11.1,quarter,source-secondary-xlsx,provided,季度累计值
obs-gdp-tertiary-1998-Q3,Observation,1998-Q3第三产业增加值,EconomicObservation,indicator-gdp-tertiary,region-zhejiang,period-1998-Q3,1089.18,亿元,9.9,quarter,source-tertiary-xlsx,provided,季度累计值
obs-gdp-primary-1998-Q4,Observation,1998-Q4第一产业增加值,EconomicObservation,indicator-gdp-primary,region-zhejiang,period-1998-Q4,631.31,亿元,3.2,quarter,source-primary-xlsx,provided,季度累计值
obs-gdp-secondary-1998-Q4,Observation,1998-Q4第二产业增加值,EconomicObservation,indicator-gdp-secondary,region-zhejiang,period-1998-Q4,2709.08,亿元,10.8,quarter,source-secondary-xlsx,provided,季度累计值
obs-gdp-tertiary-1998-Q4,Observation,1998-Q4第三产业增加值,EconomicObservation,indicator-gdp-tertiary,region-zhejiang,period-1998-Q4,1647.11,亿元,11.5,quarter,source-tertiary-xlsx,provided,季度累计值
obs-gdp-primary-1999-Q1,Observation,1999-Q1第一产业增加值,EconomicObservation,indicator-gdp-primary,region-zhejiang,period-1999-Q1,97,亿元,2.8,quarter,source-primary-xlsx,provided,季度累计值
obs-gdp-secondary-1999-Q1,Observation,1999-Q1第二产业增加值,EconomicObservation,indicator-gdp-secondary,region-zhejiang,period-1999-Q1,611.42,亿元,12.3,quarter,source-secondary-xlsx,provided,季度累计值
obs-gdp-tertiary-1999-Q1,Observation,1999-Q1第三产业增加值,EconomicObservation,indicator-gdp-tertiary,region-zhejiang,period-1999-Q1,413.05,亿元,10.1,quarter,source-tertiary-xlsx,provided,季度累计值
obs-gdp-primary-1999-Q2,Observation,1999-Q2第一产业增加值,EconomicObservation,indicator-gdp-primary,region-zhejiang,period-1999-Q2,221.8,亿元,5.5,quarter,source-primary-xlsx,provided,季度累计值
obs-gdp-secondary-1999-Q2,Observation,1999-Q2第二产业增加值,EconomicObservation,indicator-gdp-secondary,region-zhejiang,period-1999-Q2,1286.54,亿元,11.3,quarter,source-secondary-xlsx,provided,季度累计值
obs-gdp-tertiary-1999-Q2,Observation,1999-Q2第三产业增加值,EconomicObservation,indicator-gdp-tertiary,region-zhejiang,period-1999-Q2,756.08,亿元,8.9,quarter,source-tertiary-xlsx,provided,季度累计值
obs-gdp-primary-1999-Q3,Observation,1999-Q3第一产业增加值,EconomicObservation,indicator-gdp-primary,region-zhejiang,period-1999-Q3,354.23,亿元,4.7,quarter,source-primary-xlsx,provided,季度累计值
obs-gdp-secondary-1999-Q3,Observation,1999-Q3第二产业增加值,EconomicObservation,indicator-gdp-secondary,region-zhejiang,period-1999-Q3,1992.47,亿元,11.5,quarter,source-secondary-xlsx,provided,季度累计值
obs-gdp-tertiary-1999-Q3,Observation,1999-Q3第三产业增加值,EconomicObservation,indicator-gdp-tertiary,region-zhejiang,period-1999-Q3,1182.67,亿元,8.8,quarter,source-tertiary-xlsx,provided,季度累计值
obs-gdp-primary-1999-Q4,Observation,1999-Q4第一产业增加值,EconomicObservation,indicator-gdp-primary,region-zhejiang,period-1999-Q4,636,亿元,4.3,quarter,source-primary-xlsx,provided,季度累计值
obs-gdp-secondary-1999-Q4,Observation,1999-Q4第二产业增加值,EconomicObservation,indicator-gdp-secondary,region-zhejiang,period-1999-Q4,2906,亿元,11.3,quarter,source-secondary-xlsx,provided,季度累计值
obs-gdp-tertiary-1999-Q4,Observation,1999-Q4第三产业增加值,EconomicObservation,indicator-gdp-tertiary,region-zhejiang,period-1999-Q4,1808,亿元,9.4,quarter,source-tertiary-xlsx,provided,季度累计值
obs-gdp-primary-2000-Q1,Observation,2000-Q1第一产业增加值,EconomicObservation,indicator-gdp-primary,region-zhejiang,period-2000-Q1,107.22,亿元,4.9,quarter,source-primary-xlsx,provided,季度累计值
obs-gdp-secondary-2000-Q1,Observation,2000-Q1第二产业增加值,EconomicObservation,indicator-gdp-secondary,region-zhejiang,period-2000-Q1,664.56,亿元,11.8,quarter,source-secondary-xlsx,provided,季度累计值
obs-gdp-tertiary-2000-Q1,Observation,2000-Q1第三产业增加值,EconomicObservation,indicator-gdp-tertiary,region-zhejiang,period-2000-Q1,498.34,亿元,9.8,quarter,source-tertiary-xlsx,provided,季度累计值
obs-gdp-primary-2000-Q2,Observation,2000-Q2第一产业增加值,EconomicObservation,indicator-gdp-primary,region-zhejiang,period-2000-Q2,256.15,亿元,4.9,quarter,source-primary-xlsx,provided,季度累计值
obs-gdp-secondary-2000-Q2,Observation,2000-Q2第二产业增加值,EconomicObservation,indicator-gdp-secondary,region-zhejiang,period-2000-Q2,1400.14,亿元,11.9,quarter,source-secondary-xlsx,provided,季度累计值
obs-gdp-tertiary-2000-Q2,Observation,2000-Q2第三产业增加值,EconomicObservation,indicator-gdp-tertiary,region-zhejiang,period-2000-Q2,952.7,亿元,10.3,quarter,source-tertiary-xlsx,provided,季度累计值
obs-gdp-primary-2000-Q3,Observation,2000-Q3第一产业增加值,EconomicObservation,indicator-gdp-primary,region-zhejiang,period-2000-Q3,386.18,亿元,5.2,quarter,source-primary-xlsx,provided,季度累计值
obs-gdp-secondary-2000-Q3,Observation,2000-Q3第二产业增加值,EconomicObservation,indicator-gdp-secondary,region-zhejiang,period-2000-Q3,2193.39,亿元,11.8,quarter,source-secondary-xlsx,provided,季度累计值
obs-gdp-tertiary-2000-Q3,Observation,2000-Q3第三产业增加值,EconomicObservation,indicator-gdp-tertiary,region-zhejiang,period-2000-Q3,1480.43,亿元,11.1,quarter,source-tertiary-xlsx,provided,季度累计值
obs-gdp-primary-2000-Q4,Observation,2000-Q4第一产业增加值,EconomicObservation,indicator-gdp-primary,region-zhejiang,period-2000-Q4,650,亿元,4.5,quarter,source-primary-xlsx,provided,季度累计值
obs-gdp-secondary-2000-Q4,Observation,2000-Q4第二产业增加值,EconomicObservation,indicator-gdp-secondary,region-zhejiang,period-2000-Q4,3200,亿元,11.8,quarter,source-secondary-xlsx,provided,季度累计值
obs-gdp-tertiary-2000-Q4,Observation,2000-Q4第三产业增加值,EconomicObservation,indicator-gdp-tertiary,region-zhejiang,period-2000-Q4,2180,亿元,11.5,quarter,source-tertiary-xlsx,provided,季度累计值
obs-gdp-primary-2001-Q1,Observation,2001-Q1第一产业增加值,EconomicObservation,indicator-gdp-primary,region-zhejiang,period-2001-Q1,110,亿元,2,quarter,source-primary-xlsx,provided,季度累计值
obs-gdp-secondary-2001-Q1,Observation,2001-Q1第二产业增加值,EconomicObservation,indicator-gdp-secondary,region-zhejiang,period-2001-Q1,747,亿元,11.8,quarter,source-secondary-xlsx,provided,季度累计值
obs-gdp-tertiary-2001-Q1,Observation,2001-Q1第三产业增加值,EconomicObservation,indicator-gdp-tertiary,region-zhejiang,period-2001-Q1,555,亿元,10.7,quarter,source-tertiary-xlsx,provided,季度累计值
obs-gdp-primary-2001-Q2,Observation,2001-Q2第一产业增加值,EconomicObservation,indicator-gdp-primary,region-zhejiang,period-2001-Q2,274,亿元,4,quarter,source-primary-xlsx,provided,季度累计值
obs-gdp-secondary-2001-Q2,Observation,2001-Q2第二产业增加值,EconomicObservation,indicator-gdp-secondary,region-zhejiang,period-2001-Q2,1642,亿元,11.6,quarter,source-secondary-xlsx,provided,季度累计值
obs-gdp-tertiary-2001-Q2,Observation,2001-Q2第三产业增加值,EconomicObservation,indicator-gdp-tertiary,region-zhejiang,period-2001-Q2,1220,亿元,10.7,quarter,source-tertiary-xlsx,provided,季度累计值
obs-gdp-primary-2001-Q3,Observation,2001-Q3第一产业增加值,EconomicObservation,indicator-gdp-primary,region-zhejiang,period-2001-Q3,424,亿元,4,quarter,source-primary-xlsx,provided,季度累计值
obs-gdp-secondary-2001-Q3,Observation,2001-Q3第二产业增加值,EconomicObservation,indicator-gdp-secondary,region-zhejiang,period-2001-Q3,2503,亿元,11.1,quarter,source-secondary-xlsx,provided,季度累计值
obs-gdp-tertiary-2001-Q3,Observation,2001-Q3第三产业增加值,EconomicObservation,indicator-gdp-tertiary,region-zhejiang,period-2001-Q3,1825,亿元,10.9,quarter,source-tertiary-xlsx,provided,季度累计值
obs-gdp-primary-2001-Q4,Observation,2001-Q4第一产业增加值,EconomicObservation,indicator-gdp-primary,region-zhejiang,period-2001-Q4,690,亿元,4.1,quarter,source-primary-xlsx,provided,季度累计值
obs-gdp-secondary-2001-Q4,Observation,2001-Q4第二产业增加值,EconomicObservation,indicator-gdp-secondary,region-zhejiang,period-2001-Q4,3440,亿元,11,quarter,source-secondary-xlsx,provided,季度累计值
obs-gdp-tertiary-2001-Q4,Observation,2001-Q4第三产业增加值,EconomicObservation,indicator-gdp-tertiary,region-zhejiang,period-2001-Q4,2570,亿元,11.9,quarter,source-tertiary-xlsx,provided,季度累计值
obs-gdp-primary-2002-Q1,Observation,2002-Q1第一产业增加值,EconomicObservation,indicator-gdp-primary,region-zhejiang,period-2002-Q1,105,亿元,4.2,quarter,source-primary-xlsx,provided,季度累计值
obs-gdp-secondary-2002-Q1,Observation,2002-Q1第二产业增加值,EconomicObservation,indicator-gdp-secondary,region-zhejiang,period-2002-Q1,870,亿元,11.2,quarter,source-secondary-xlsx,provided,季度累计值
obs-gdp-tertiary-2002-Q1,Observation,2002-Q1第三产业增加值,EconomicObservation,indicator-gdp-tertiary,region-zhejiang,period-2002-Q1,715,亿元,12.8,quarter,source-tertiary-xlsx,provided,季度累计值
obs-gdp-primary-2002-Q2,Observation,2002-Q2第一产业增加值,EconomicObservation,indicator-gdp-primary,region-zhejiang,period-2002-Q2,270,亿元,2.6,quarter,source-primary-xlsx,provided,季度累计值
obs-gdp-secondary-2002-Q2,Observation,2002-Q2第二产业增加值,EconomicObservation,indicator-gdp-secondary,region-zhejiang,period-2002-Q2,1815,亿元,13,quarter,source-secondary-xlsx,provided,季度累计值
obs-gdp-tertiary-2002-Q2,Observation,2002-Q2第三产业增加值,EconomicObservation,indicator-gdp-tertiary,region-zhejiang,period-2002-Q2,1435,亿元,12.9,quarter,source-tertiary-xlsx,provided,季度累计值
obs-gdp-primary-2002-Q3,Observation,2002-Q3第一产业增加值,EconomicObservation,indicator-gdp-primary,region-zhejiang,period-2002-Q3,410,亿元,3.1,quarter,source-primary-xlsx,provided,季度累计值
obs-gdp-secondary-2002-Q3,Observation,2002-Q3第二产业增加值,EconomicObservation,indicator-gdp-secondary,region-zhejiang,period-2002-Q3,2814,亿元,13.3,quarter,source-secondary-xlsx,provided,季度累计值
obs-gdp-tertiary-2002-Q3,Observation,2002-Q3第三产业增加值,EconomicObservation,indicator-gdp-tertiary,region-zhejiang,period-2002-Q3,2182,亿元,12.6,quarter,source-tertiary-xlsx,provided,季度累计值
obs-gdp-primary-2002-Q4,Observation,2002-Q4第一产业增加值,EconomicObservation,indicator-gdp-primary,region-zhejiang,period-2002-Q4,680,亿元,3.3,quarter,source-primary-xlsx,provided,季度累计值
obs-gdp-secondary-2002-Q4,Observation,2002-Q4第二产业增加值,EconomicObservation,indicator-gdp-secondary,region-zhejiang,period-2002-Q4,3925,亿元,13.3,quarter,source-secondary-xlsx,provided,季度累计值
obs-gdp-tertiary-2002-Q4,Observation,2002-Q4第三产业增加值,EconomicObservation,indicator-gdp-tertiary,region-zhejiang,period-2002-Q4,3065,亿元,13.4,quarter,source-tertiary-xlsx,provided,季度累计值
obs-gdp-primary-2003-Q1,Observation,2003-Q1第一产业增加值,EconomicObservation,indicator-gdp-primary,region-zhejiang,period-2003-Q1,120,亿元,2.4,quarter,source-primary-xlsx,provided,季度累计值
obs-gdp-secondary-2003-Q1,Observation,2003-Q1第二产业增加值,EconomicObservation,indicator-gdp-secondary,region-zhejiang,period-2003-Q1,1000,亿元,14.8,quarter,source-secondary-xlsx,provided,季度累计值
obs-gdp-tertiary-2003-Q1,Observation,2003-Q1第三产业增加值,EconomicObservation,indicator-gdp-tertiary,region-zhejiang,period-2003-Q1,830,亿元,13.4,quarter,source-tertiary-xlsx,provided,季度累计值
obs-gdp-primary-2003-Q2,Observation,2003-Q2第一产业增加值,EconomicObservation,indicator-gdp-primary,region-zhejiang,period-2003-Q2,288,亿元,1.6,quarter,source-primary-xlsx,provided,季度累计值
obs-gdp-secondary-2003-Q2,Observation,2003-Q2第二产业增加值,EconomicObservation,indicator-gdp-secondary,region-zhejiang,period-2003-Q2,2147,亿元,14.5,quarter,source-secondary-xlsx,provided,季度累计值
obs-gdp-tertiary-2003-Q2,Observation,2003-Q2第三产业增加值,EconomicObservation,indicator-gdp-tertiary,region-zhejiang,period-2003-Q2,1685,亿元,12.6,quarter,source-tertiary-xlsx,provided,季度累计值
obs-gdp-primary-2003-Q3,Observation,2003-Q3第一产业增加值,EconomicObservation,indicator-gdp-primary,region-zhejiang,period-2003-Q3,428,亿元,2,quarter,source-primary-xlsx,provided,季度累计值
obs-gdp-secondary-2003-Q3,Observation,2003-Q3第二产业增加值,EconomicObservation,indicator-gdp-secondary,region-zhejiang,period-2003-Q3,3410,亿元,14.8,quarter,source-secondary-xlsx,provided,季度累计值
obs-gdp-tertiary-2003-Q3,Observation,2003-Q3第三产业增加值,EconomicObservation,indicator-gdp-tertiary,region-zhejiang,period-2003-Q3,2567,亿元,13.1,quarter,source-tertiary-xlsx,provided,季度累计值
obs-gdp-primary-2003-Q4,Observation,2003-Q4第一产业增加值,EconomicObservation,indicator-gdp-primary,region-zhejiang,period-2003-Q4,722,亿元,2.7,quarter,source-primary-xlsx,provided,季度累计值
obs-gdp-secondary-2003-Q4,Observation,2003-Q4第二产业增加值,EconomicObservation,indicator-gdp-secondary,region-zhejiang,period-2003-Q4,4830,亿元,16.6,quarter,source-secondary-xlsx,provided,季度累计值
obs-gdp-tertiary-2003-Q4,Observation,2003-Q4第三产业增加值,EconomicObservation,indicator-gdp-tertiary,region-zhejiang,period-2003-Q4,3648,亿元,13.2,quarter,source-tertiary-xlsx,provided,季度累计值
obs-gdp-primary-2004-Q1,Observation,2004-Q1第一产业增加值,EconomicObservation,indicator-gdp-primary,region-zhejiang,period-2004-Q1,128,亿元,2.2,quarter,source-primary-xlsx,provided,季度累计值
obs-gdp-secondary-2004-Q1,Observation,2004-Q1第二产业增加值,EconomicObservation,indicator-gdp-secondary,region-zhejiang,period-2004-Q1,1248,亿元,16.8,quarter,source-secondary-xlsx,provided,季度累计值
obs-gdp-tertiary-2004-Q1,Observation,2004-Q1第三产业增加值,EconomicObservation,indicator-gdp-tertiary,region-zhejiang,period-2004-Q1,1009,亿元,14.7,quarter,source-tertiary-xlsx,provided,季度累计值
obs-gdp-primary-2004-Q2,Observation,2004-Q2第一产业增加值,EconomicObservation,indicator-gdp-primary,region-zhejiang,period-2004-Q2,328,亿元,2.3,quarter,source-primary-xlsx,provided,季度累计值
obs-gdp-secondary-2004-Q2,Observation,2004-Q2第二产业增加值,EconomicObservation,indicator-gdp-secondary,region-zhejiang,period-2004-Q2,2732,亿元,17.8,quarter,source-secondary-xlsx,provided,季度累计值
obs-gdp-tertiary-2004-Q2,Observation,2004-Q2第三产业增加值,EconomicObservation,indicator-gdp-tertiary,region-zhejiang,period-2004-Q2,2050,亿元,14.9,quarter,source-tertiary-xlsx,provided,季度累计值
obs-gdp-primary-2004-Q3,Observation,2004-Q3第一产业增加值,EconomicObservation,indicator-gdp-primary,region-zhejiang,period-2004-Q3,488,亿元,2.5,quarter,source-primary-xlsx,provided,季度累计值
obs-gdp-secondary-2004-Q3,Observation,2004-Q3第二产业增加值,EconomicObservation,indicator-gdp-secondary,region-zhejiang,period-2004-Q3,4293,亿元,16.9,quarter,source-secondary-xlsx,provided,季度累计值
obs-gdp-tertiary-2004-Q3,Observation,2004-Q3第三产业增加值,EconomicObservation,indicator-gdp-tertiary,region-zhejiang,period-2004-Q3,3089,亿元,13.8,quarter,source-tertiary-xlsx,provided,季度累计值
obs-gdp-primary-2004-Q4,Observation,2004-Q4第一产业增加值,EconomicObservation,indicator-gdp-primary,region-zhejiang,period-2004-Q4,816,亿元,3.7,quarter,source-primary-xlsx,provided,季度累计值
obs-gdp-secondary-2004-Q4,Observation,2004-Q4第二产业增加值,EconomicObservation,indicator-gdp-secondary,region-zhejiang,period-2004-Q4,6045,亿元,16.2,quarter,source-secondary-xlsx,provided,季度累计值
obs-gdp-tertiary-2004-Q4,Observation,2004-Q4第三产业增加值,EconomicObservation,indicator-gdp-tertiary,region-zhejiang,period-2004-Q4,4382,亿元,13.9,quarter,source-tertiary-xlsx,provided,季度累计值
obs-gdp-primary-2005-Q1,Observation,2005-Q1第一产业增加值,EconomicObservation,indicator-gdp-primary,region-zhejiang,period-2005-Q1,142.07,亿元,1.9,quarter,source-primary-xlsx,provided,季度累计值
obs-gdp-secondary-2005-Q1,Observation,2005-Q1第二产业增加值,EconomicObservation,indicator-gdp-secondary,region-zhejiang,period-2005-Q1,1469.54,亿元,14.5,quarter,source-secondary-xlsx,provided,季度累计值
obs-gdp-tertiary-2005-Q1,Observation,2005-Q1第三产业增加值,EconomicObservation,indicator-gdp-tertiary,region-zhejiang,period-2005-Q1,1134.48,亿元,10.7,quarter,source-tertiary-xlsx,provided,季度累计值
obs-gdp-primary-2005-Q2,Observation,2005-Q2第一产业增加值,EconomicObservation,indicator-gdp-primary,region-zhejiang,period-2005-Q2,353.31,亿元,2.9,quarter,source-primary-xlsx,provided,季度累计值
obs-gdp-secondary-2005-Q2,Observation,2005-Q2第二产业增加值,EconomicObservation,indicator-gdp-secondary,region-zhejiang,period-2005-Q2,3418.72,亿元,13,quarter,source-secondary-xlsx,provided,季度累计值
obs-gdp-tertiary-2005-Q2,Observation,2005-Q2第三产业增加值,EconomicObservation,indicator-gdp-tertiary,region-zhejiang,period-2005-Q2,2321.97,亿元,11.8,quarter,source-tertiary-xlsx,provided,季度累计值
obs-gdp-primary-2005-Q3,Observation,2005-Q3第一产业增加值,EconomicObservation,indicator-gdp-primary,region-zhejiang,period-2005-Q3,531.6,亿元,2.3,quarter,source-primary-xlsx,provided,季度累计值
obs-gdp-secondary-2005-Q3,Observation,2005-Q3第二产业增加值,EconomicObservation,indicator-gdp-secondary,region-zhejiang,period-2005-Q3,4982.98,亿元,13.3,quarter,source-secondary-xlsx,provided,季度累计值
obs-gdp-tertiary-2005-Q3,Observation,2005-Q3第三产业增加值,EconomicObservation,indicator-gdp-tertiary,region-zhejiang,period-2005-Q3,3501.42,亿元,12,quarter,source-tertiary-xlsx,provided,季度累计值
obs-gdp-primary-2005-Q4,Observation,2005-Q4第一产业增加值,EconomicObservation,indicator-gdp-primary,region-zhejiang,period-2005-Q4,872.55,亿元,1.6,quarter,source-primary-xlsx,provided,季度累计值
obs-gdp-secondary-2005-Q4,Observation,2005-Q4第二产业增加值,EconomicObservation,indicator-gdp-secondary,region-zhejiang,period-2005-Q4,7147.81,亿元,12.1,quarter,source-secondary-xlsx,provided,季度累计值
obs-gdp-tertiary-2005-Q4,Observation,2005-Q4第三产业增加值,EconomicObservation,indicator-gdp-tertiary,region-zhejiang,period-2005-Q4,5345.15,亿元,14.9,quarter,source-tertiary-xlsx,provided,季度累计值
obs-gdp-primary-2006-Q1,Observation,2006-Q1第一产业增加值,EconomicObservation,indicator-gdp-primary,region-zhejiang,period-2006-Q1,148,亿元,2.2,quarter,source-primary-xlsx,provided,季度累计值
obs-gdp-secondary-2006-Q1,Observation,2006-Q1第二产业增加值,EconomicObservation,indicator-gdp-secondary,region-zhejiang,period-2006-Q1,1788.59,亿元,17.1,quarter,source-secondary-xlsx,provided,季度累计值
obs-gdp-tertiary-2006-Q1,Observation,2006-Q1第三产业增加值,EconomicObservation,indicator-gdp-tertiary,region-zhejiang,period-2006-Q1,1382.79,亿元,12.4,quarter,source-tertiary-xlsx,provided,季度累计值
obs-gdp-primary-2006-Q2,Observation,2006-Q2第一产业增加值,EconomicObservation,indicator-gdp-primary,region-zhejiang,period-2006-Q2,363.48,亿元,2.5,quarter,source-primary-xlsx,provided,季度累计值
obs-gdp-secondary-2006-Q2,Observation,2006-Q2第二产业增加值,EconomicObservation,indicator-gdp-secondary,region-zhejiang,period-2006-Q2,3810.04,亿元,14.8,quarter,source-secondary-xlsx,provided,季度累计值
obs-gdp-tertiary-2006-Q2,Observation,2006-Q2第三产业增加值,EconomicObservation,indicator-gdp-tertiary,region-zhejiang,period-2006-Q2,2949.88,亿元,14.8,quarter,source-tertiary-xlsx,provided,季度累计值
obs-gdp-primary-2006-Q3,Observation,2006-Q3第一产业增加值,EconomicObservation,indicator-gdp-primary,region-zhejiang,period-2006-Q3,553.94,亿元,3,quarter,source-primary-xlsx,provided,季度累计值
obs-gdp-secondary-2006-Q3,Observation,2006-Q3第二产业增加值,EconomicObservation,indicator-gdp-secondary,region-zhejiang,period-2006-Q3,5982.91,亿元,14.3,quarter,source-secondary-xlsx,provided,季度累计值
obs-gdp-tertiary-2006-Q3,Observation,2006-Q3第三产业增加值,EconomicObservation,indicator-gdp-tertiary,region-zhejiang,period-2006-Q3,4460.05,亿元,14.8,quarter,source-tertiary-xlsx,provided,季度累计值
obs-gdp-primary-2006-Q4,Observation,2006-Q4第一产业增加值,EconomicObservation,indicator-gdp-primary,region-zhejiang,period-2006-Q4,922.98,亿元,3,quarter,source-primary-xlsx,provided,季度累计值
obs-gdp-secondary-2006-Q4,Observation,2006-Q4第二产业增加值,EconomicObservation,indicator-gdp-secondary,region-zhejiang,period-2006-Q4,8437.71,亿元,13.9,quarter,source-secondary-xlsx,provided,季度累计值
obs-gdp-tertiary-2006-Q4,Observation,2006-Q4第三产业增加值,EconomicObservation,indicator-gdp-tertiary,region-zhejiang,period-2006-Q4,6288.24,亿元,15.1,quarter,source-tertiary-xlsx,provided,季度累计值
obs-gdp-primary-2007-Q1,Observation,2007-Q1第一产业增加值,EconomicObservation,indicator-gdp-primary,region-zhejiang,period-2007-Q1,149.54,亿元,2.8,quarter,source-primary-xlsx,provided,季度累计值
obs-gdp-secondary-2007-Q1,Observation,2007-Q1第二产业增加值,EconomicObservation,indicator-gdp-secondary,region-zhejiang,period-2007-Q1,2115.75,亿元,14.3,quarter,source-secondary-xlsx,provided,季度累计值
obs-gdp-tertiary-2007-Q1,Observation,2007-Q1第三产业增加值,EconomicObservation,indicator-gdp-tertiary,region-zhejiang,period-2007-Q1,1633.72,亿元,16.2,quarter,source-tertiary-xlsx,provided,季度累计值
obs-gdp-primary-2007-Q2,Observation,2007-Q2第一产业增加值,EconomicObservation,indicator-gdp-primary,region-zhejiang,period-2007-Q2,394.86,亿元,2.9,quarter,source-primary-xlsx,provided,季度累计值
obs-gdp-secondary-2007-Q2,Observation,2007-Q2第二产业增加值,EconomicObservation,indicator-gdp-secondary,region-zhejiang,period-2007-Q2,4468.25,亿元,15.4,quarter,source-secondary-xlsx,provided,季度累计值
obs-gdp-tertiary-2007-Q2,Observation,2007-Q2第三产业增加值,EconomicObservation,indicator-gdp-tertiary,region-zhejiang,period-2007-Q2,3481.28,亿元,15.3,quarter,source-tertiary-xlsx,provided,季度累计值
obs-gdp-primary-2007-Q3,Observation,2007-Q3第一产业增加值,EconomicObservation,indicator-gdp-primary,region-zhejiang,period-2007-Q3,609.68,亿元,2.8,quarter,source-primary-xlsx,provided,季度累计值
obs-gdp-secondary-2007-Q3,Observation,2007-Q3第二产业增加值,EconomicObservation,indicator-gdp-secondary,region-zhejiang,period-2007-Q3,7025.41,亿元,14.9,quarter,source-secondary-xlsx,provided,季度累计值
obs-gdp-tertiary-2007-Q3,Observation,2007-Q3第三产业增加值,EconomicObservation,indicator-gdp-tertiary,region-zhejiang,period-2007-Q3,5349,亿元,15.9,quarter,source-tertiary-xlsx,provided,季度累计值
obs-gdp-primary-2007-Q4,Observation,2007-Q4第一产业增加值,EconomicObservation,indicator-gdp-primary,region-zhejiang,period-2007-Q4,1025.27,亿元,2.8,quarter,source-primary-xlsx,provided,季度累计值
obs-gdp-secondary-2007-Q4,Observation,2007-Q4第二产业增加值,EconomicObservation,indicator-gdp-secondary,region-zhejiang,period-2007-Q4,10092,亿元,15.4,quarter,source-secondary-xlsx,provided,季度累计值
obs-gdp-tertiary-2007-Q4,Observation,2007-Q4第三产业增加值,EconomicObservation,indicator-gdp-tertiary,region-zhejiang,period-2007-Q4,7521.09,亿元,15.1,quarter,source-tertiary-xlsx,provided,季度累计值
obs-gdp-primary-2008-Q1,Observation,2008-Q1第一产业增加值,EconomicObservation,indicator-gdp-primary,region-zhejiang,period-2008-Q1,168.68,亿元,-0.8,quarter,source-primary-xlsx,provided,季度累计值
obs-gdp-secondary-2008-Q1,Observation,2008-Q1第二产业增加值,EconomicObservation,indicator-gdp-secondary,region-zhejiang,period-2008-Q1,2497.61,亿元,12.5,quarter,source-secondary-xlsx,provided,季度累计值
obs-gdp-tertiary-2008-Q1,Observation,2008-Q1第三产业增加值,EconomicObservation,indicator-gdp-tertiary,region-zhejiang,period-2008-Q1,1935.68,亿元,12,quarter,source-tertiary-xlsx,provided,季度累计值
obs-gdp-primary-2008-Q2,Observation,2008-Q2第一产业增加值,EconomicObservation,indicator-gdp-primary,region-zhejiang,period-2008-Q2,440.26,亿元,1.3,quarter,source-primary-xlsx,provided,季度累计值
obs-gdp-secondary-2008-Q2,Observation,2008-Q2第二产业增加值,EconomicObservation,indicator-gdp-secondary,region-zhejiang,period-2008-Q2,5291.97,亿元,11.5,quarter,source-secondary-xlsx,provided,季度累计值
obs-gdp-tertiary-2008-Q2,Observation,2008-Q2第三产业增加值,EconomicObservation,indicator-gdp-tertiary,region-zhejiang,period-2008-Q2,4156.52,亿元,12.3,quarter,source-tertiary-xlsx,provided,季度累计值
obs-gdp-primary-2008-Q3,Observation,2008-Q3第一产业增加值,EconomicObservation,indicator-gdp-primary,region-zhejiang,period-2008-Q3,685.6,亿元,2.9,quarter,source-primary-xlsx,provided,季度累计值
obs-gdp-secondary-2008-Q3,Observation,2008-Q3第二产业增加值,EconomicObservation,indicator-gdp-secondary,region-zhejiang,period-2008-Q3,8279.5,亿元,10.6,quarter,source-secondary-xlsx,provided,季度累计值
obs-gdp-tertiary-2008-Q3,Observation,2008-Q3第三产业增加值,EconomicObservation,indicator-gdp-tertiary,region-zhejiang,period-2008-Q3,6336.8,亿元,11.5,quarter,source-tertiary-xlsx,provided,季度累计值
obs-gdp-primary-2008-Q4,Observation,2008-Q4第一产业增加值,EconomicObservation,indicator-gdp-primary,region-zhejiang,period-2008-Q4,1095.4,亿元,3.9,quarter,source-primary-xlsx,provided,季度累计值
obs-gdp-secondary-2008-Q4,Observation,2008-Q4第二产业增加值,EconomicObservation,indicator-gdp-secondary,region-zhejiang,period-2008-Q4,11580.3,亿元,9.4,quarter,source-secondary-xlsx,provided,季度累计值
obs-gdp-tertiary-2008-Q4,Observation,2008-Q4第三产业增加值,EconomicObservation,indicator-gdp-tertiary,region-zhejiang,period-2008-Q4,8811.2,亿元,11.8,quarter,source-tertiary-xlsx,provided,季度累计值
obs-gdp-primary-2009-Q1,Observation,2009-Q1第一产业增加值,EconomicObservation,indicator-gdp-primary,region-zhejiang,period-2009-Q1,170.9,亿元,2,quarter,source-primary-xlsx,provided,季度累计值
obs-gdp-secondary-2009-Q1,Observation,2009-Q1第二产业增加值,EconomicObservation,indicator-gdp-secondary,region-zhejiang,period-2009-Q1,2315.4,亿元,-3,quarter,source-secondary-xlsx,provided,季度累计值
obs-gdp-tertiary-2009-Q1,Observation,2009-Q1第三产业增加值,EconomicObservation,indicator-gdp-tertiary,region-zhejiang,period-2009-Q1,2145.8,亿元,11.4,quarter,source-tertiary-xlsx,provided,季度累计值
obs-gdp-primary-2009-Q2,Observation,2009-Q2第一产业增加值,EconomicObservation,indicator-gdp-primary,region-zhejiang,period-2009-Q2,432.9,亿元,0.7,quarter,source-primary-xlsx,provided,季度累计值
obs-gdp-secondary-2009-Q2,Observation,2009-Q2第二产业增加值,EconomicObservation,indicator-gdp-secondary,region-zhejiang,period-2009-Q2,5067.5,亿元,1.9,quarter,source-secondary-xlsx,provided,季度累计值
obs-gdp-tertiary-2009-Q2,Observation,2009-Q2第三产业增加值,EconomicObservation,indicator-gdp-tertiary,region-zhejiang,period-2009-Q2,4543.1,亿元,12.2,quarter,source-tertiary-xlsx,provided,季度累计值
obs-gdp-primary-2009-Q3,Observation,2009-Q3第一产业增加值,EconomicObservation,indicator-gdp-primary,region-zhejiang,period-2009-Q3,694.4,亿元,1.8,quarter,source-primary-xlsx,provided,季度累计值
obs-gdp-secondary-2009-Q3,Observation,2009-Q3第二产业增加值,EconomicObservation,indicator-gdp-secondary,region-zhejiang,period-2009-Q3,8160.5,亿元,4.5,quarter,source-secondary-xlsx,provided,季度累计值
obs-gdp-tertiary-2009-Q3,Observation,2009-Q3第三产业增加值,EconomicObservation,indicator-gdp-tertiary,region-zhejiang,period-2009-Q3,6973.2,亿元,12.5,quarter,source-tertiary-xlsx,provided,季度累计值
obs-gdp-primary-2009-Q4,Observation,2009-Q4第一产业增加值,EconomicObservation,indicator-gdp-primary,region-zhejiang,period-2009-Q4,1161.65,亿元,2.3,quarter,source-primary-xlsx,provided,季度累计值
obs-gdp-secondary-2009-Q4,Observation,2009-Q4第二产业增加值,EconomicObservation,indicator-gdp-secondary,region-zhejiang,period-2009-Q4,11843.3,亿元,6.8,quarter,source-secondary-xlsx,provided,季度累计值
obs-gdp-tertiary-2009-Q4,Observation,2009-Q4第三产业增加值,EconomicObservation,indicator-gdp-tertiary,region-zhejiang,period-2009-Q4,9827.48,亿元,12.5,quarter,source-tertiary-xlsx,provided,季度累计值
obs-gdp-primary-2010-Q1,Observation,2010-Q1第一产业增加值,EconomicObservation,indicator-gdp-primary,region-zhejiang,period-2010-Q1,185.3,亿元,3.3,quarter,source-primary-xlsx,provided,季度累计值
obs-gdp-secondary-2010-Q1,Observation,2010-Q1第二产业增加值,EconomicObservation,indicator-gdp-secondary,region-zhejiang,period-2010-Q1,2676.5,亿元,18.6,quarter,source-secondary-xlsx,provided,季度累计值
obs-gdp-tertiary-2010-Q1,Observation,2010-Q1第三产业增加值,EconomicObservation,indicator-gdp-tertiary,region-zhejiang,period-2010-Q1,2501.5,亿元,12.3,quarter,source-tertiary-xlsx,provided,季度累计值
obs-gdp-primary-2010-Q2,Observation,2010-Q2第一产业增加值,EconomicObservation,indicator-gdp-primary,region-zhejiang,period-2010-Q2,506.8,亿元,2,quarter,source-primary-xlsx,provided,季度累计值
obs-gdp-secondary-2010-Q2,Observation,2010-Q2第二产业增加值,EconomicObservation,indicator-gdp-secondary,region-zhejiang,period-2010-Q2,6129.67,亿元,16.5,quarter,source-secondary-xlsx,provided,季度累计值
obs-gdp-tertiary-2010-Q2,Observation,2010-Q2第三产业增加值,EconomicObservation,indicator-gdp-tertiary,region-zhejiang,period-2010-Q2,5356.61,亿元,11.4,quarter,source-tertiary-xlsx,provided,季度累计值
obs-gdp-primary-2010-Q3,Observation,2010-Q3第一产业增加值,EconomicObservation,indicator-gdp-primary,region-zhejiang,period-2010-Q3,809.8,亿元,3.2,quarter,source-primary-xlsx,provided,季度累计值
obs-gdp-secondary-2010-Q3,Observation,2010-Q3第二产业增加值,EconomicObservation,indicator-gdp-secondary,region-zhejiang,period-2010-Q3,9723.4,亿元,14.3,quarter,source-secondary-xlsx,provided,季度累计值
obs-gdp-tertiary-2010-Q3,Observation,2010-Q3第三产业增加值,EconomicObservation,indicator-gdp-tertiary,region-zhejiang,period-2010-Q3,8231.9,亿元,11.3,quarter,source-tertiary-xlsx,provided,季度累计值
obs-gdp-primary-2010-Q4,Observation,2010-Q4第一产业增加值,EconomicObservation,indicator-gdp-primary,region-zhejiang,period-2010-Q4,1360.7,亿元,3.2,quarter,source-primary-xlsx,provided,季度累计值
obs-gdp-secondary-2010-Q4,Observation,2010-Q4第二产业增加值,EconomicObservation,indicator-gdp-secondary,region-zhejiang,period-2010-Q4,14121.3,亿元,12.3,quarter,source-secondary-xlsx,provided,季度累计值
obs-gdp-tertiary-2010-Q4,Observation,2010-Q4第三产业增加值,EconomicObservation,indicator-gdp-tertiary,region-zhejiang,period-2010-Q4,11744.8,亿元,12.1,quarter,source-tertiary-xlsx,provided,季度累计值
obs-gdp-primary-2011-Q1,Observation,2011-Q1第一产业增加值,EconomicObservation,indicator-gdp-primary,region-zhejiang,period-2011-Q1,215.06,亿元,3.1,quarter,source-primary-xlsx,provided,季度累计值
obs-gdp-secondary-2011-Q1,Observation,2011-Q1第二产业增加值,EconomicObservation,indicator-gdp-secondary,region-zhejiang,period-2011-Q1,3167.51,亿元,10.8,quarter,source-secondary-xlsx,provided,季度累计值
obs-gdp-tertiary-2011-Q1,Observation,2011-Q1第三产业增加值,EconomicObservation,indicator-gdp-tertiary,region-zhejiang,period-2011-Q1,2928.67,亿元,10.5,quarter,source-tertiary-xlsx,provided,季度累计值
obs-gdp-primary-2011-Q2,Observation,2011-Q2第一产业增加值,EconomicObservation,indicator-gdp-primary,region-zhejiang,period-2011-Q2,593.4,亿元,3,quarter,source-primary-xlsx,provided,季度累计值
obs-gdp-secondary-2011-Q2,Observation,2011-Q2第二产业增加值,EconomicObservation,indicator-gdp-secondary,region-zhejiang,period-2011-Q2,7600.2,亿元,10.1,quarter,source-secondary-xlsx,provided,季度累计值
obs-gdp-tertiary-2011-Q2,Observation,2011-Q2第三产业增加值,EconomicObservation,indicator-gdp-tertiary,region-zhejiang,period-2011-Q2,6460,亿元,10.3,quarter,source-tertiary-xlsx,provided,季度累计值
obs-gdp-primary-2011-Q3,Observation,2011-Q3第一产业增加值,EconomicObservation,indicator-gdp-primary,region-zhejiang,period-2011-Q3,951.6,亿元,3,quarter,source-primary-xlsx,provided,季度累计值
obs-gdp-secondary-2011-Q3,Observation,2011-Q3第二产业增加值,EconomicObservation,indicator-gdp-secondary,region-zhejiang,period-2011-Q3,11683.7,亿元,9.7,quarter,source-secondary-xlsx,provided,季度累计值
obs-gdp-tertiary-2011-Q3,Observation,2011-Q3第三产业增加值,EconomicObservation,indicator-gdp-tertiary,region-zhejiang,period-2011-Q3,9992.1,亿元,9.7,quarter,source-tertiary-xlsx,provided,季度累计值
obs-gdp-primary-2011-Q4,Observation,2011-Q4第一产业增加值,EconomicObservation,indicator-gdp-primary,region-zhejiang,period-2011-Q4,1580.6,亿元,3.6,quarter,source-primary-xlsx,provided,季度累计值
obs-gdp-secondary-2011-Q4,Observation,2011-Q4第二产业增加值,EconomicObservation,indicator-gdp-secondary,region-zhejiang,period-2011-Q4,16404.2,亿元,9.1,quarter,source-secondary-xlsx,provided,季度累计值
obs-gdp-tertiary-2011-Q4,Observation,2011-Q4第三产业增加值,EconomicObservation,indicator-gdp-tertiary,region-zhejiang,period-2011-Q4,14015.4,亿元,9.4,quarter,source-tertiary-xlsx,provided,季度累计值
obs-gdp-primary-2012-Q1,Observation,2012-Q1第一产业增加值,EconomicObservation,indicator-gdp-primary,region-zhejiang,period-2012-Q1,242.7,亿元,0.8,quarter,source-primary-xlsx,provided,季度累计值
obs-gdp-secondary-2012-Q1,Observation,2012-Q1第二产业增加值,EconomicObservation,indicator-gdp-secondary,region-zhejiang,period-2012-Q1,3344.2,亿元,6.4,quarter,source-secondary-xlsx,provided,季度累计值
obs-gdp-tertiary-2012-Q1,Observation,2012-Q1第三产业增加值,EconomicObservation,indicator-gdp-tertiary,region-zhejiang,period-2012-Q1,3137.8,亿元,8.2,quarter,source-tertiary-xlsx,provided,季度累计值
obs-gdp-primary-2012-Q2,Observation,2012-Q2第一产业增加值,EconomicObservation,indicator-gdp-primary,region-zhejiang,period-2012-Q2,655.7,亿元,2.1,quarter,source-primary-xlsx,provided,季度累计值
obs-gdp-secondary-2012-Q2,Observation,2012-Q2第二产业增加值,EconomicObservation,indicator-gdp-secondary,region-zhejiang,period-2012-Q2,8005.9,亿元,6.5,quarter,source-secondary-xlsx,provided,季度累计值
obs-gdp-tertiary-2012-Q2,Observation,2012-Q2第三产业增加值,EconomicObservation,indicator-gdp-tertiary,region-zhejiang,period-2012-Q2,7128.8,亿元,8.8,quarter,source-tertiary-xlsx,provided,季度累计值
obs-gdp-primary-2012-Q3,Observation,2012-Q3第一产业增加值,EconomicObservation,indicator-gdp-primary,region-zhejiang,period-2012-Q3,1029.4,亿元,2.1,quarter,source-primary-xlsx,provided,季度累计值
obs-gdp-secondary-2012-Q3,Observation,2012-Q3第二产业增加值,EconomicObservation,indicator-gdp-secondary,region-zhejiang,period-2012-Q3,12269,亿元,6.8,quarter,source-secondary-xlsx,provided,季度累计值
obs-gdp-tertiary-2012-Q3,Observation,2012-Q3第三产业增加值,EconomicObservation,indicator-gdp-tertiary,region-zhejiang,period-2012-Q3,10916.5,亿元,9.2,quarter,source-tertiary-xlsx,provided,季度累计值
obs-gdp-primary-2012-Q4,Observation,2012-Q4第一产业增加值,EconomicObservation,indicator-gdp-primary,region-zhejiang,period-2012-Q4,1669.5,亿元,2,quarter,source-primary-xlsx,provided,季度累计值
obs-gdp-secondary-2012-Q4,Observation,2012-Q4第二产业增加值,EconomicObservation,indicator-gdp-secondary,region-zhejiang,period-2012-Q4,17312.4,亿元,7.3,quarter,source-secondary-xlsx,provided,季度累计值
obs-gdp-tertiary-2012-Q4,Observation,2012-Q4第三产业增加值,EconomicObservation,indicator-gdp-tertiary,region-zhejiang,period-2012-Q4,15624.4,亿元,9.3,quarter,source-tertiary-xlsx,provided,季度累计值
obs-gdp-primary-2013-Q1,Observation,2013-Q1第一产业增加值,EconomicObservation,indicator-gdp-primary,region-zhejiang,period-2013-Q1,258.3,亿元,2.6,quarter,source-primary-xlsx,provided,季度累计值
obs-gdp-secondary-2013-Q1,Observation,2013-Q1第二产业增加值,EconomicObservation,indicator-gdp-secondary,region-zhejiang,period-2013-Q1,3556.6,亿元,8.6,quarter,source-secondary-xlsx,provided,季度累计值
obs-gdp-tertiary-2013-Q1,Observation,2013-Q1第三产业增加值,EconomicObservation,indicator-gdp-tertiary,region-zhejiang,period-2013-Q1,3446.7,亿元,8.2,quarter,source-tertiary-xlsx,provided,季度累计值
obs-gdp-primary-2013-Q2,Observation,2013-Q2第一产业增加值,EconomicObservation,indicator-gdp-primary,region-zhejiang,period-2013-Q2,679.9,亿元,2.4,quarter,source-primary-xlsx,provided,季度累计值
obs-gdp-secondary-2013-Q2,Observation,2013-Q2第二产业增加值,EconomicObservation,indicator-gdp-secondary,region-zhejiang,period-2013-Q2,8440.3,亿元,8.9,quarter,source-secondary-xlsx,provided,季度累计值
obs-gdp-tertiary-2013-Q2,Observation,2013-Q2第三产业增加值,EconomicObservation,indicator-gdp-tertiary,region-zhejiang,period-2013-Q2,7833.7,亿元,8.1,quarter,source-tertiary-xlsx,provided,季度累计值
obs-gdp-primary-2013-Q3,Observation,2013-Q3第一产业增加值,EconomicObservation,indicator-gdp-primary,region-zhejiang,period-2013-Q3,1074.5,亿元,1.8,quarter,source-primary-xlsx,provided,季度累计值
obs-gdp-secondary-2013-Q3,Observation,2013-Q3第二产业增加值,EconomicObservation,indicator-gdp-secondary,region-zhejiang,period-2013-Q3,13057.6,亿元,8.5,quarter,source-secondary-xlsx,provided,季度累计值
obs-gdp-tertiary-2013-Q3,Observation,2013-Q3第三产业增加值,EconomicObservation,indicator-gdp-tertiary,region-zhejiang,period-2013-Q3,12063,亿元,8.5,quarter,source-tertiary-xlsx,provided,季度累计值
obs-gdp-primary-2013-Q4,Observation,2013-Q4第一产业增加值,EconomicObservation,indicator-gdp-primary,region-zhejiang,period-2013-Q4,1784.62,亿元,0.4,quarter,source-primary-xlsx,provided,季度累计值
obs-gdp-secondary-2013-Q4,Observation,2013-Q4第二产业增加值,EconomicObservation,indicator-gdp-secondary,region-zhejiang,period-2013-Q4,18446.65,亿元,8.4,quarter,source-secondary-xlsx,provided,季度累计值
obs-gdp-tertiary-2013-Q4,Observation,2013-Q4第三产业增加值,EconomicObservation,indicator-gdp-tertiary,region-zhejiang,period-2013-Q4,17337.22,亿元,8.7,quarter,source-tertiary-xlsx,provided,季度累计值
obs-gdp-primary-2014-Q1,Observation,2014-Q1第一产业增加值,EconomicObservation,indicator-gdp-primary,region-zhejiang,period-2014-Q1,274.21,亿元,0.3,quarter,source-primary-xlsx,provided,季度累计值
obs-gdp-secondary-2014-Q1,Observation,2014-Q1第二产业增加值,EconomicObservation,indicator-gdp-secondary,region-zhejiang,period-2014-Q1,3744.93,亿元,6.5,quarter,source-secondary-xlsx,provided,季度累计值
obs-gdp-tertiary-2014-Q1,Observation,2014-Q1第三产业增加值,EconomicObservation,indicator-gdp-tertiary,region-zhejiang,period-2014-Q1,3749.32,亿元,7.9,quarter,source-tertiary-xlsx,provided,季度累计值
obs-gdp-primary-2014-Q2,Observation,2014-Q2第一产业增加值,EconomicObservation,indicator-gdp-primary,region-zhejiang,period-2014-Q2,755.2,亿元,0.9,quarter,source-primary-xlsx,provided,季度累计值
obs-gdp-secondary-2014-Q2,Observation,2014-Q2第二产业增加值,EconomicObservation,indicator-gdp-secondary,region-zhejiang,period-2014-Q2,8915.35,亿元,6.5,quarter,source-secondary-xlsx,provided,季度累计值
obs-gdp-tertiary-2014-Q2,Observation,2014-Q2第三产业增加值,EconomicObservation,indicator-gdp-tertiary,region-zhejiang,period-2014-Q2,8307.66,亿元,8.4,quarter,source-tertiary-xlsx,provided,季度累计值
obs-gdp-primary-2014-Q3,Observation,2014-Q3第一产业增加值,EconomicObservation,indicator-gdp-primary,region-zhejiang,period-2014-Q3,1153.41,亿元,1.1,quarter,source-primary-xlsx,provided,季度累计值
obs-gdp-secondary-2014-Q3,Observation,2014-Q3第二产业增加值,EconomicObservation,indicator-gdp-secondary,region-zhejiang,period-2014-Q3,13849.62,亿元,6.9,quarter,source-secondary-xlsx,provided,季度累计值
obs-gdp-tertiary-2014-Q3,Observation,2014-Q3第三产业增加值,EconomicObservation,indicator-gdp-tertiary,region-zhejiang,period-2014-Q3,12819.16,亿元,8.4,quarter,source-tertiary-xlsx,provided,季度累计值
obs-gdp-primary-2014-Q4,Observation,2014-Q4第一产业增加值,EconomicObservation,indicator-gdp-primary,region-zhejiang,period-2014-Q4,1779.26,亿元,1.4,quarter,source-primary-xlsx,provided,季度累计值
obs-gdp-secondary-2014-Q4,Observation,2014-Q4第二产业增加值,EconomicObservation,indicator-gdp-secondary,region-zhejiang,period-2014-Q4,19152.73,亿元,7.1,quarter,source-secondary-xlsx,provided,季度累计值
obs-gdp-tertiary-2014-Q4,Observation,2014-Q4第三产业增加值,EconomicObservation,indicator-gdp-tertiary,region-zhejiang,period-2014-Q4,19221.51,亿元,8.7,quarter,source-tertiary-xlsx,provided,季度累计值
obs-gdp-primary-2015-Q1,Observation,2015-Q1第一产业增加值,EconomicObservation,indicator-gdp-primary,region-zhejiang,period-2015-Q1,278.19,亿元,1.1,quarter,source-primary-xlsx,provided,季度累计值
obs-gdp-secondary-2015-Q1,Observation,2015-Q1第二产业增加值,EconomicObservation,indicator-gdp-secondary,region-zhejiang,period-2015-Q1,3772.22,亿元,6,quarter,source-secondary-xlsx,provided,季度累计值
obs-gdp-tertiary-2015-Q1,Observation,2015-Q1第三产业增加值,EconomicObservation,indicator-gdp-tertiary,region-zhejiang,period-2015-Q1,4291.97,亿元,10.8,quarter,source-tertiary-xlsx,provided,季度累计值
obs-gdp-primary-2015-Q2,Observation,2015-Q2第一产业增加值,EconomicObservation,indicator-gdp-primary,region-zhejiang,period-2015-Q2,763.3,亿元,1.2,quarter,source-primary-xlsx,provided,季度累计值
obs-gdp-secondary-2015-Q2,Observation,2015-Q2第二产业增加值,EconomicObservation,indicator-gdp-secondary,region-zhejiang,period-2015-Q2,8870.56,亿元,5.8,quarter,source-secondary-xlsx,provided,季度累计值
obs-gdp-tertiary-2015-Q2,Observation,2015-Q2第三产业增加值,EconomicObservation,indicator-gdp-tertiary,region-zhejiang,period-2015-Q2,9646.83,亿元,11.4,quarter,source-tertiary-xlsx,provided,季度累计值
obs-gdp-primary-2015-Q3,Observation,2015-Q3第一产业增加值,EconomicObservation,indicator-gdp-primary,region-zhejiang,period-2015-Q3,1161.16,亿元,1.1,quarter,source-primary-xlsx,provided,季度累计值
obs-gdp-secondary-2015-Q3,Observation,2015-Q3第二产业增加值,EconomicObservation,indicator-gdp-secondary,region-zhejiang,period-2015-Q3,13664.82,亿元,5.4,quarter,source-secondary-xlsx,provided,季度累计值
obs-gdp-tertiary-2015-Q3,Observation,2015-Q3第三产业增加值,EconomicObservation,indicator-gdp-tertiary,region-zhejiang,period-2015-Q3,14858.25,亿元,11.3,quarter,source-tertiary-xlsx,provided,季度累计值
obs-gdp-primary-2015-Q4,Observation,2015-Q4第一产业增加值,EconomicObservation,indicator-gdp-primary,region-zhejiang,period-2015-Q4,1832.8,亿元,1.5,quarter,source-primary-xlsx,provided,季度累计值
obs-gdp-secondary-2015-Q4,Observation,2015-Q4第二产业增加值,EconomicObservation,indicator-gdp-secondary,region-zhejiang,period-2015-Q4,19707.09,亿元,5.4,quarter,source-secondary-xlsx,provided,季度累计值
obs-gdp-tertiary-2015-Q4,Observation,2015-Q4第三产业增加值,EconomicObservation,indicator-gdp-tertiary,region-zhejiang,period-2015-Q4,21346.6,亿元,11.3,quarter,source-tertiary-xlsx,provided,季度累计值
obs-gdp-primary-2016-Q1,Observation,2016-Q1第一产业增加值,EconomicObservation,indicator-gdp-primary,region-zhejiang,period-2016-Q1,301.8,亿元,1.2,quarter,source-primary-xlsx,provided,季度累计值
obs-gdp-secondary-2016-Q1,Observation,2016-Q1第二产业增加值,EconomicObservation,indicator-gdp-secondary,region-zhejiang,period-2016-Q1,3979.02,亿元,5,quarter,source-secondary-xlsx,provided,季度累计值
obs-gdp-tertiary-2016-Q1,Observation,2016-Q1第三产业增加值,EconomicObservation,indicator-gdp-tertiary,region-zhejiang,period-2016-Q1,5075.38,亿元,9.5,quarter,source-tertiary-xlsx,provided,季度累计值
obs-gdp-primary-2016-Q2,Observation,2016-Q2第一产业增加值,EconomicObservation,indicator-gdp-primary,region-zhejiang,period-2016-Q2,832.49,亿元,1.7,quarter,source-primary-xlsx,provided,季度累计值
obs-gdp-secondary-2016-Q2,Observation,2016-Q2第二产业增加值,EconomicObservation,indicator-gdp-secondary,region-zhejiang,period-2016-Q2,9113.78,亿元,6.1,quarter,source-secondary-xlsx,provided,季度累计值
obs-gdp-tertiary-2016-Q2,Observation,2016-Q2第三产业增加值,EconomicObservation,indicator-gdp-tertiary,region-zhejiang,period-2016-Q2,10816.06,亿元,9.7,quarter,source-tertiary-xlsx,provided,季度累计值
obs-gdp-primary-2016-Q3,Observation,2016-Q3第一产业增加值,EconomicObservation,indicator-gdp-primary,region-zhejiang,period-2016-Q3,1251.14,亿元,2.5,quarter,source-primary-xlsx,provided,季度累计值
obs-gdp-secondary-2016-Q3,Observation,2016-Q3第二产业增加值,EconomicObservation,indicator-gdp-secondary,region-zhejiang,period-2016-Q3,14329.73,亿元,6.2,quarter,source-secondary-xlsx,provided,季度累计值
obs-gdp-tertiary-2016-Q3,Observation,2016-Q3第三产业增加值,EconomicObservation,indicator-gdp-tertiary,region-zhejiang,period-2016-Q3,16653.46,亿元,9.2,quarter,source-tertiary-xlsx,provided,季度累计值
obs-gdp-primary-2016-Q4,Observation,2016-Q4第一产业增加值,EconomicObservation,indicator-gdp-primary,region-zhejiang,period-2016-Q4,1966.54,亿元,2.7,quarter,source-primary-xlsx,provided,季度累计值
obs-gdp-secondary-2016-Q4,Observation,2016-Q4第二产业增加值,EconomicObservation,indicator-gdp-secondary,region-zhejiang,period-2016-Q4,20517.83,亿元,5.8,quarter,source-secondary-xlsx,provided,季度累计值
obs-gdp-tertiary-2016-Q4,Observation,2016-Q4第三产业增加值,EconomicObservation,indicator-gdp-tertiary,region-zhejiang,period-2016-Q4,24000.61,亿元,9.4,quarter,source-tertiary-xlsx,provided,季度累计值
obs-gdp-primary-2017-Q1,Observation,2017-Q1第一产业增加值,EconomicObservation,indicator-gdp-primary,region-zhejiang,period-2017-Q1,297.08,亿元,1.1,quarter,source-primary-xlsx,provided,季度累计值
obs-gdp-secondary-2017-Q1,Observation,2017-Q1第二产业增加值,EconomicObservation,indicator-gdp-secondary,region-zhejiang,period-2017-Q1,4436,亿元,6.1,quarter,source-secondary-xlsx,provided,季度累计值
obs-gdp-tertiary-2017-Q1,Observation,2017-Q1第三产业增加值,EconomicObservation,indicator-gdp-tertiary,region-zhejiang,period-2017-Q1,5818.85,亿元,10,quarter,source-tertiary-xlsx,provided,季度累计值
obs-gdp-primary-2017-Q2,Observation,2017-Q2第一产业增加值,EconomicObservation,indicator-gdp-primary,region-zhejiang,period-2017-Q2,820.48,亿元,1.5,quarter,source-primary-xlsx,provided,季度累计值
obs-gdp-secondary-2017-Q2,Observation,2017-Q2第二产业增加值,EconomicObservation,indicator-gdp-secondary,region-zhejiang,period-2017-Q2,10174.91,亿元,6.6,quarter,source-secondary-xlsx,provided,季度累计值
obs-gdp-tertiary-2017-Q2,Observation,2017-Q2第三产业增加值,EconomicObservation,indicator-gdp-tertiary,region-zhejiang,period-2017-Q2,12387.82,亿元,9.8,quarter,source-tertiary-xlsx,provided,季度累计值
obs-gdp-primary-2017-Q3,Observation,2017-Q3第一产业增加值,EconomicObservation,indicator-gdp-primary,region-zhejiang,period-2017-Q3,1247.79,亿元,1.9,quarter,source-primary-xlsx,provided,季度累计值
obs-gdp-secondary-2017-Q3,Observation,2017-Q3第二产业增加值,EconomicObservation,indicator-gdp-secondary,region-zhejiang,period-2017-Q3,16663.59,亿元,7.3,quarter,source-secondary-xlsx,provided,季度累计值
obs-gdp-tertiary-2017-Q3,Observation,2017-Q3第三产业增加值,EconomicObservation,indicator-gdp-tertiary,region-zhejiang,period-2017-Q3,19046.65,亿元,9.3,quarter,source-tertiary-xlsx,provided,季度累计值
obs-gdp-primary-2017-Q4,Observation,2017-Q4第一产业增加值,EconomicObservation,indicator-gdp-primary,region-zhejiang,period-2017-Q4,2017.43,亿元,2.8,quarter,source-primary-xlsx,provided,季度累计值
obs-gdp-secondary-2017-Q4,Observation,2017-Q4第二产业增加值,EconomicObservation,indicator-gdp-secondary,region-zhejiang,period-2017-Q4,22471.52,亿元,7,quarter,source-secondary-xlsx,provided,季度累计值
obs-gdp-tertiary-2017-Q4,Observation,2017-Q4第三产业增加值,EconomicObservation,indicator-gdp-tertiary,region-zhejiang,period-2017-Q4,27279.31,亿元,8.8,quarter,source-tertiary-xlsx,provided,季度累计值
obs-gdp-primary-2018-Q1,Observation,2018-Q1第一产业增加值,EconomicObservation,indicator-gdp-primary,region-zhejiang,period-2018-Q1,303.4,亿元,1.4,quarter,source-primary-xlsx,provided,季度累计值
obs-gdp-secondary-2018-Q1,Observation,2018-Q1第二产业增加值,EconomicObservation,indicator-gdp-secondary,region-zhejiang,period-2018-Q1,4837.46,亿元,6.9,quarter,source-secondary-xlsx,provided,季度累计值
obs-gdp-tertiary-2018-Q1,Observation,2018-Q1第三产业增加值,EconomicObservation,indicator-gdp-tertiary,region-zhejiang,period-2018-Q1,6550.62,亿元,8.1,quarter,source-tertiary-xlsx,provided,季度累计值
obs-gdp-primary-2018-Q2,Observation,2018-Q2第一产业增加值,EconomicObservation,indicator-gdp-primary,region-zhejiang,period-2018-Q2,804.9,亿元,1.5,quarter,source-primary-xlsx,provided,季度累计值
obs-gdp-secondary-2018-Q2,Observation,2018-Q2第二产业增加值,EconomicObservation,indicator-gdp-secondary,region-zhejiang,period-2018-Q2,10952.88,亿元,7.4,quarter,source-secondary-xlsx,provided,季度累计值
obs-gdp-tertiary-2018-Q2,Observation,2018-Q2第三产业增加值,EconomicObservation,indicator-gdp-tertiary,region-zhejiang,period-2018-Q2,13916.49,亿元,8.1,quarter,source-tertiary-xlsx,provided,季度累计值
obs-gdp-primary-2018-Q3,Observation,2018-Q3第一产业增加值,EconomicObservation,indicator-gdp-primary,region-zhejiang,period-2018-Q3,1233.01,亿元,1.8,quarter,source-primary-xlsx,provided,季度累计值
obs-gdp-secondary-2018-Q3,Observation,2018-Q3第二产业增加值,EconomicObservation,indicator-gdp-secondary,region-zhejiang,period-2018-Q3,16923.11,亿元,7.2,quarter,source-secondary-xlsx,provided,季度累计值
obs-gdp-tertiary-2018-Q3,Observation,2018-Q3第三产业增加值,EconomicObservation,indicator-gdp-tertiary,region-zhejiang,period-2018-Q3,21639.5,亿元,8,quarter,source-tertiary-xlsx,provided,季度累计值
obs-gdp-primary-2018-Q4,Observation,2018-Q4第一产业增加值,EconomicObservation,indicator-gdp-primary,region-zhejiang,period-2018-Q4,1967.01,亿元,1.9,quarter,source-primary-xlsx,provided,季度累计值
obs-gdp-secondary-2018-Q4,Observation,2018-Q4第二产业增加值,EconomicObservation,indicator-gdp-secondary,region-zhejiang,period-2018-Q4,23505.88,亿元,6.7,quarter,source-secondary-xlsx,provided,季度累计值
obs-gdp-tertiary-2018-Q4,Observation,2018-Q4第三产业增加值,EconomicObservation,indicator-gdp-tertiary,region-zhejiang,period-2018-Q4,30724.26,亿元,7.8,quarter,source-tertiary-xlsx,provided,季度累计值
obs-gdp-primary-2019-Q1,Observation,2019-Q1第一产业增加值,EconomicObservation,indicator-gdp-primary,region-zhejiang,period-2019-Q1,311.11,亿元,1.5,quarter,source-primary-xlsx,provided,季度累计值
obs-gdp-secondary-2019-Q1,Observation,2019-Q1第二产业增加值,EconomicObservation,indicator-gdp-secondary,region-zhejiang,period-2019-Q1,5232.88,亿元,7.9,quarter,source-secondary-xlsx,provided,季度累计值
obs-gdp-tertiary-2019-Q1,Observation,2019-Q1第三产业增加值,EconomicObservation,indicator-gdp-tertiary,region-zhejiang,period-2019-Q1,7540.08,亿元,7.8,quarter,source-tertiary-xlsx,provided,季度累计值
obs-gdp-primary-2019-Q2,Observation,2019-Q2第一产业增加值,EconomicObservation,indicator-gdp-primary,region-zhejiang,period-2019-Q2,872.46,亿元,1.6,quarter,source-primary-xlsx,provided,季度累计值
obs-gdp-secondary-2019-Q2,Observation,2019-Q2第二产业增加值,EconomicObservation,indicator-gdp-secondary,region-zhejiang,period-2019-Q2,11594.5,亿元,6.1,quarter,source-secondary-xlsx,provided,季度累计值
obs-gdp-tertiary-2019-Q2,Observation,2019-Q2第三产业增加值,EconomicObservation,indicator-gdp-tertiary,region-zhejiang,period-2019-Q2,15789.37,亿元,8.3,quarter,source-tertiary-xlsx,provided,季度累计值
obs-gdp-primary-2019-Q3,Observation,2019-Q3第一产业增加值,EconomicObservation,indicator-gdp-primary,region-zhejiang,period-2019-Q3,1330.26,亿元,1.7,quarter,source-primary-xlsx,provided,季度累计值
obs-gdp-secondary-2019-Q3,Observation,2019-Q3第二产业增加值,EconomicObservation,indicator-gdp-secondary,region-zhejiang,period-2019-Q3,17837.72,亿元,5.7,quarter,source-secondary-xlsx,provided,季度累计值
obs-gdp-tertiary-2019-Q3,Observation,2019-Q3第三产业增加值,EconomicObservation,indicator-gdp-tertiary,region-zhejiang,period-2019-Q3,24030.54,亿元,7.6,quarter,source-tertiary-xlsx,provided,季度累计值
obs-gdp-primary-2019-Q4,Observation,2019-Q4第一产业增加值,EconomicObservation,indicator-gdp-primary,region-zhejiang,period-2019-Q4,2097.38,亿元,2,quarter,source-primary-xlsx,provided,季度累计值
obs-gdp-secondary-2019-Q4,Observation,2019-Q4第二产业增加值,EconomicObservation,indicator-gdp-secondary,region-zhejiang,period-2019-Q4,26566.6,亿元,5.9,quarter,source-secondary-xlsx,provided,季度累计值
obs-gdp-tertiary-2019-Q4,Observation,2019-Q4第三产业增加值,EconomicObservation,indicator-gdp-tertiary,region-zhejiang,period-2019-Q4,33687.76,亿元,7.8,quarter,source-tertiary-xlsx,provided,季度累计值
obs-gdp-primary-2020-Q1,Observation,2020-Q1第一产业增加值,EconomicObservation,indicator-gdp-primary,region-zhejiang,period-2020-Q1,334.99,亿元,-0.7,quarter,source-primary-xlsx,provided,季度累计值
obs-gdp-secondary-2020-Q1,Observation,2020-Q1第二产业增加值,EconomicObservation,indicator-gdp-secondary,region-zhejiang,period-2020-Q1,4930.22,亿元,-11,quarter,source-secondary-xlsx,provided,季度累计值
obs-gdp-tertiary-2020-Q1,Observation,2020-Q1第三产业增加值,EconomicObservation,indicator-gdp-tertiary,region-zhejiang,period-2020-Q1,7848.78,亿元,-1.5,quarter,source-tertiary-xlsx,provided,季度累计值
obs-gdp-primary-2020-Q2,Observation,2020-Q2第一产业增加值,EconomicObservation,indicator-gdp-primary,region-zhejiang,period-2020-Q2,913.59,亿元,1.3,quarter,source-primary-xlsx,provided,季度累计值
obs-gdp-secondary-2020-Q2,Observation,2020-Q2第二产业增加值,EconomicObservation,indicator-gdp-secondary,region-zhejiang,period-2020-Q2,11620.02,亿元,-2,quarter,source-secondary-xlsx,provided,季度累计值
obs-gdp-tertiary-2020-Q2,Observation,2020-Q2第三产业增加值,EconomicObservation,indicator-gdp-tertiary,region-zhejiang,period-2020-Q2,16553.03,亿元,2.5,quarter,source-tertiary-xlsx,provided,季度累计值
obs-gdp-primary-2020-Q3,Observation,2020-Q3第一产业增加值,EconomicObservation,indicator-gdp-primary,region-zhejiang,period-2020-Q3,1389.18,亿元,1.4,quarter,source-primary-xlsx,provided,季度累计值
obs-gdp-secondary-2020-Q3,Observation,2020-Q3第二产业增加值,EconomicObservation,indicator-gdp-secondary,region-zhejiang,period-2020-Q3,18578.54,亿元,1,quarter,source-secondary-xlsx,provided,季度累计值
obs-gdp-tertiary-2020-Q3,Observation,2020-Q3第三产业增加值,EconomicObservation,indicator-gdp-tertiary,region-zhejiang,period-2020-Q3,25858.2,亿元,3.4,quarter,source-tertiary-xlsx,provided,季度累计值
obs-gdp-primary-2020-Q4,Observation,2020-Q4第一产业增加值,EconomicObservation,indicator-gdp-primary,region-zhejiang,period-2020-Q4,2169.23,亿元,1.3,quarter,source-primary-xlsx,provided,季度累计值
obs-gdp-secondary-2020-Q4,Observation,2020-Q4第二产业增加值,EconomicObservation,indicator-gdp-secondary,region-zhejiang,period-2020-Q4,26412.95,亿元,3.1,quarter,source-secondary-xlsx,provided,季度累计值
obs-gdp-tertiary-2020-Q4,Observation,2020-Q4第三产业增加值,EconomicObservation,indicator-gdp-tertiary,region-zhejiang,period-2020-Q4,36031.16,亿元,4.1,quarter,source-tertiary-xlsx,provided,季度累计值
obs-gdp-primary-2021-Q1,Observation,2021-Q1第一产业增加值,EconomicObservation,indicator-gdp-primary,region-zhejiang,period-2021-Q1,337.17,亿元,2.8,quarter,source-primary-xlsx,provided,季度累计值
obs-gdp-secondary-2021-Q1,Observation,2021-Q1第二产业增加值,EconomicObservation,indicator-gdp-secondary,region-zhejiang,period-2021-Q1,6381.82,亿元,27.1,quarter,source-secondary-xlsx,provided,季度累计值
obs-gdp-tertiary-2021-Q1,Observation,2021-Q1第三产业增加值,EconomicObservation,indicator-gdp-tertiary,region-zhejiang,period-2021-Q1,9627.77,亿元,15.4,quarter,source-tertiary-xlsx,provided,季度累计值
obs-gdp-primary-2021-Q2,Observation,2021-Q2第一产业增加值,EconomicObservation,indicator-gdp-primary,region-zhejiang,period-2021-Q2,934.95,亿元,3.1,quarter,source-primary-xlsx,provided,季度累计值
obs-gdp-secondary-2021-Q2,Observation,2021-Q2第二产业增加值,EconomicObservation,indicator-gdp-secondary,region-zhejiang,period-2021-Q2,14177.49,亿元,16.9,quarter,source-secondary-xlsx,provided,季度累计值
obs-gdp-tertiary-2021-Q2,Observation,2021-Q2第三产业增加值,EconomicObservation,indicator-gdp-tertiary,region-zhejiang,period-2021-Q2,19444,亿元,11.5,quarter,source-tertiary-xlsx,provided,季度累计值
obs-gdp-primary-2021-Q3,Observation,2021-Q3第一产业增加值,EconomicObservation,indicator-gdp-primary,region-zhejiang,period-2021-Q3,1407.2,亿元,2.7,quarter,source-primary-xlsx,provided,季度累计值
obs-gdp-secondary-2021-Q3,Observation,2021-Q3第二产业增加值,EconomicObservation,indicator-gdp-secondary,region-zhejiang,period-2021-Q3,22008.51,亿元,13.3,quarter,source-secondary-xlsx,provided,季度累计值
obs-gdp-tertiary-2021-Q3,Observation,2021-Q3第三产业增加值,EconomicObservation,indicator-gdp-tertiary,region-zhejiang,period-2021-Q3,29436.92,亿元,9.1,quarter,source-tertiary-xlsx,provided,季度累计值
obs-gdp-primary-2021-Q4,Observation,2021-Q4第一产业增加值,EconomicObservation,indicator-gdp-primary,region-zhejiang,period-2021-Q4,2209.09,亿元,2.2,quarter,source-primary-xlsx,provided,季度累计值
obs-gdp-secondary-2021-Q4,Observation,2021-Q4第二产业增加值,EconomicObservation,indicator-gdp-secondary,region-zhejiang,period-2021-Q4,31188.57,亿元,10.2,quarter,source-secondary-xlsx,provided,季度累计值
obs-gdp-tertiary-2021-Q4,Observation,2021-Q4第三产业增加值,EconomicObservation,indicator-gdp-tertiary,region-zhejiang,period-2021-Q4,40118.1,亿元,7.6,quarter,source-tertiary-xlsx,provided,季度累计值
obs-gdp-primary-2022-Q1,Observation,2022-Q1第一产业增加值,EconomicObservation,indicator-gdp-primary,region-zhejiang,period-2022-Q1,336.25,亿元,2.4,quarter,source-primary-xlsx,provided,季度累计值
obs-gdp-secondary-2022-Q1,Observation,2022-Q1第二产业增加值,EconomicObservation,indicator-gdp-secondary,region-zhejiang,period-2022-Q1,7408.46,亿元,7.6,quarter,source-secondary-xlsx,provided,季度累计值
obs-gdp-tertiary-2022-Q1,Observation,2022-Q1第三产业增加值,EconomicObservation,indicator-gdp-tertiary,region-zhejiang,period-2022-Q1,10141.68,亿元,3.5,quarter,source-tertiary-xlsx,provided,季度累计值
obs-gdp-primary-2022-Q2,Observation,2022-Q2第一产业增加值,EconomicObservation,indicator-gdp-primary,region-zhejiang,period-2022-Q2,954.96,亿元,3.4,quarter,source-primary-xlsx,provided,季度累计值
obs-gdp-secondary-2022-Q2,Observation,2022-Q2第二产业增加值,EconomicObservation,indicator-gdp-secondary,region-zhejiang,period-2022-Q2,15521.77,亿元,3.7,quarter,source-secondary-xlsx,provided,季度累计值
obs-gdp-tertiary-2022-Q2,Observation,2022-Q2第三产业增加值,EconomicObservation,indicator-gdp-tertiary,region-zhejiang,period-2022-Q2,19745.53,亿元,1.5,quarter,source-tertiary-xlsx,provided,季度累计值
obs-gdp-primary-2022-Q3,Observation,2022-Q3第一产业增加值,EconomicObservation,indicator-gdp-primary,region-zhejiang,period-2022-Q3,1462.7,亿元,2.8,quarter,source-primary-xlsx,provided,季度累计值
obs-gdp-secondary-2022-Q3,Observation,2022-Q3第二产业增加值,EconomicObservation,indicator-gdp-secondary,region-zhejiang,period-2022-Q3,23965.1,亿元,4,quarter,source-secondary-xlsx,provided,季度累计值
obs-gdp-tertiary-2022-Q3,Observation,2022-Q3第三产业增加值,EconomicObservation,indicator-gdp-tertiary,region-zhejiang,period-2022-Q3,30322.4,亿元,2.3,quarter,source-tertiary-xlsx,provided,季度累计值
obs-gdp-primary-2022-Q4,Observation,2022-Q4第一产业增加值,EconomicObservation,indicator-gdp-primary,region-zhejiang,period-2022-Q4,2324.77,亿元,3.2,quarter,source-primary-xlsx,provided,季度累计值
obs-gdp-secondary-2022-Q4,Observation,2022-Q4第二产业增加值,EconomicObservation,indicator-gdp-secondary,region-zhejiang,period-2022-Q4,33205.17,亿元,3.4,quarter,source-secondary-xlsx,provided,季度累计值
obs-gdp-tertiary-2022-Q4,Observation,2022-Q4第三产业增加值,EconomicObservation,indicator-gdp-tertiary,region-zhejiang,period-2022-Q4,42185.42,亿元,2.8,quarter,source-tertiary-xlsx,provided,季度累计值
obs-gdp-primary-2023-Q1,Observation,2023-Q1第一产业增加值,EconomicObservation,indicator-gdp-primary,region-zhejiang,period-2023-Q1,365.69,亿元,4.1,quarter,source-primary-xlsx,provided,季度累计值
obs-gdp-secondary-2023-Q1,Observation,2023-Q1第二产业增加值,EconomicObservation,indicator-gdp-secondary,region-zhejiang,period-2023-Q1,7494.47,亿元,2.7,quarter,source-secondary-xlsx,provided,季度累计值
obs-gdp-tertiary-2023-Q1,Observation,2023-Q1第三产业增加值,EconomicObservation,indicator-gdp-tertiary,region-zhejiang,period-2023-Q1,11064.55,亿元,6.4,quarter,source-tertiary-xlsx,provided,季度累计值
obs-gdp-primary-2023-Q2,Observation,2023-Q2第一产业增加值,EconomicObservation,indicator-gdp-primary,region-zhejiang,period-2023-Q2,1049.84,亿元,4.3,quarter,source-primary-xlsx,provided,季度累计值
obs-gdp-secondary-2023-Q2,Observation,2023-Q2第二产业增加值,EconomicObservation,indicator-gdp-secondary,region-zhejiang,period-2023-Q2,15800.09,亿元,4.7,quarter,source-secondary-xlsx,provided,季度累计值
obs-gdp-tertiary-2023-Q2,Observation,2023-Q2第三产业增加值,EconomicObservation,indicator-gdp-tertiary,region-zhejiang,period-2023-Q2,21867.06,亿元,8.4,quarter,source-tertiary-xlsx,provided,季度累计值
obs-gdp-primary-2023-Q3,Observation,2023-Q3第一产业增加值,EconomicObservation,indicator-gdp-primary,region-zhejiang,period-2023-Q3,1580.12,亿元,3.9,quarter,source-primary-xlsx,provided,季度累计值
obs-gdp-secondary-2023-Q3,Observation,2023-Q3第二产业增加值,EconomicObservation,indicator-gdp-secondary,region-zhejiang,period-2023-Q3,24433.73,亿元,5.1,quarter,source-secondary-xlsx,provided,季度累计值
obs-gdp-tertiary-2023-Q3,Observation,2023-Q3第三产业增加值,EconomicObservation,indicator-gdp-tertiary,region-zhejiang,period-2023-Q3,33167.99,亿元,7.3,quarter,source-tertiary-xlsx,provided,季度累计值
obs-gdp-primary-2023-Q4,Observation,2023-Q4第一产业增加值,EconomicObservation,indicator-gdp-primary,region-zhejiang,period-2023-Q4,2331.97,亿元,4.2,quarter,source-primary-xlsx,provided,季度累计值
obs-gdp-secondary-2023-Q4,Observation,2023-Q4第二产业增加值,EconomicObservation,indicator-gdp-secondary,region-zhejiang,period-2023-Q4,33952.67,亿元,5,quarter,source-secondary-xlsx,provided,季度累计值
obs-gdp-tertiary-2023-Q4,Observation,2023-Q4第三产业增加值,EconomicObservation,indicator-gdp-tertiary,region-zhejiang,period-2023-Q4,46268.57,亿元,6.7,quarter,source-tertiary-xlsx,provided,季度累计值
obs-gdp-primary-2024-Q1,Observation,2024-Q1第一产业增加值,EconomicObservation,indicator-gdp-primary,region-zhejiang,period-2024-Q1,347,亿元,3.9,quarter,source-primary-xlsx,provided,季度累计值
obs-gdp-secondary-2024-Q1,Observation,2024-Q1第二产业增加值,EconomicObservation,indicator-gdp-secondary,region-zhejiang,period-2024-Q1,7908,亿元,7.3,quarter,source-secondary-xlsx,provided,季度累计值
obs-gdp-tertiary-2024-Q1,Observation,2024-Q1第三产业增加值,EconomicObservation,indicator-gdp-tertiary,region-zhejiang,period-2024-Q1,11882,亿元,5.5,quarter,source-tertiary-xlsx,provided,季度累计值
obs-gdp-primary-2024-Q2,Observation,2024-Q2第一产业增加值,EconomicObservation,indicator-gdp-primary,region-zhejiang,period-2024-Q2,1010,亿元,3.8,quarter,source-primary-xlsx,provided,季度累计值
obs-gdp-secondary-2024-Q2,Observation,2024-Q2第二产业增加值,EconomicObservation,indicator-gdp-secondary,region-zhejiang,period-2024-Q2,16546,亿元,6.5,quarter,source-secondary-xlsx,provided,季度累计值
obs-gdp-tertiary-2024-Q2,Observation,2024-Q2第三产业增加值,EconomicObservation,indicator-gdp-tertiary,region-zhejiang,period-2024-Q2,23364,亿元,5,quarter,source-tertiary-xlsx,provided,季度累计值
obs-gdp-primary-2024-Q3,Observation,2024-Q3第一产业增加值,EconomicObservation,indicator-gdp-primary,region-zhejiang,period-2024-Q3,1554,亿元,3.7,quarter,source-primary-xlsx,provided,季度累计值
obs-gdp-secondary-2024-Q3,Observation,2024-Q3第二产业增加值,EconomicObservation,indicator-gdp-secondary,region-zhejiang,period-2024-Q3,25670,亿元,6.3,quarter,source-secondary-xlsx,provided,季度累计值
obs-gdp-tertiary-2024-Q3,Observation,2024-Q3第三产业增加值,EconomicObservation,indicator-gdp-tertiary,region-zhejiang,period-2024-Q3,35394,亿元,4.8,quarter,source-tertiary-xlsx,provided,季度累计值
obs-gdp-primary-2024-Q4,Observation,2024-Q4第一产业增加值,EconomicObservation,indicator-gdp-primary,region-zhejiang,period-2024-Q4,2586,亿元,3.5,quarter,source-primary-xlsx,provided,季度累计值
obs-gdp-secondary-2024-Q4,Observation,2024-Q4第二产业增加值,EconomicObservation,indicator-gdp-secondary,region-zhejiang,period-2024-Q4,34783,亿元,6.1,quarter,source-secondary-xlsx,provided,季度累计值
obs-gdp-tertiary-2024-Q4,Observation,2024-Q4第三产业增加值,EconomicObservation,indicator-gdp-tertiary,region-zhejiang,period-2024-Q4,52761,亿元,5.1,quarter,source-tertiary-xlsx,provided,季度累计值
obs-gdp-primary-2025-Q1,Observation,2025-Q1第一产业增加值,EconomicObservation,indicator-gdp-primary,region-zhejiang,period-2025-Q1,398,亿元,3.3,quarter,source-primary-xlsx,provided,季度累计值
obs-gdp-secondary-2025-Q1,Observation,2025-Q1第二产业增加值,EconomicObservation,indicator-gdp-secondary,region-zhejiang,period-2025-Q1,8249,亿元,6.5,quarter,source-secondary-xlsx,provided,季度累计值
obs-gdp-tertiary-2025-Q1,Observation,2025-Q1第三产业增加值,EconomicObservation,indicator-gdp-tertiary,region-zhejiang,period-2025-Q1,13653,亿元,5.7,quarter,source-tertiary-xlsx,provided,季度累计值
obs-gdp-primary-2025-Q2,Observation,2025-Q2第一产业增加值,EconomicObservation,indicator-gdp-primary,region-zhejiang,period-2025-Q2,1132,亿元,3.5,quarter,source-primary-xlsx,provided,季度累计值
obs-gdp-secondary-2025-Q2,Observation,2025-Q2第二产业增加值,EconomicObservation,indicator-gdp-secondary,region-zhejiang,period-2025-Q2,16952,亿元,5.6,quarter,source-secondary-xlsx,provided,季度累计值
obs-gdp-tertiary-2025-Q2,Observation,2025-Q2第三产业增加值,EconomicObservation,indicator-gdp-tertiary,region-zhejiang,period-2025-Q2,26921,亿元,6,quarter,source-tertiary-xlsx,provided,季度累计值
obs-gdp-primary-2025-Q3,Observation,2025-Q3第一产业增加值,EconomicObservation,indicator-gdp-primary,region-zhejiang,period-2025-Q3,1735,亿元,3.7,quarter,source-primary-xlsx,provided,季度累计值
obs-gdp-secondary-2025-Q3,Observation,2025-Q3第二产业增加值,EconomicObservation,indicator-gdp-secondary,region-zhejiang,period-2025-Q3,26086,亿元,5.2,quarter,source-secondary-xlsx,provided,季度累计值
obs-gdp-tertiary-2025-Q3,Observation,2025-Q3第三产业增加值,EconomicObservation,indicator-gdp-tertiary,region-zhejiang,period-2025-Q3,40674,亿元,6,quarter,source-tertiary-xlsx,provided,季度累计值
obs-gdp-primary-2025-Q4,Observation,2025-Q4第一产业增加值,EconomicObservation,indicator-gdp-primary,region-zhejiang,period-2025-Q4,2657,亿元,3.9,quarter,source-primary-xlsx,provided,季度累计值
obs-gdp-secondary-2025-Q4,Observation,2025-Q4第二产业增加值,EconomicObservation,indicator-gdp-secondary,region-zhejiang,period-2025-Q4,35682,亿元,5.1,quarter,source-secondary-xlsx,provided,季度累计值
obs-gdp-tertiary-2025-Q4,Observation,2025-Q4第三产业增加值,EconomicObservation,indicator-gdp-tertiary,region-zhejiang,period-2025-Q4,56206,亿元,5.8,quarter,source-tertiary-xlsx,provided,季度累计值
obs-temp-mean-2021-01,Observation,2021-01-indicator-temp-mean,WeatherObservation,indicator-temp-mean,region-zhejiang,period-2021-01,6.452,°C,,month,source-open-meteo-era5-land,point-proxy-derived,浙江中部代表点，非全省面积加权平均
obs-temp-max-mean-2021-01,Observation,2021-01-indicator-temp-max-mean,WeatherObservation,indicator-temp-max-mean,region-zhejiang,period-2021-01,11.552,°C,,month,source-open-meteo-era5-land,point-proxy-derived,浙江中部代表点，非全省面积加权平均
obs-temp-min-mean-2021-01,Observation,2021-01-indicator-temp-min-mean,WeatherObservation,indicator-temp-min-mean,region-zhejiang,period-2021-01,2.058,°C,,month,source-open-meteo-era5-land,point-proxy-derived,浙江中部代表点，非全省面积加权平均
obs-temp-abs-max-2021-01,Observation,2021-01-indicator-temp-abs-max,WeatherObservation,indicator-temp-abs-max,region-zhejiang,period-2021-01,22.4,°C,,month,source-open-meteo-era5-land,point-proxy-derived,浙江中部代表点，非全省面积加权平均
obs-temp-abs-min-2021-01,Observation,2021-01-indicator-temp-abs-min,WeatherObservation,indicator-temp-abs-min,region-zhejiang,period-2021-01,-5.7,°C,,month,source-open-meteo-era5-land,point-proxy-derived,浙江中部代表点，非全省面积加权平均
obs-cdd18-2021-01,Observation,2021-01-feature-cdd18,WeatherObservation,feature-cdd18,region-zhejiang,period-2021-01,0,°C·d,,month,source-open-meteo-era5-land,point-proxy-derived,浙江中部代表点，非全省面积加权平均
obs-hdd18-2021-01,Observation,2021-01-feature-hdd18,WeatherObservation,feature-hdd18,region-zhejiang,period-2021-01,358,°C·d,,month,source-open-meteo-era5-land,point-proxy-derived,浙江中部代表点，非全省面积加权平均
obs-hot-days-2021-01,Observation,2021-01-feature-hot-days,WeatherObservation,feature-hot-days,region-zhejiang,period-2021-01,0,天,,month,source-open-meteo-era5-land,point-proxy-derived,浙江中部代表点，非全省面积加权平均
obs-cold-days-2021-01,Observation,2021-01-feature-cold-days,WeatherObservation,feature-cold-days,region-zhejiang,period-2021-01,12,天,,month,source-open-meteo-era5-land,point-proxy-derived,浙江中部代表点，非全省面积加权平均
obs-temp-mean-2021-02,Observation,2021-02-indicator-temp-mean,WeatherObservation,indicator-temp-mean,region-zhejiang,period-2021-02,11.539,°C,,month,source-open-meteo-era5-land,point-proxy-derived,浙江中部代表点，非全省面积加权平均
obs-temp-max-mean-2021-02,Observation,2021-02-indicator-temp-max-mean,WeatherObservation,indicator-temp-max-mean,region-zhejiang,period-2021-02,16.186,°C,,month,source-open-meteo-era5-land,point-proxy-derived,浙江中部代表点，非全省面积加权平均
obs-temp-min-mean-2021-02,Observation,2021-02-indicator-temp-min-mean,WeatherObservation,indicator-temp-min-mean,region-zhejiang,period-2021-02,7.571,°C,,month,source-open-meteo-era5-land,point-proxy-derived,浙江中部代表点，非全省面积加权平均
obs-temp-abs-max-2021-02,Observation,2021-02-indicator-temp-abs-max,WeatherObservation,indicator-temp-abs-max,region-zhejiang,period-2021-02,23.6,°C,,month,source-open-meteo-era5-land,point-proxy-derived,浙江中部代表点，非全省面积加权平均
obs-temp-abs-min-2021-02,Observation,2021-02-indicator-temp-abs-min,WeatherObservation,indicator-temp-abs-min,region-zhejiang,period-2021-02,2.5,°C,,month,source-open-meteo-era5-land,point-proxy-derived,浙江中部代表点，非全省面积加权平均
obs-cdd18-2021-02,Observation,2021-02-feature-cdd18,WeatherObservation,feature-cdd18,region-zhejiang,period-2021-02,0,°C·d,,month,source-open-meteo-era5-land,point-proxy-derived,浙江中部代表点，非全省面积加权平均
obs-hdd18-2021-02,Observation,2021-02-feature-hdd18,WeatherObservation,feature-hdd18,region-zhejiang,period-2021-02,180.9,°C·d,,month,source-open-meteo-era5-land,point-proxy-derived,浙江中部代表点，非全省面积加权平均
obs-hot-days-2021-02,Observation,2021-02-feature-hot-days,WeatherObservation,feature-hot-days,region-zhejiang,period-2021-02,0,天,,month,source-open-meteo-era5-land,point-proxy-derived,浙江中部代表点，非全省面积加权平均
obs-cold-days-2021-02,Observation,2021-02-feature-cold-days,WeatherObservation,feature-cold-days,region-zhejiang,period-2021-02,0,天,,month,source-open-meteo-era5-land,point-proxy-derived,浙江中部代表点，非全省面积加权平均
obs-temp-mean-2021-03,Observation,2021-03-indicator-temp-mean,WeatherObservation,indicator-temp-mean,region-zhejiang,period-2021-03,13.381,°C,,month,source-open-meteo-era5-land,point-proxy-derived,浙江中部代表点，非全省面积加权平均
obs-temp-max-mean-2021-03,Observation,2021-03-indicator-temp-max-mean,WeatherObservation,indicator-temp-max-mean,region-zhejiang,period-2021-03,17.961,°C,,month,source-open-meteo-era5-land,point-proxy-derived,浙江中部代表点，非全省面积加权平均
obs-temp-min-mean-2021-03,Observation,2021-03-indicator-temp-min-mean,WeatherObservation,indicator-temp-min-mean,region-zhejiang,period-2021-03,9.339,°C,,month,source-open-meteo-era5-land,point-proxy-derived,浙江中部代表点，非全省面积加权平均
obs-temp-abs-max-2021-03,Observation,2021-03-indicator-temp-abs-max,WeatherObservation,indicator-temp-abs-max,region-zhejiang,period-2021-03,27.3,°C,,month,source-open-meteo-era5-land,point-proxy-derived,浙江中部代表点，非全省面积加权平均
obs-temp-abs-min-2021-03,Observation,2021-03-indicator-temp-abs-min,WeatherObservation,indicator-temp-abs-min,region-zhejiang,period-2021-03,3.5,°C,,month,source-open-meteo-era5-land,point-proxy-derived,浙江中部代表点，非全省面积加权平均
obs-cdd18-2021-03,Observation,2021-03-feature-cdd18,WeatherObservation,feature-cdd18,region-zhejiang,period-2021-03,7.5,°C·d,,month,source-open-meteo-era5-land,point-proxy-derived,浙江中部代表点，非全省面积加权平均
obs-hdd18-2021-03,Observation,2021-03-feature-hdd18,WeatherObservation,feature-hdd18,region-zhejiang,period-2021-03,150.7,°C·d,,month,source-open-meteo-era5-land,point-proxy-derived,浙江中部代表点，非全省面积加权平均
obs-hot-days-2021-03,Observation,2021-03-feature-hot-days,WeatherObservation,feature-hot-days,region-zhejiang,period-2021-03,0,天,,month,source-open-meteo-era5-land,point-proxy-derived,浙江中部代表点，非全省面积加权平均
obs-cold-days-2021-03,Observation,2021-03-feature-cold-days,WeatherObservation,feature-cold-days,region-zhejiang,period-2021-03,0,天,,month,source-open-meteo-era5-land,point-proxy-derived,浙江中部代表点，非全省面积加权平均
obs-temp-mean-2021-04,Observation,2021-04-indicator-temp-mean,WeatherObservation,indicator-temp-mean,region-zhejiang,period-2021-04,16.92,°C,,month,source-open-meteo-era5-land,point-proxy-derived,浙江中部代表点，非全省面积加权平均
obs-temp-max-mean-2021-04,Observation,2021-04-indicator-temp-max-mean,WeatherObservation,indicator-temp-max-mean,region-zhejiang,period-2021-04,21.423,°C,,month,source-open-meteo-era5-land,point-proxy-derived,浙江中部代表点，非全省面积加权平均
obs-temp-min-mean-2021-04,Observation,2021-04-indicator-temp-min-mean,WeatherObservation,indicator-temp-min-mean,region-zhejiang,period-2021-04,12.877,°C,,month,source-open-meteo-era5-land,point-proxy-derived,浙江中部代表点，非全省面积加权平均
obs-temp-abs-max-2021-04,Observation,2021-04-indicator-temp-abs-max,WeatherObservation,indicator-temp-abs-max,region-zhejiang,period-2021-04,29.8,°C,,month,source-open-meteo-era5-land,point-proxy-derived,浙江中部代表点，非全省面积加权平均
obs-temp-abs-min-2021-04,Observation,2021-04-indicator-temp-abs-min,WeatherObservation,indicator-temp-abs-min,region-zhejiang,period-2021-04,6.1,°C,,month,source-open-meteo-era5-land,point-proxy-derived,浙江中部代表点，非全省面积加权平均
obs-cdd18-2021-04,Observation,2021-04-feature-cdd18,WeatherObservation,feature-cdd18,region-zhejiang,period-2021-04,18.7,°C·d,,month,source-open-meteo-era5-land,point-proxy-derived,浙江中部代表点，非全省面积加权平均
obs-hdd18-2021-04,Observation,2021-04-feature-hdd18,WeatherObservation,feature-hdd18,region-zhejiang,period-2021-04,51.1,°C·d,,month,source-open-meteo-era5-land,point-proxy-derived,浙江中部代表点，非全省面积加权平均
obs-hot-days-2021-04,Observation,2021-04-feature-hot-days,WeatherObservation,feature-hot-days,region-zhejiang,period-2021-04,0,天,,month,source-open-meteo-era5-land,point-proxy-derived,浙江中部代表点，非全省面积加权平均
obs-cold-days-2021-04,Observation,2021-04-feature-cold-days,WeatherObservation,feature-cold-days,region-zhejiang,period-2021-04,0,天,,month,source-open-meteo-era5-land,point-proxy-derived,浙江中部代表点，非全省面积加权平均
obs-temp-mean-2021-05,Observation,2021-05-indicator-temp-mean,WeatherObservation,indicator-temp-mean,region-zhejiang,period-2021-05,22.603,°C,,month,source-open-meteo-era5-land,point-proxy-derived,浙江中部代表点，非全省面积加权平均
obs-temp-max-mean-2021-05,Observation,2021-05-indicator-temp-max-mean,WeatherObservation,indicator-temp-max-mean,region-zhejiang,period-2021-05,27.168,°C,,month,source-open-meteo-era5-land,point-proxy-derived,浙江中部代表点，非全省面积加权平均
obs-temp-min-mean-2021-05,Observation,2021-05-indicator-temp-min-mean,WeatherObservation,indicator-temp-min-mean,region-zhejiang,period-2021-05,18.603,°C,,month,source-open-meteo-era5-land,point-proxy-derived,浙江中部代表点，非全省面积加权平均
obs-temp-abs-max-2021-05,Observation,2021-05-indicator-temp-abs-max,WeatherObservation,indicator-temp-abs-max,region-zhejiang,period-2021-05,34.5,°C,,month,source-open-meteo-era5-land,point-proxy-derived,浙江中部代表点，非全省面积加权平均
obs-temp-abs-min-2021-05,Observation,2021-05-indicator-temp-abs-min,WeatherObservation,indicator-temp-abs-min,region-zhejiang,period-2021-05,12.5,°C,,month,source-open-meteo-era5-land,point-proxy-derived,浙江中部代表点，非全省面积加权平均
obs-cdd18-2021-05,Observation,2021-05-feature-cdd18,WeatherObservation,feature-cdd18,region-zhejiang,period-2021-05,142.8,°C·d,,month,source-open-meteo-era5-land,point-proxy-derived,浙江中部代表点，非全省面积加权平均
obs-hdd18-2021-05,Observation,2021-05-feature-hdd18,WeatherObservation,feature-hdd18,region-zhejiang,period-2021-05,0.1,°C·d,,month,source-open-meteo-era5-land,point-proxy-derived,浙江中部代表点，非全省面积加权平均
obs-hot-days-2021-05,Observation,2021-05-feature-hot-days,WeatherObservation,feature-hot-days,region-zhejiang,period-2021-05,0,天,,month,source-open-meteo-era5-land,point-proxy-derived,浙江中部代表点，非全省面积加权平均
obs-cold-days-2021-05,Observation,2021-05-feature-cold-days,WeatherObservation,feature-cold-days,region-zhejiang,period-2021-05,0,天,,month,source-open-meteo-era5-land,point-proxy-derived,浙江中部代表点，非全省面积加权平均
obs-temp-mean-2021-06,Observation,2021-06-indicator-temp-mean,WeatherObservation,indicator-temp-mean,region-zhejiang,period-2021-06,24.83,°C,,month,source-open-meteo-era5-land,point-proxy-derived,浙江中部代表点，非全省面积加权平均
obs-temp-max-mean-2021-06,Observation,2021-06-indicator-temp-max-mean,WeatherObservation,indicator-temp-max-mean,region-zhejiang,period-2021-06,28.833,°C,,month,source-open-meteo-era5-land,point-proxy-derived,浙江中部代表点，非全省面积加权平均
obs-temp-min-mean-2021-06,Observation,2021-06-indicator-temp-min-mean,WeatherObservation,indicator-temp-min-mean,region-zhejiang,period-2021-06,21.463,°C,,month,source-open-meteo-era5-land,point-proxy-derived,浙江中部代表点，非全省面积加权平均
obs-temp-abs-max-2021-06,Observation,2021-06-indicator-temp-abs-max,WeatherObservation,indicator-temp-abs-max,region-zhejiang,period-2021-06,32.8,°C,,month,source-open-meteo-era5-land,point-proxy-derived,浙江中部代表点，非全省面积加权平均
obs-temp-abs-min-2021-06,Observation,2021-06-indicator-temp-abs-min,WeatherObservation,indicator-temp-abs-min,region-zhejiang,period-2021-06,15.3,°C,,month,source-open-meteo-era5-land,point-proxy-derived,浙江中部代表点，非全省面积加权平均
obs-cdd18-2021-06,Observation,2021-06-feature-cdd18,WeatherObservation,feature-cdd18,region-zhejiang,period-2021-06,204.9,°C·d,,month,source-open-meteo-era5-land,point-proxy-derived,浙江中部代表点，非全省面积加权平均
obs-hdd18-2021-06,Observation,2021-06-feature-hdd18,WeatherObservation,feature-hdd18,region-zhejiang,period-2021-06,0,°C·d,,month,source-open-meteo-era5-land,point-proxy-derived,浙江中部代表点，非全省面积加权平均
obs-hot-days-2021-06,Observation,2021-06-feature-hot-days,WeatherObservation,feature-hot-days,region-zhejiang,period-2021-06,0,天,,month,source-open-meteo-era5-land,point-proxy-derived,浙江中部代表点，非全省面积加权平均
obs-cold-days-2021-06,Observation,2021-06-feature-cold-days,WeatherObservation,feature-cold-days,region-zhejiang,period-2021-06,0,天,,month,source-open-meteo-era5-land,point-proxy-derived,浙江中部代表点，非全省面积加权平均
obs-temp-mean-2021-07,Observation,2021-07-indicator-temp-mean,WeatherObservation,indicator-temp-mean,region-zhejiang,period-2021-07,28.171,°C,,month,source-open-meteo-era5-land,point-proxy-derived,浙江中部代表点，非全省面积加权平均
obs-temp-max-mean-2021-07,Observation,2021-07-indicator-temp-max-mean,WeatherObservation,indicator-temp-max-mean,region-zhejiang,period-2021-07,31.981,°C,,month,source-open-meteo-era5-land,point-proxy-derived,浙江中部代表点，非全省面积加权平均
obs-temp-min-mean-2021-07,Observation,2021-07-indicator-temp-min-mean,WeatherObservation,indicator-temp-min-mean,region-zhejiang,period-2021-07,25.029,°C,,month,source-open-meteo-era5-land,point-proxy-derived,浙江中部代表点，非全省面积加权平均
obs-temp-abs-max-2021-07,Observation,2021-07-indicator-temp-abs-max,WeatherObservation,indicator-temp-abs-max,region-zhejiang,period-2021-07,35.3,°C,,month,source-open-meteo-era5-land,point-proxy-derived,浙江中部代表点，非全省面积加权平均
obs-temp-abs-min-2021-07,Observation,2021-07-indicator-temp-abs-min,WeatherObservation,indicator-temp-abs-min,region-zhejiang,period-2021-07,23.6,°C,,month,source-open-meteo-era5-land,point-proxy-derived,浙江中部代表点，非全省面积加权平均
obs-cdd18-2021-07,Observation,2021-07-feature-cdd18,WeatherObservation,feature-cdd18,region-zhejiang,period-2021-07,315.3,°C·d,,month,source-open-meteo-era5-land,point-proxy-derived,浙江中部代表点，非全省面积加权平均
obs-hdd18-2021-07,Observation,2021-07-feature-hdd18,WeatherObservation,feature-hdd18,region-zhejiang,period-2021-07,0,°C·d,,month,source-open-meteo-era5-land,point-proxy-derived,浙江中部代表点，非全省面积加权平均
obs-hot-days-2021-07,Observation,2021-07-feature-hot-days,WeatherObservation,feature-hot-days,region-zhejiang,period-2021-07,3,天,,month,source-open-meteo-era5-land,point-proxy-derived,浙江中部代表点，非全省面积加权平均
obs-cold-days-2021-07,Observation,2021-07-feature-cold-days,WeatherObservation,feature-cold-days,region-zhejiang,period-2021-07,0,天,,month,source-open-meteo-era5-land,point-proxy-derived,浙江中部代表点，非全省面积加权平均
obs-temp-mean-2021-08,Observation,2021-08-indicator-temp-mean,WeatherObservation,indicator-temp-mean,region-zhejiang,period-2021-08,27.258,°C,,month,source-open-meteo-era5-land,point-proxy-derived,浙江中部代表点，非全省面积加权平均
obs-temp-max-mean-2021-08,Observation,2021-08-indicator-temp-max-mean,WeatherObservation,indicator-temp-max-mean,region-zhejiang,period-2021-08,31.097,°C,,month,source-open-meteo-era5-land,point-proxy-derived,浙江中部代表点，非全省面积加权平均
obs-temp-min-mean-2021-08,Observation,2021-08-indicator-temp-min-mean,WeatherObservation,indicator-temp-min-mean,region-zhejiang,period-2021-08,24.268,°C,,month,source-open-meteo-era5-land,point-proxy-derived,浙江中部代表点，非全省面积加权平均
obs-temp-abs-max-2021-08,Observation,2021-08-indicator-temp-abs-max,WeatherObservation,indicator-temp-abs-max,region-zhejiang,period-2021-08,33.4,°C,,month,source-open-meteo-era5-land,point-proxy-derived,浙江中部代表点，非全省面积加权平均
obs-temp-abs-min-2021-08,Observation,2021-08-indicator-temp-abs-min,WeatherObservation,indicator-temp-abs-min,region-zhejiang,period-2021-08,22,°C,,month,source-open-meteo-era5-land,point-proxy-derived,浙江中部代表点，非全省面积加权平均
obs-cdd18-2021-08,Observation,2021-08-feature-cdd18,WeatherObservation,feature-cdd18,region-zhejiang,period-2021-08,287,°C·d,,month,source-open-meteo-era5-land,point-proxy-derived,浙江中部代表点，非全省面积加权平均
obs-hdd18-2021-08,Observation,2021-08-feature-hdd18,WeatherObservation,feature-hdd18,region-zhejiang,period-2021-08,0,°C·d,,month,source-open-meteo-era5-land,point-proxy-derived,浙江中部代表点，非全省面积加权平均
obs-hot-days-2021-08,Observation,2021-08-feature-hot-days,WeatherObservation,feature-hot-days,region-zhejiang,period-2021-08,0,天,,month,source-open-meteo-era5-land,point-proxy-derived,浙江中部代表点，非全省面积加权平均
obs-cold-days-2021-08,Observation,2021-08-feature-cold-days,WeatherObservation,feature-cold-days,region-zhejiang,period-2021-08,0,天,,month,source-open-meteo-era5-land,point-proxy-derived,浙江中部代表点，非全省面积加权平均
obs-temp-mean-2021-09,Observation,2021-09-indicator-temp-mean,WeatherObservation,indicator-temp-mean,region-zhejiang,period-2021-09,26.317,°C,,month,source-open-meteo-era5-land,point-proxy-derived,浙江中部代表点，非全省面积加权平均
obs-temp-max-mean-2021-09,Observation,2021-09-indicator-temp-max-mean,WeatherObservation,indicator-temp-max-mean,region-zhejiang,period-2021-09,30.697,°C,,month,source-open-meteo-era5-land,point-proxy-derived,浙江中部代表点，非全省面积加权平均
obs-temp-min-mean-2021-09,Observation,2021-09-indicator-temp-min-mean,WeatherObservation,indicator-temp-min-mean,region-zhejiang,period-2021-09,22.743,°C,,month,source-open-meteo-era5-land,point-proxy-derived,浙江中部代表点，非全省面积加权平均
obs-temp-abs-max-2021-09,Observation,2021-09-indicator-temp-abs-max,WeatherObservation,indicator-temp-abs-max,region-zhejiang,period-2021-09,34.2,°C,,month,source-open-meteo-era5-land,point-proxy-derived,浙江中部代表点，非全省面积加权平均
obs-temp-abs-min-2021-09,Observation,2021-09-indicator-temp-abs-min,WeatherObservation,indicator-temp-abs-min,region-zhejiang,period-2021-09,19.2,°C,,month,source-open-meteo-era5-land,point-proxy-derived,浙江中部代表点，非全省面积加权平均
obs-cdd18-2021-09,Observation,2021-09-feature-cdd18,WeatherObservation,feature-cdd18,region-zhejiang,period-2021-09,249.5,°C·d,,month,source-open-meteo-era5-land,point-proxy-derived,浙江中部代表点，非全省面积加权平均
obs-hdd18-2021-09,Observation,2021-09-feature-hdd18,WeatherObservation,feature-hdd18,region-zhejiang,period-2021-09,0,°C·d,,month,source-open-meteo-era5-land,point-proxy-derived,浙江中部代表点，非全省面积加权平均
obs-hot-days-2021-09,Observation,2021-09-feature-hot-days,WeatherObservation,feature-hot-days,region-zhejiang,period-2021-09,0,天,,month,source-open-meteo-era5-land,point-proxy-derived,浙江中部代表点，非全省面积加权平均
obs-cold-days-2021-09,Observation,2021-09-feature-cold-days,WeatherObservation,feature-cold-days,region-zhejiang,period-2021-09,0,天,,month,source-open-meteo-era5-land,point-proxy-derived,浙江中部代表点，非全省面积加权平均
obs-temp-mean-2021-10,Observation,2021-10-indicator-temp-mean,WeatherObservation,indicator-temp-mean,region-zhejiang,period-2021-10,20.045,°C,,month,source-open-meteo-era5-land,point-proxy-derived,浙江中部代表点，非全省面积加权平均
obs-temp-max-mean-2021-10,Observation,2021-10-indicator-temp-max-mean,WeatherObservation,indicator-temp-max-mean,region-zhejiang,period-2021-10,24.058,°C,,month,source-open-meteo-era5-land,point-proxy-derived,浙江中部代表点，非全省面积加权平均
obs-temp-min-mean-2021-10,Observation,2021-10-indicator-temp-min-mean,WeatherObservation,indicator-temp-min-mean,region-zhejiang,period-2021-10,16.729,°C,,month,source-open-meteo-era5-land,point-proxy-derived,浙江中部代表点，非全省面积加权平均
obs-temp-abs-max-2021-10,Observation,2021-10-indicator-temp-abs-max,WeatherObservation,indicator-temp-abs-max,region-zhejiang,period-2021-10,33.5,°C,,month,source-open-meteo-era5-land,point-proxy-derived,浙江中部代表点，非全省面积加权平均
obs-temp-abs-min-2021-10,Observation,2021-10-indicator-temp-abs-min,WeatherObservation,indicator-temp-abs-min,region-zhejiang,period-2021-10,9.9,°C,,month,source-open-meteo-era5-land,point-proxy-derived,浙江中部代表点，非全省面积加权平均
obs-cdd18-2021-10,Observation,2021-10-feature-cdd18,WeatherObservation,feature-cdd18,region-zhejiang,period-2021-10,99.3,°C·d,,month,source-open-meteo-era5-land,point-proxy-derived,浙江中部代表点，非全省面积加权平均
obs-hdd18-2021-10,Observation,2021-10-feature-hdd18,WeatherObservation,feature-hdd18,region-zhejiang,period-2021-10,35.9,°C·d,,month,source-open-meteo-era5-land,point-proxy-derived,浙江中部代表点，非全省面积加权平均
obs-hot-days-2021-10,Observation,2021-10-feature-hot-days,WeatherObservation,feature-hot-days,region-zhejiang,period-2021-10,0,天,,month,source-open-meteo-era5-land,point-proxy-derived,浙江中部代表点，非全省面积加权平均
obs-cold-days-2021-10,Observation,2021-10-feature-cold-days,WeatherObservation,feature-cold-days,region-zhejiang,period-2021-10,0,天,,month,source-open-meteo-era5-land,point-proxy-derived,浙江中部代表点，非全省面积加权平均
obs-temp-mean-2021-11,Observation,2021-11-indicator-temp-mean,WeatherObservation,indicator-temp-mean,region-zhejiang,period-2021-11,13.1,°C,,month,source-open-meteo-era5-land,point-proxy-derived,浙江中部代表点，非全省面积加权平均
obs-temp-max-mean-2021-11,Observation,2021-11-indicator-temp-max-mean,WeatherObservation,indicator-temp-max-mean,region-zhejiang,period-2021-11,17.193,°C,,month,source-open-meteo-era5-land,point-proxy-derived,浙江中部代表点，非全省面积加权平均
obs-temp-min-mean-2021-11,Observation,2021-11-indicator-temp-min-mean,WeatherObservation,indicator-temp-min-mean,region-zhejiang,period-2021-11,9.263,°C,,month,source-open-meteo-era5-land,point-proxy-derived,浙江中部代表点，非全省面积加权平均
obs-temp-abs-max-2021-11,Observation,2021-11-indicator-temp-abs-max,WeatherObservation,indicator-temp-abs-max,region-zhejiang,period-2021-11,23.1,°C,,month,source-open-meteo-era5-land,point-proxy-derived,浙江中部代表点，非全省面积加权平均
obs-temp-abs-min-2021-11,Observation,2021-11-indicator-temp-abs-min,WeatherObservation,indicator-temp-abs-min,region-zhejiang,period-2021-11,2.5,°C,,month,source-open-meteo-era5-land,point-proxy-derived,浙江中部代表点，非全省面积加权平均
obs-cdd18-2021-11,Observation,2021-11-feature-cdd18,WeatherObservation,feature-cdd18,region-zhejiang,period-2021-11,2,°C·d,,month,source-open-meteo-era5-land,point-proxy-derived,浙江中部代表点，非全省面积加权平均
obs-hdd18-2021-11,Observation,2021-11-feature-hdd18,WeatherObservation,feature-hdd18,region-zhejiang,period-2021-11,149,°C·d,,month,source-open-meteo-era5-land,point-proxy-derived,浙江中部代表点，非全省面积加权平均
obs-hot-days-2021-11,Observation,2021-11-feature-hot-days,WeatherObservation,feature-hot-days,region-zhejiang,period-2021-11,0,天,,month,source-open-meteo-era5-land,point-proxy-derived,浙江中部代表点，非全省面积加权平均
obs-cold-days-2021-11,Observation,2021-11-feature-cold-days,WeatherObservation,feature-cold-days,region-zhejiang,period-2021-11,0,天,,month,source-open-meteo-era5-land,point-proxy-derived,浙江中部代表点，非全省面积加权平均
obs-temp-mean-2021-12,Observation,2021-12-indicator-temp-mean,WeatherObservation,indicator-temp-mean,region-zhejiang,period-2021-12,8.203,°C,,month,source-open-meteo-era5-land,point-proxy-derived,浙江中部代表点，非全省面积加权平均
obs-temp-max-mean-2021-12,Observation,2021-12-indicator-temp-max-mean,WeatherObservation,indicator-temp-max-mean,region-zhejiang,period-2021-12,13.019,°C,,month,source-open-meteo-era5-land,point-proxy-derived,浙江中部代表点，非全省面积加权平均
obs-temp-min-mean-2021-12,Observation,2021-12-indicator-temp-min-mean,WeatherObservation,indicator-temp-min-mean,region-zhejiang,period-2021-12,4.029,°C,,month,source-open-meteo-era5-land,point-proxy-derived,浙江中部代表点，非全省面积加权平均
obs-temp-abs-max-2021-12,Observation,2021-12-indicator-temp-abs-max,WeatherObservation,indicator-temp-abs-max,region-zhejiang,period-2021-12,20.1,°C,,month,source-open-meteo-era5-land,point-proxy-derived,浙江中部代表点，非全省面积加权平均
obs-temp-abs-min-2021-12,Observation,2021-12-indicator-temp-abs-min,WeatherObservation,indicator-temp-abs-min,region-zhejiang,period-2021-12,-2.4,°C,,month,source-open-meteo-era5-land,point-proxy-derived,浙江中部代表点，非全省面积加权平均
obs-cdd18-2021-12,Observation,2021-12-feature-cdd18,WeatherObservation,feature-cdd18,region-zhejiang,period-2021-12,0,°C·d,,month,source-open-meteo-era5-land,point-proxy-derived,浙江中部代表点，非全省面积加权平均
obs-hdd18-2021-12,Observation,2021-12-feature-hdd18,WeatherObservation,feature-hdd18,region-zhejiang,period-2021-12,303.7,°C·d,,month,source-open-meteo-era5-land,point-proxy-derived,浙江中部代表点，非全省面积加权平均
obs-hot-days-2021-12,Observation,2021-12-feature-hot-days,WeatherObservation,feature-hot-days,region-zhejiang,period-2021-12,0,天,,month,source-open-meteo-era5-land,point-proxy-derived,浙江中部代表点，非全省面积加权平均
obs-cold-days-2021-12,Observation,2021-12-feature-cold-days,WeatherObservation,feature-cold-days,region-zhejiang,period-2021-12,5,天,,month,source-open-meteo-era5-land,point-proxy-derived,浙江中部代表点，非全省面积加权平均
obs-temp-mean-2022-01,Observation,2022-01-indicator-temp-mean,WeatherObservation,indicator-temp-mean,region-zhejiang,period-2022-01,6.629,°C,,month,source-open-meteo-era5-land,point-proxy-derived,浙江中部代表点，非全省面积加权平均
obs-temp-max-mean-2022-01,Observation,2022-01-indicator-temp-max-mean,WeatherObservation,indicator-temp-max-mean,region-zhejiang,period-2022-01,9.965,°C,,month,source-open-meteo-era5-land,point-proxy-derived,浙江中部代表点，非全省面积加权平均
obs-temp-min-mean-2022-01,Observation,2022-01-indicator-temp-min-mean,WeatherObservation,indicator-temp-min-mean,region-zhejiang,period-2022-01,3.555,°C,,month,source-open-meteo-era5-land,point-proxy-derived,浙江中部代表点，非全省面积加权平均
obs-temp-abs-max-2022-01,Observation,2022-01-indicator-temp-abs-max,WeatherObservation,indicator-temp-abs-max,region-zhejiang,period-2022-01,17,°C,,month,source-open-meteo-era5-land,point-proxy-derived,浙江中部代表点，非全省面积加权平均
obs-temp-abs-min-2022-01,Observation,2022-01-indicator-temp-abs-min,WeatherObservation,indicator-temp-abs-min,region-zhejiang,period-2022-01,-2.1,°C,,month,source-open-meteo-era5-land,point-proxy-derived,浙江中部代表点，非全省面积加权平均
obs-cdd18-2022-01,Observation,2022-01-feature-cdd18,WeatherObservation,feature-cdd18,region-zhejiang,period-2022-01,0,°C·d,,month,source-open-meteo-era5-land,point-proxy-derived,浙江中部代表点，非全省面积加权平均
obs-hdd18-2022-01,Observation,2022-01-feature-hdd18,WeatherObservation,feature-hdd18,region-zhejiang,period-2022-01,352.5,°C·d,,month,source-open-meteo-era5-land,point-proxy-derived,浙江中部代表点，非全省面积加权平均
obs-hot-days-2022-01,Observation,2022-01-feature-hot-days,WeatherObservation,feature-hot-days,region-zhejiang,period-2022-01,0,天,,month,source-open-meteo-era5-land,point-proxy-derived,浙江中部代表点，非全省面积加权平均
obs-cold-days-2022-01,Observation,2022-01-feature-cold-days,WeatherObservation,feature-cold-days,region-zhejiang,period-2022-01,4,天,,month,source-open-meteo-era5-land,point-proxy-derived,浙江中部代表点，非全省面积加权平均
obs-temp-mean-2022-02,Observation,2022-02-indicator-temp-mean,WeatherObservation,indicator-temp-mean,region-zhejiang,period-2022-02,5.036,°C,,month,source-open-meteo-era5-land,point-proxy-derived,浙江中部代表点，非全省面积加权平均
obs-temp-max-mean-2022-02,Observation,2022-02-indicator-temp-max-mean,WeatherObservation,indicator-temp-max-mean,region-zhejiang,period-2022-02,8.111,°C,,month,source-open-meteo-era5-land,point-proxy-derived,浙江中部代表点，非全省面积加权平均
obs-temp-min-mean-2022-02,Observation,2022-02-indicator-temp-min-mean,WeatherObservation,indicator-temp-min-mean,region-zhejiang,period-2022-02,2.279,°C,,month,source-open-meteo-era5-land,point-proxy-derived,浙江中部代表点，非全省面积加权平均
obs-temp-abs-max-2022-02,Observation,2022-02-indicator-temp-abs-max,WeatherObservation,indicator-temp-abs-max,region-zhejiang,period-2022-02,22.6,°C,,month,source-open-meteo-era5-land,point-proxy-derived,浙江中部代表点，非全省面积加权平均
obs-temp-abs-min-2022-02,Observation,2022-02-indicator-temp-abs-min,WeatherObservation,indicator-temp-abs-min,region-zhejiang,period-2022-02,-1.3,°C,,month,source-open-meteo-era5-land,point-proxy-derived,浙江中部代表点，非全省面积加权平均
obs-cdd18-2022-02,Observation,2022-02-feature-cdd18,WeatherObservation,feature-cdd18,region-zhejiang,period-2022-02,0,°C·d,,month,source-open-meteo-era5-land,point-proxy-derived,浙江中部代表点，非全省面积加权平均
obs-hdd18-2022-02,Observation,2022-02-feature-hdd18,WeatherObservation,feature-hdd18,region-zhejiang,period-2022-02,363,°C·d,,month,source-open-meteo-era5-land,point-proxy-derived,浙江中部代表点，非全省面积加权平均
obs-hot-days-2022-02,Observation,2022-02-feature-hot-days,WeatherObservation,feature-hot-days,region-zhejiang,period-2022-02,0,天,,month,source-open-meteo-era5-land,point-proxy-derived,浙江中部代表点，非全省面积加权平均
obs-cold-days-2022-02,Observation,2022-02-feature-cold-days,WeatherObservation,feature-cold-days,region-zhejiang,period-2022-02,4,天,,month,source-open-meteo-era5-land,point-proxy-derived,浙江中部代表点，非全省面积加权平均
obs-temp-mean-2022-03,Observation,2022-03-indicator-temp-mean,WeatherObservation,indicator-temp-mean,region-zhejiang,period-2022-03,14.003,°C,,month,source-open-meteo-era5-land,point-proxy-derived,浙江中部代表点，非全省面积加权平均
obs-temp-max-mean-2022-03,Observation,2022-03-indicator-temp-max-mean,WeatherObservation,indicator-temp-max-mean,region-zhejiang,period-2022-03,19.129,°C,,month,source-open-meteo-era5-land,point-proxy-derived,浙江中部代表点，非全省面积加权平均
obs-temp-min-mean-2022-03,Observation,2022-03-indicator-temp-min-mean,WeatherObservation,indicator-temp-min-mean,region-zhejiang,period-2022-03,9.413,°C,,month,source-open-meteo-era5-land,point-proxy-derived,浙江中部代表点，非全省面积加权平均
obs-temp-abs-max-2022-03,Observation,2022-03-indicator-temp-abs-max,WeatherObservation,indicator-temp-abs-max,region-zhejiang,period-2022-03,28,°C,,month,source-open-meteo-era5-land,point-proxy-derived,浙江中部代表点，非全省面积加权平均
obs-temp-abs-min-2022-03,Observation,2022-03-indicator-temp-abs-min,WeatherObservation,indicator-temp-abs-min,region-zhejiang,period-2022-03,2.7,°C,,month,source-open-meteo-era5-land,point-proxy-derived,浙江中部代表点，非全省面积加权平均
obs-cdd18-2022-03,Observation,2022-03-feature-cdd18,WeatherObservation,feature-cdd18,region-zhejiang,period-2022-03,10,°C·d,,month,source-open-meteo-era5-land,point-proxy-derived,浙江中部代表点，非全省面积加权平均
obs-hdd18-2022-03,Observation,2022-03-feature-hdd18,WeatherObservation,feature-hdd18,region-zhejiang,period-2022-03,133.9,°C·d,,month,source-open-meteo-era5-land,point-proxy-derived,浙江中部代表点，非全省面积加权平均
obs-hot-days-2022-03,Observation,2022-03-feature-hot-days,WeatherObservation,feature-hot-days,region-zhejiang,period-2022-03,0,天,,month,source-open-meteo-era5-land,point-proxy-derived,浙江中部代表点，非全省面积加权平均
obs-cold-days-2022-03,Observation,2022-03-feature-cold-days,WeatherObservation,feature-cold-days,region-zhejiang,period-2022-03,0,天,,month,source-open-meteo-era5-land,point-proxy-derived,浙江中部代表点，非全省面积加权平均
obs-temp-mean-2022-04,Observation,2022-04-indicator-temp-mean,WeatherObservation,indicator-temp-mean,region-zhejiang,period-2022-04,17.213,°C,,month,source-open-meteo-era5-land,point-proxy-derived,浙江中部代表点，非全省面积加权平均
obs-temp-max-mean-2022-04,Observation,2022-04-indicator-temp-max-mean,WeatherObservation,indicator-temp-max-mean,region-zhejiang,period-2022-04,22.17,°C,,month,source-open-meteo-era5-land,point-proxy-derived,浙江中部代表点，非全省面积加权平均
obs-temp-min-mean-2022-04,Observation,2022-04-indicator-temp-min-mean,WeatherObservation,indicator-temp-min-mean,region-zhejiang,period-2022-04,12.437,°C,,month,source-open-meteo-era5-land,point-proxy-derived,浙江中部代表点，非全省面积加权平均
obs-temp-abs-max-2022-04,Observation,2022-04-indicator-temp-abs-max,WeatherObservation,indicator-temp-abs-max,region-zhejiang,period-2022-04,30.6,°C,,month,source-open-meteo-era5-land,point-proxy-derived,浙江中部代表点，非全省面积加权平均
obs-temp-abs-min-2022-04,Observation,2022-04-indicator-temp-abs-min,WeatherObservation,indicator-temp-abs-min,region-zhejiang,period-2022-04,4.3,°C,,month,source-open-meteo-era5-land,point-proxy-derived,浙江中部代表点，非全省面积加权平均
obs-cdd18-2022-04,Observation,2022-04-feature-cdd18,WeatherObservation,feature-cdd18,region-zhejiang,period-2022-04,38.8,°C·d,,month,source-open-meteo-era5-land,point-proxy-derived,浙江中部代表点，非全省面积加权平均
obs-hdd18-2022-04,Observation,2022-04-feature-hdd18,WeatherObservation,feature-hdd18,region-zhejiang,period-2022-04,62.4,°C·d,,month,source-open-meteo-era5-land,point-proxy-derived,浙江中部代表点，非全省面积加权平均
obs-hot-days-2022-04,Observation,2022-04-feature-hot-days,WeatherObservation,feature-hot-days,region-zhejiang,period-2022-04,0,天,,month,source-open-meteo-era5-land,point-proxy-derived,浙江中部代表点，非全省面积加权平均
obs-cold-days-2022-04,Observation,2022-04-feature-cold-days,WeatherObservation,feature-cold-days,region-zhejiang,period-2022-04,0,天,,month,source-open-meteo-era5-land,point-proxy-derived,浙江中部代表点，非全省面积加权平均
obs-temp-mean-2022-05,Observation,2022-05-indicator-temp-mean,WeatherObservation,indicator-temp-mean,region-zhejiang,period-2022-05,19.448,°C,,month,source-open-meteo-era5-land,point-proxy-derived,浙江中部代表点，非全省面积加权平均
obs-temp-max-mean-2022-05,Observation,2022-05-indicator-temp-max-mean,WeatherObservation,indicator-temp-max-mean,region-zhejiang,period-2022-05,23.581,°C,,month,source-open-meteo-era5-land,point-proxy-derived,浙江中部代表点，非全省面积加权平均
obs-temp-min-mean-2022-05,Observation,2022-05-indicator-temp-min-mean,WeatherObservation,indicator-temp-min-mean,region-zhejiang,period-2022-05,15.677,°C,,month,source-open-meteo-era5-land,point-proxy-derived,浙江中部代表点，非全省面积加权平均
obs-temp-abs-max-2022-05,Observation,2022-05-indicator-temp-abs-max,WeatherObservation,indicator-temp-abs-max,region-zhejiang,period-2022-05,28.7,°C,,month,source-open-meteo-era5-land,point-proxy-derived,浙江中部代表点，非全省面积加权平均
obs-temp-abs-min-2022-05,Observation,2022-05-indicator-temp-abs-min,WeatherObservation,indicator-temp-abs-min,region-zhejiang,period-2022-05,11.2,°C,,month,source-open-meteo-era5-land,point-proxy-derived,浙江中部代表点，非全省面积加权平均
obs-cdd18-2022-05,Observation,2022-05-feature-cdd18,WeatherObservation,feature-cdd18,region-zhejiang,period-2022-05,57.3,°C·d,,month,source-open-meteo-era5-land,point-proxy-derived,浙江中部代表点，非全省面积加权平均
obs-hdd18-2022-05,Observation,2022-05-feature-hdd18,WeatherObservation,feature-hdd18,region-zhejiang,period-2022-05,12.4,°C·d,,month,source-open-meteo-era5-land,point-proxy-derived,浙江中部代表点，非全省面积加权平均
obs-hot-days-2022-05,Observation,2022-05-feature-hot-days,WeatherObservation,feature-hot-days,region-zhejiang,period-2022-05,0,天,,month,source-open-meteo-era5-land,point-proxy-derived,浙江中部代表点，非全省面积加权平均
obs-cold-days-2022-05,Observation,2022-05-feature-cold-days,WeatherObservation,feature-cold-days,region-zhejiang,period-2022-05,0,天,,month,source-open-meteo-era5-land,point-proxy-derived,浙江中部代表点，非全省面积加权平均
obs-temp-mean-2022-06,Observation,2022-06-indicator-temp-mean,WeatherObservation,indicator-temp-mean,region-zhejiang,period-2022-06,25.103,°C,,month,source-open-meteo-era5-land,point-proxy-derived,浙江中部代表点，非全省面积加权平均
obs-temp-max-mean-2022-06,Observation,2022-06-indicator-temp-max-mean,WeatherObservation,indicator-temp-max-mean,region-zhejiang,period-2022-06,28.9,°C,,month,source-open-meteo-era5-land,point-proxy-derived,浙江中部代表点，非全省面积加权平均
obs-temp-min-mean-2022-06,Observation,2022-06-indicator-temp-min-mean,WeatherObservation,indicator-temp-min-mean,region-zhejiang,period-2022-06,21.813,°C,,month,source-open-meteo-era5-land,point-proxy-derived,浙江中部代表点，非全省面积加权平均
obs-temp-abs-max-2022-06,Observation,2022-06-indicator-temp-abs-max,WeatherObservation,indicator-temp-abs-max,region-zhejiang,period-2022-06,34,°C,,month,source-open-meteo-era5-land,point-proxy-derived,浙江中部代表点，非全省面积加权平均
obs-temp-abs-min-2022-06,Observation,2022-06-indicator-temp-abs-min,WeatherObservation,indicator-temp-abs-min,region-zhejiang,period-2022-06,17.9,°C,,month,source-open-meteo-era5-land,point-proxy-derived,浙江中部代表点，非全省面积加权平均
obs-cdd18-2022-06,Observation,2022-06-feature-cdd18,WeatherObservation,feature-cdd18,region-zhejiang,period-2022-06,213.1,°C·d,,month,source-open-meteo-era5-land,point-proxy-derived,浙江中部代表点，非全省面积加权平均
obs-hdd18-2022-06,Observation,2022-06-feature-hdd18,WeatherObservation,feature-hdd18,region-zhejiang,period-2022-06,0,°C·d,,month,source-open-meteo-era5-land,point-proxy-derived,浙江中部代表点，非全省面积加权平均
obs-hot-days-2022-06,Observation,2022-06-feature-hot-days,WeatherObservation,feature-hot-days,region-zhejiang,period-2022-06,0,天,,month,source-open-meteo-era5-land,point-proxy-derived,浙江中部代表点，非全省面积加权平均
obs-cold-days-2022-06,Observation,2022-06-feature-cold-days,WeatherObservation,feature-cold-days,region-zhejiang,period-2022-06,0,天,,month,source-open-meteo-era5-land,point-proxy-derived,浙江中部代表点，非全省面积加权平均
obs-temp-mean-2022-07,Observation,2022-07-indicator-temp-mean,WeatherObservation,indicator-temp-mean,region-zhejiang,period-2022-07,31.603,°C,,month,source-open-meteo-era5-land,point-proxy-derived,浙江中部代表点，非全省面积加权平均
obs-temp-max-mean-2022-07,Observation,2022-07-indicator-temp-max-mean,WeatherObservation,indicator-temp-max-mean,region-zhejiang,period-2022-07,36.797,°C,,month,source-open-meteo-era5-land,point-proxy-derived,浙江中部代表点，非全省面积加权平均
obs-temp-min-mean-2022-07,Observation,2022-07-indicator-temp-min-mean,WeatherObservation,indicator-temp-min-mean,region-zhejiang,period-2022-07,27.068,°C,,month,source-open-meteo-era5-land,point-proxy-derived,浙江中部代表点，非全省面积加权平均
obs-temp-abs-max-2022-07,Observation,2022-07-indicator-temp-abs-max,WeatherObservation,indicator-temp-abs-max,region-zhejiang,period-2022-07,40.4,°C,,month,source-open-meteo-era5-land,point-proxy-derived,浙江中部代表点，非全省面积加权平均
obs-temp-abs-min-2022-07,Observation,2022-07-indicator-temp-abs-min,WeatherObservation,indicator-temp-abs-min,region-zhejiang,period-2022-07,23,°C,,month,source-open-meteo-era5-land,point-proxy-derived,浙江中部代表点，非全省面积加权平均
obs-cdd18-2022-07,Observation,2022-07-feature-cdd18,WeatherObservation,feature-cdd18,region-zhejiang,period-2022-07,421.7,°C·d,,month,source-open-meteo-era5-land,point-proxy-derived,浙江中部代表点，非全省面积加权平均
obs-hdd18-2022-07,Observation,2022-07-feature-hdd18,WeatherObservation,feature-hdd18,region-zhejiang,period-2022-07,0,°C·d,,month,source-open-meteo-era5-land,point-proxy-derived,浙江中部代表点，非全省面积加权平均
obs-hot-days-2022-07,Observation,2022-07-feature-hot-days,WeatherObservation,feature-hot-days,region-zhejiang,period-2022-07,22,天,,month,source-open-meteo-era5-land,point-proxy-derived,浙江中部代表点，非全省面积加权平均
obs-cold-days-2022-07,Observation,2022-07-feature-cold-days,WeatherObservation,feature-cold-days,region-zhejiang,period-2022-07,0,天,,month,source-open-meteo-era5-land,point-proxy-derived,浙江中部代表点，非全省面积加权平均
obs-temp-mean-2022-08,Observation,2022-08-indicator-temp-mean,WeatherObservation,indicator-temp-mean,region-zhejiang,period-2022-08,32.358,°C,,month,source-open-meteo-era5-land,point-proxy-derived,浙江中部代表点，非全省面积加权平均
obs-temp-max-mean-2022-08,Observation,2022-08-indicator-temp-max-mean,WeatherObservation,indicator-temp-max-mean,region-zhejiang,period-2022-08,38.032,°C,,month,source-open-meteo-era5-land,point-proxy-derived,浙江中部代表点，非全省面积加权平均
obs-temp-min-mean-2022-08,Observation,2022-08-indicator-temp-min-mean,WeatherObservation,indicator-temp-min-mean,region-zhejiang,period-2022-08,27.561,°C,,month,source-open-meteo-era5-land,point-proxy-derived,浙江中部代表点，非全省面积加权平均
obs-temp-abs-max-2022-08,Observation,2022-08-indicator-temp-abs-max,WeatherObservation,indicator-temp-abs-max,region-zhejiang,period-2022-08,41.2,°C,,month,source-open-meteo-era5-land,point-proxy-derived,浙江中部代表点，非全省面积加权平均
obs-temp-abs-min-2022-08,Observation,2022-08-indicator-temp-abs-min,WeatherObservation,indicator-temp-abs-min,region-zhejiang,period-2022-08,23.6,°C,,month,source-open-meteo-era5-land,point-proxy-derived,浙江中部代表点，非全省面积加权平均
obs-cdd18-2022-08,Observation,2022-08-feature-cdd18,WeatherObservation,feature-cdd18,region-zhejiang,period-2022-08,445.1,°C·d,,month,source-open-meteo-era5-land,point-proxy-derived,浙江中部代表点，非全省面积加权平均
obs-hdd18-2022-08,Observation,2022-08-feature-hdd18,WeatherObservation,feature-hdd18,region-zhejiang,period-2022-08,0,°C·d,,month,source-open-meteo-era5-land,point-proxy-derived,浙江中部代表点，非全省面积加权平均
obs-hot-days-2022-08,Observation,2022-08-feature-hot-days,WeatherObservation,feature-hot-days,region-zhejiang,period-2022-08,27,天,,month,source-open-meteo-era5-land,point-proxy-derived,浙江中部代表点，非全省面积加权平均
obs-cold-days-2022-08,Observation,2022-08-feature-cold-days,WeatherObservation,feature-cold-days,region-zhejiang,period-2022-08,0,天,,month,source-open-meteo-era5-land,point-proxy-derived,浙江中部代表点，非全省面积加权平均
obs-temp-mean-2022-09,Observation,2022-09-indicator-temp-mean,WeatherObservation,indicator-temp-mean,region-zhejiang,period-2022-09,24.243,°C,,month,source-open-meteo-era5-land,point-proxy-derived,浙江中部代表点，非全省面积加权平均
obs-temp-max-mean-2022-09,Observation,2022-09-indicator-temp-max-mean,WeatherObservation,indicator-temp-max-mean,region-zhejiang,period-2022-09,28.583,°C,,month,source-open-meteo-era5-land,point-proxy-derived,浙江中部代表点，非全省面积加权平均
obs-temp-min-mean-2022-09,Observation,2022-09-indicator-temp-min-mean,WeatherObservation,indicator-temp-min-mean,region-zhejiang,period-2022-09,20.713,°C,,month,source-open-meteo-era5-land,point-proxy-derived,浙江中部代表点，非全省面积加权平均
obs-temp-abs-max-2022-09,Observation,2022-09-indicator-temp-abs-max,WeatherObservation,indicator-temp-abs-max,region-zhejiang,period-2022-09,34.6,°C,,month,source-open-meteo-era5-land,point-proxy-derived,浙江中部代表点，非全省面积加权平均
obs-temp-abs-min-2022-09,Observation,2022-09-indicator-temp-abs-min,WeatherObservation,indicator-temp-abs-min,region-zhejiang,period-2022-09,16.1,°C,,month,source-open-meteo-era5-land,point-proxy-derived,浙江中部代表点，非全省面积加权平均
obs-cdd18-2022-09,Observation,2022-09-feature-cdd18,WeatherObservation,feature-cdd18,region-zhejiang,period-2022-09,187.3,°C·d,,month,source-open-meteo-era5-land,point-proxy-derived,浙江中部代表点，非全省面积加权平均
obs-hdd18-2022-09,Observation,2022-09-feature-hdd18,WeatherObservation,feature-hdd18,region-zhejiang,period-2022-09,0,°C·d,,month,source-open-meteo-era5-land,point-proxy-derived,浙江中部代表点，非全省面积加权平均
obs-hot-days-2022-09,Observation,2022-09-feature-hot-days,WeatherObservation,feature-hot-days,region-zhejiang,period-2022-09,0,天,,month,source-open-meteo-era5-land,point-proxy-derived,浙江中部代表点，非全省面积加权平均
obs-cold-days-2022-09,Observation,2022-09-feature-cold-days,WeatherObservation,feature-cold-days,region-zhejiang,period-2022-09,0,天,,month,source-open-meteo-era5-land,point-proxy-derived,浙江中部代表点，非全省面积加权平均
obs-temp-mean-2022-10,Observation,2022-10-indicator-temp-mean,WeatherObservation,indicator-temp-mean,region-zhejiang,period-2022-10,18.674,°C,,month,source-open-meteo-era5-land,point-proxy-derived,浙江中部代表点，非全省面积加权平均
obs-temp-max-mean-2022-10,Observation,2022-10-indicator-temp-max-mean,WeatherObservation,indicator-temp-max-mean,region-zhejiang,period-2022-10,22.942,°C,,month,source-open-meteo-era5-land,point-proxy-derived,浙江中部代表点，非全省面积加权平均
obs-temp-min-mean-2022-10,Observation,2022-10-indicator-temp-min-mean,WeatherObservation,indicator-temp-min-mean,region-zhejiang,period-2022-10,14.8,°C,,month,source-open-meteo-era5-land,point-proxy-derived,浙江中部代表点，非全省面积加权平均
obs-temp-abs-max-2022-10,Observation,2022-10-indicator-temp-abs-max,WeatherObservation,indicator-temp-abs-max,region-zhejiang,period-2022-10,37.2,°C,,month,source-open-meteo-era5-land,point-proxy-derived,浙江中部代表点，非全省面积加权平均
obs-temp-abs-min-2022-10,Observation,2022-10-indicator-temp-abs-min,WeatherObservation,indicator-temp-abs-min,region-zhejiang,period-2022-10,8.6,°C,,month,source-open-meteo-era5-land,point-proxy-derived,浙江中部代表点，非全省面积加权平均
obs-cdd18-2022-10,Observation,2022-10-feature-cdd18,WeatherObservation,feature-cdd18,region-zhejiang,period-2022-10,53.3,°C·d,,month,source-open-meteo-era5-land,point-proxy-derived,浙江中部代表点，非全省面积加权平均
obs-hdd18-2022-10,Observation,2022-10-feature-hdd18,WeatherObservation,feature-hdd18,region-zhejiang,period-2022-10,32.4,°C·d,,month,source-open-meteo-era5-land,point-proxy-derived,浙江中部代表点，非全省面积加权平均
obs-hot-days-2022-10,Observation,2022-10-feature-hot-days,WeatherObservation,feature-hot-days,region-zhejiang,period-2022-10,3,天,,month,source-open-meteo-era5-land,point-proxy-derived,浙江中部代表点，非全省面积加权平均
obs-cold-days-2022-10,Observation,2022-10-feature-cold-days,WeatherObservation,feature-cold-days,region-zhejiang,period-2022-10,0,天,,month,source-open-meteo-era5-land,point-proxy-derived,浙江中部代表点，非全省面积加权平均
obs-temp-mean-2022-11,Observation,2022-11-indicator-temp-mean,WeatherObservation,indicator-temp-mean,region-zhejiang,period-2022-11,16.527,°C,,month,source-open-meteo-era5-land,point-proxy-derived,浙江中部代表点，非全省面积加权平均
obs-temp-max-mean-2022-11,Observation,2022-11-indicator-temp-max-mean,WeatherObservation,indicator-temp-max-mean,region-zhejiang,period-2022-11,20.607,°C,,month,source-open-meteo-era5-land,point-proxy-derived,浙江中部代表点，非全省面积加权平均
obs-temp-min-mean-2022-11,Observation,2022-11-indicator-temp-min-mean,WeatherObservation,indicator-temp-min-mean,region-zhejiang,period-2022-11,13.107,°C,,month,source-open-meteo-era5-land,point-proxy-derived,浙江中部代表点，非全省面积加权平均
obs-temp-abs-max-2022-11,Observation,2022-11-indicator-temp-abs-max,WeatherObservation,indicator-temp-abs-max,region-zhejiang,period-2022-11,30.6,°C,,month,source-open-meteo-era5-land,point-proxy-derived,浙江中部代表点，非全省面积加权平均
obs-temp-abs-min-2022-11,Observation,2022-11-indicator-temp-abs-min,WeatherObservation,indicator-temp-abs-min,region-zhejiang,period-2022-11,1.2,°C,,month,source-open-meteo-era5-land,point-proxy-derived,浙江中部代表点，非全省面积加权平均
obs-cdd18-2022-11,Observation,2022-11-feature-cdd18,WeatherObservation,feature-cdd18,region-zhejiang,period-2022-11,15.5,°C·d,,month,source-open-meteo-era5-land,point-proxy-derived,浙江中部代表点，非全省面积加权平均
obs-hdd18-2022-11,Observation,2022-11-feature-hdd18,WeatherObservation,feature-hdd18,region-zhejiang,period-2022-11,59.7,°C·d,,month,source-open-meteo-era5-land,point-proxy-derived,浙江中部代表点，非全省面积加权平均
obs-hot-days-2022-11,Observation,2022-11-feature-hot-days,WeatherObservation,feature-hot-days,region-zhejiang,period-2022-11,0,天,,month,source-open-meteo-era5-land,point-proxy-derived,浙江中部代表点，非全省面积加权平均
obs-cold-days-2022-11,Observation,2022-11-feature-cold-days,WeatherObservation,feature-cold-days,region-zhejiang,period-2022-11,0,天,,month,source-open-meteo-era5-land,point-proxy-derived,浙江中部代表点，非全省面积加权平均
obs-temp-mean-2022-12,Observation,2022-12-indicator-temp-mean,WeatherObservation,indicator-temp-mean,region-zhejiang,period-2022-12,5.232,°C,,month,source-open-meteo-era5-land,point-proxy-derived,浙江中部代表点，非全省面积加权平均
obs-temp-max-mean-2022-12,Observation,2022-12-indicator-temp-max-mean,WeatherObservation,indicator-temp-max-mean,region-zhejiang,period-2022-12,8.719,°C,,month,source-open-meteo-era5-land,point-proxy-derived,浙江中部代表点，非全省面积加权平均
obs-temp-min-mean-2022-12,Observation,2022-12-indicator-temp-min-mean,WeatherObservation,indicator-temp-min-mean,region-zhejiang,period-2022-12,2.171,°C,,month,source-open-meteo-era5-land,point-proxy-derived,浙江中部代表点，非全省面积加权平均
obs-temp-abs-max-2022-12,Observation,2022-12-indicator-temp-abs-max,WeatherObservation,indicator-temp-abs-max,region-zhejiang,period-2022-12,14,°C,,month,source-open-meteo-era5-land,point-proxy-derived,浙江中部代表点，非全省面积加权平均
obs-temp-abs-min-2022-12,Observation,2022-12-indicator-temp-abs-min,WeatherObservation,indicator-temp-abs-min,region-zhejiang,period-2022-12,-4,°C,,month,source-open-meteo-era5-land,point-proxy-derived,浙江中部代表点，非全省面积加权平均
obs-cdd18-2022-12,Observation,2022-12-feature-cdd18,WeatherObservation,feature-cdd18,region-zhejiang,period-2022-12,0,°C·d,,month,source-open-meteo-era5-land,point-proxy-derived,浙江中部代表点，非全省面积加权平均
obs-hdd18-2022-12,Observation,2022-12-feature-hdd18,WeatherObservation,feature-hdd18,region-zhejiang,period-2022-12,395.8,°C·d,,month,source-open-meteo-era5-land,point-proxy-derived,浙江中部代表点，非全省面积加权平均
obs-hot-days-2022-12,Observation,2022-12-feature-hot-days,WeatherObservation,feature-hot-days,region-zhejiang,period-2022-12,0,天,,month,source-open-meteo-era5-land,point-proxy-derived,浙江中部代表点，非全省面积加权平均
obs-cold-days-2022-12,Observation,2022-12-feature-cold-days,WeatherObservation,feature-cold-days,region-zhejiang,period-2022-12,10,天,,month,source-open-meteo-era5-land,point-proxy-derived,浙江中部代表点，非全省面积加权平均
obs-temp-mean-2023-01,Observation,2023-01-indicator-temp-mean,WeatherObservation,indicator-temp-mean,region-zhejiang,period-2023-01,6.961,°C,,month,source-open-meteo-era5-land,point-proxy-derived,浙江中部代表点，非全省面积加权平均
obs-temp-max-mean-2023-01,Observation,2023-01-indicator-temp-max-mean,WeatherObservation,indicator-temp-max-mean,region-zhejiang,period-2023-01,11.832,°C,,month,source-open-meteo-era5-land,point-proxy-derived,浙江中部代表点，非全省面积加权平均
obs-temp-min-mean-2023-01,Observation,2023-01-indicator-temp-min-mean,WeatherObservation,indicator-temp-min-mean,region-zhejiang,period-2023-01,2.632,°C,,month,source-open-meteo-era5-land,point-proxy-derived,浙江中部代表点，非全省面积加权平均
obs-temp-abs-max-2023-01,Observation,2023-01-indicator-temp-abs-max,WeatherObservation,indicator-temp-abs-max,region-zhejiang,period-2023-01,22.3,°C,,month,source-open-meteo-era5-land,point-proxy-derived,浙江中部代表点，非全省面积加权平均
obs-temp-abs-min-2023-01,Observation,2023-01-indicator-temp-abs-min,WeatherObservation,indicator-temp-abs-min,region-zhejiang,period-2023-01,-5.6,°C,,month,source-open-meteo-era5-land,point-proxy-derived,浙江中部代表点，非全省面积加权平均
obs-cdd18-2023-01,Observation,2023-01-feature-cdd18,WeatherObservation,feature-cdd18,region-zhejiang,period-2023-01,0,°C·d,,month,source-open-meteo-era5-land,point-proxy-derived,浙江中部代表点，非全省面积加权平均
obs-hdd18-2023-01,Observation,2023-01-feature-hdd18,WeatherObservation,feature-hdd18,region-zhejiang,period-2023-01,342.2,°C·d,,month,source-open-meteo-era5-land,point-proxy-derived,浙江中部代表点，非全省面积加权平均
obs-hot-days-2023-01,Observation,2023-01-feature-hot-days,WeatherObservation,feature-hot-days,region-zhejiang,period-2023-01,0,天,,month,source-open-meteo-era5-land,point-proxy-derived,浙江中部代表点，非全省面积加权平均
obs-cold-days-2023-01,Observation,2023-01-feature-cold-days,WeatherObservation,feature-cold-days,region-zhejiang,period-2023-01,11,天,,month,source-open-meteo-era5-land,point-proxy-derived,浙江中部代表点，非全省面积加权平均
obs-temp-mean-2023-02,Observation,2023-02-indicator-temp-mean,WeatherObservation,indicator-temp-mean,region-zhejiang,period-2023-02,7.704,°C,,month,source-open-meteo-era5-land,point-proxy-derived,浙江中部代表点，非全省面积加权平均
obs-temp-max-mean-2023-02,Observation,2023-02-indicator-temp-max-mean,WeatherObservation,indicator-temp-max-mean,region-zhejiang,period-2023-02,12.179,°C,,month,source-open-meteo-era5-land,point-proxy-derived,浙江中部代表点，非全省面积加权平均
obs-temp-min-mean-2023-02,Observation,2023-02-indicator-temp-min-mean,WeatherObservation,indicator-temp-min-mean,region-zhejiang,period-2023-02,4.014,°C,,month,source-open-meteo-era5-land,point-proxy-derived,浙江中部代表点，非全省面积加权平均
obs-temp-abs-max-2023-02,Observation,2023-02-indicator-temp-abs-max,WeatherObservation,indicator-temp-abs-max,region-zhejiang,period-2023-02,22,°C,,month,source-open-meteo-era5-land,point-proxy-derived,浙江中部代表点，非全省面积加权平均
obs-temp-abs-min-2023-02,Observation,2023-02-indicator-temp-abs-min,WeatherObservation,indicator-temp-abs-min,region-zhejiang,period-2023-02,-1.9,°C,,month,source-open-meteo-era5-land,point-proxy-derived,浙江中部代表点，非全省面积加权平均
obs-cdd18-2023-02,Observation,2023-02-feature-cdd18,WeatherObservation,feature-cdd18,region-zhejiang,period-2023-02,0,°C·d,,month,source-open-meteo-era5-land,point-proxy-derived,浙江中部代表点，非全省面积加权平均
obs-hdd18-2023-02,Observation,2023-02-feature-hdd18,WeatherObservation,feature-hdd18,region-zhejiang,period-2023-02,288.3,°C·d,,month,source-open-meteo-era5-land,point-proxy-derived,浙江中部代表点，非全省面积加权平均
obs-hot-days-2023-02,Observation,2023-02-feature-hot-days,WeatherObservation,feature-hot-days,region-zhejiang,period-2023-02,0,天,,month,source-open-meteo-era5-land,point-proxy-derived,浙江中部代表点，非全省面积加权平均
obs-cold-days-2023-02,Observation,2023-02-feature-cold-days,WeatherObservation,feature-cold-days,region-zhejiang,period-2023-02,3,天,,month,source-open-meteo-era5-land,point-proxy-derived,浙江中部代表点，非全省面积加权平均
obs-temp-mean-2023-03,Observation,2023-03-indicator-temp-mean,WeatherObservation,indicator-temp-mean,region-zhejiang,period-2023-03,13.368,°C,,month,source-open-meteo-era5-land,point-proxy-derived,浙江中部代表点，非全省面积加权平均
obs-temp-max-mean-2023-03,Observation,2023-03-indicator-temp-max-mean,WeatherObservation,indicator-temp-max-mean,region-zhejiang,period-2023-03,18.813,°C,,month,source-open-meteo-era5-land,point-proxy-derived,浙江中部代表点，非全省面积加权平均
obs-temp-min-mean-2023-03,Observation,2023-03-indicator-temp-min-mean,WeatherObservation,indicator-temp-min-mean,region-zhejiang,period-2023-03,8.629,°C,,month,source-open-meteo-era5-land,point-proxy-derived,浙江中部代表点，非全省面积加权平均
obs-temp-abs-max-2023-03,Observation,2023-03-indicator-temp-abs-max,WeatherObservation,indicator-temp-abs-max,region-zhejiang,period-2023-03,27.3,°C,,month,source-open-meteo-era5-land,point-proxy-derived,浙江中部代表点，非全省面积加权平均
obs-temp-abs-min-2023-03,Observation,2023-03-indicator-temp-abs-min,WeatherObservation,indicator-temp-abs-min,region-zhejiang,period-2023-03,3.7,°C,,month,source-open-meteo-era5-land,point-proxy-derived,浙江中部代表点，非全省面积加权平均
obs-cdd18-2023-03,Observation,2023-03-feature-cdd18,WeatherObservation,feature-cdd18,region-zhejiang,period-2023-03,3.5,°C·d,,month,source-open-meteo-era5-land,point-proxy-derived,浙江中部代表点，非全省面积加权平均
obs-hdd18-2023-03,Observation,2023-03-feature-hdd18,WeatherObservation,feature-hdd18,region-zhejiang,period-2023-03,147.1,°C·d,,month,source-open-meteo-era5-land,point-proxy-derived,浙江中部代表点，非全省面积加权平均
obs-hot-days-2023-03,Observation,2023-03-feature-hot-days,WeatherObservation,feature-hot-days,region-zhejiang,period-2023-03,0,天,,month,source-open-meteo-era5-land,point-proxy-derived,浙江中部代表点，非全省面积加权平均
obs-cold-days-2023-03,Observation,2023-03-feature-cold-days,WeatherObservation,feature-cold-days,region-zhejiang,period-2023-03,0,天,,month,source-open-meteo-era5-land,point-proxy-derived,浙江中部代表点，非全省面积加权平均
obs-temp-mean-2023-04,Observation,2023-04-indicator-temp-mean,WeatherObservation,indicator-temp-mean,region-zhejiang,period-2023-04,17.357,°C,,month,source-open-meteo-era5-land,point-proxy-derived,浙江中部代表点，非全省面积加权平均
obs-temp-max-mean-2023-04,Observation,2023-04-indicator-temp-max-mean,WeatherObservation,indicator-temp-max-mean,region-zhejiang,period-2023-04,22.317,°C,,month,source-open-meteo-era5-land,point-proxy-derived,浙江中部代表点，非全省面积加权平均
obs-temp-min-mean-2023-04,Observation,2023-04-indicator-temp-min-mean,WeatherObservation,indicator-temp-min-mean,region-zhejiang,period-2023-04,12.727,°C,,month,source-open-meteo-era5-land,point-proxy-derived,浙江中部代表点，非全省面积加权平均
obs-temp-abs-max-2023-04,Observation,2023-04-indicator-temp-abs-max,WeatherObservation,indicator-temp-abs-max,region-zhejiang,period-2023-04,32.2,°C,,month,source-open-meteo-era5-land,point-proxy-derived,浙江中部代表点，非全省面积加权平均
obs-temp-abs-min-2023-04,Observation,2023-04-indicator-temp-abs-min,WeatherObservation,indicator-temp-abs-min,region-zhejiang,period-2023-04,6.5,°C,,month,source-open-meteo-era5-land,point-proxy-derived,浙江中部代表点，非全省面积加权平均
obs-cdd18-2023-04,Observation,2023-04-feature-cdd18,WeatherObservation,feature-cdd18,region-zhejiang,period-2023-04,28,°C·d,,month,source-open-meteo-era5-land,point-proxy-derived,浙江中部代表点，非全省面积加权平均
obs-hdd18-2023-04,Observation,2023-04-feature-hdd18,WeatherObservation,feature-hdd18,region-zhejiang,period-2023-04,47.3,°C·d,,month,source-open-meteo-era5-land,point-proxy-derived,浙江中部代表点，非全省面积加权平均
obs-hot-days-2023-04,Observation,2023-04-feature-hot-days,WeatherObservation,feature-hot-days,region-zhejiang,period-2023-04,0,天,,month,source-open-meteo-era5-land,point-proxy-derived,浙江中部代表点，非全省面积加权平均
obs-cold-days-2023-04,Observation,2023-04-feature-cold-days,WeatherObservation,feature-cold-days,region-zhejiang,period-2023-04,0,天,,month,source-open-meteo-era5-land,point-proxy-derived,浙江中部代表点，非全省面积加权平均
obs-temp-mean-2023-05,Observation,2023-05-indicator-temp-mean,WeatherObservation,indicator-temp-mean,region-zhejiang,period-2023-05,22.135,°C,,month,source-open-meteo-era5-land,point-proxy-derived,浙江中部代表点，非全省面积加权平均
obs-temp-max-mean-2023-05,Observation,2023-05-indicator-temp-max-mean,WeatherObservation,indicator-temp-max-mean,region-zhejiang,period-2023-05,27.074,°C,,month,source-open-meteo-era5-land,point-proxy-derived,浙江中部代表点，非全省面积加权平均
obs-temp-min-mean-2023-05,Observation,2023-05-indicator-temp-min-mean,WeatherObservation,indicator-temp-min-mean,region-zhejiang,period-2023-05,17.529,°C,,month,source-open-meteo-era5-land,point-proxy-derived,浙江中部代表点，非全省面积加权平均
obs-temp-abs-max-2023-05,Observation,2023-05-indicator-temp-abs-max,WeatherObservation,indicator-temp-abs-max,region-zhejiang,period-2023-05,36.7,°C,,month,source-open-meteo-era5-land,point-proxy-derived,浙江中部代表点，非全省面积加权平均
obs-temp-abs-min-2023-05,Observation,2023-05-indicator-temp-abs-min,WeatherObservation,indicator-temp-abs-min,region-zhejiang,period-2023-05,9.5,°C,,month,source-open-meteo-era5-land,point-proxy-derived,浙江中部代表点，非全省面积加权平均
obs-cdd18-2023-05,Observation,2023-05-feature-cdd18,WeatherObservation,feature-cdd18,region-zhejiang,period-2023-05,133.3,°C·d,,month,source-open-meteo-era5-land,point-proxy-derived,浙江中部代表点，非全省面积加权平均
obs-hdd18-2023-05,Observation,2023-05-feature-hdd18,WeatherObservation,feature-hdd18,region-zhejiang,period-2023-05,5.1,°C·d,,month,source-open-meteo-era5-land,point-proxy-derived,浙江中部代表点，非全省面积加权平均
obs-hot-days-2023-05,Observation,2023-05-feature-hot-days,WeatherObservation,feature-hot-days,region-zhejiang,period-2023-05,1,天,,month,source-open-meteo-era5-land,point-proxy-derived,浙江中部代表点，非全省面积加权平均
obs-cold-days-2023-05,Observation,2023-05-feature-cold-days,WeatherObservation,feature-cold-days,region-zhejiang,period-2023-05,0,天,,month,source-open-meteo-era5-land,point-proxy-derived,浙江中部代表点，非全省面积加权平均
obs-temp-mean-2023-06,Observation,2023-06-indicator-temp-mean,WeatherObservation,indicator-temp-mean,region-zhejiang,period-2023-06,26.007,°C,,month,source-open-meteo-era5-land,point-proxy-derived,浙江中部代表点，非全省面积加权平均
obs-temp-max-mean-2023-06,Observation,2023-06-indicator-temp-max-mean,WeatherObservation,indicator-temp-max-mean,region-zhejiang,period-2023-06,29.973,°C,,month,source-open-meteo-era5-land,point-proxy-derived,浙江中部代表点，非全省面积加权平均
obs-temp-min-mean-2023-06,Observation,2023-06-indicator-temp-min-mean,WeatherObservation,indicator-temp-min-mean,region-zhejiang,period-2023-06,22.633,°C,,month,source-open-meteo-era5-land,point-proxy-derived,浙江中部代表点，非全省面积加权平均
obs-temp-abs-max-2023-06,Observation,2023-06-indicator-temp-abs-max,WeatherObservation,indicator-temp-abs-max,region-zhejiang,period-2023-06,33.8,°C,,month,source-open-meteo-era5-land,point-proxy-derived,浙江中部代表点，非全省面积加权平均
obs-temp-abs-min-2023-06,Observation,2023-06-indicator-temp-abs-min,WeatherObservation,indicator-temp-abs-min,region-zhejiang,period-2023-06,18.9,°C,,month,source-open-meteo-era5-land,point-proxy-derived,浙江中部代表点，非全省面积加权平均
obs-cdd18-2023-06,Observation,2023-06-feature-cdd18,WeatherObservation,feature-cdd18,region-zhejiang,period-2023-06,240.2,°C·d,,month,source-open-meteo-era5-land,point-proxy-derived,浙江中部代表点，非全省面积加权平均
obs-hdd18-2023-06,Observation,2023-06-feature-hdd18,WeatherObservation,feature-hdd18,region-zhejiang,period-2023-06,0,°C·d,,month,source-open-meteo-era5-land,point-proxy-derived,浙江中部代表点，非全省面积加权平均
obs-hot-days-2023-06,Observation,2023-06-feature-hot-days,WeatherObservation,feature-hot-days,region-zhejiang,period-2023-06,0,天,,month,source-open-meteo-era5-land,point-proxy-derived,浙江中部代表点，非全省面积加权平均
obs-cold-days-2023-06,Observation,2023-06-feature-cold-days,WeatherObservation,feature-cold-days,region-zhejiang,period-2023-06,0,天,,month,source-open-meteo-era5-land,point-proxy-derived,浙江中部代表点，非全省面积加权平均
obs-temp-mean-2023-07,Observation,2023-07-indicator-temp-mean,WeatherObservation,indicator-temp-mean,region-zhejiang,period-2023-07,29.313,°C,,month,source-open-meteo-era5-land,point-proxy-derived,浙江中部代表点，非全省面积加权平均
obs-temp-max-mean-2023-07,Observation,2023-07-indicator-temp-max-mean,WeatherObservation,indicator-temp-max-mean,region-zhejiang,period-2023-07,33.41,°C,,month,source-open-meteo-era5-land,point-proxy-derived,浙江中部代表点，非全省面积加权平均
obs-temp-min-mean-2023-07,Observation,2023-07-indicator-temp-min-mean,WeatherObservation,indicator-temp-min-mean,region-zhejiang,period-2023-07,25.99,°C,,month,source-open-meteo-era5-land,point-proxy-derived,浙江中部代表点，非全省面积加权平均
obs-temp-abs-max-2023-07,Observation,2023-07-indicator-temp-abs-max,WeatherObservation,indicator-temp-abs-max,region-zhejiang,period-2023-07,37.8,°C,,month,source-open-meteo-era5-land,point-proxy-derived,浙江中部代表点，非全省面积加权平均
obs-temp-abs-min-2023-07,Observation,2023-07-indicator-temp-abs-min,WeatherObservation,indicator-temp-abs-min,region-zhejiang,period-2023-07,24.6,°C,,month,source-open-meteo-era5-land,point-proxy-derived,浙江中部代表点，非全省面积加权平均
obs-cdd18-2023-07,Observation,2023-07-feature-cdd18,WeatherObservation,feature-cdd18,region-zhejiang,period-2023-07,350.7,°C·d,,month,source-open-meteo-era5-land,point-proxy-derived,浙江中部代表点，非全省面积加权平均
obs-hdd18-2023-07,Observation,2023-07-feature-hdd18,WeatherObservation,feature-hdd18,region-zhejiang,period-2023-07,0,°C·d,,month,source-open-meteo-era5-land,point-proxy-derived,浙江中部代表点，非全省面积加权平均
obs-hot-days-2023-07,Observation,2023-07-feature-hot-days,WeatherObservation,feature-hot-days,region-zhejiang,period-2023-07,9,天,,month,source-open-meteo-era5-land,point-proxy-derived,浙江中部代表点，非全省面积加权平均
obs-cold-days-2023-07,Observation,2023-07-feature-cold-days,WeatherObservation,feature-cold-days,region-zhejiang,period-2023-07,0,天,,month,source-open-meteo-era5-land,point-proxy-derived,浙江中部代表点，非全省面积加权平均
obs-temp-mean-2023-08,Observation,2023-08-indicator-temp-mean,WeatherObservation,indicator-temp-mean,region-zhejiang,period-2023-08,27.49,°C,,month,source-open-meteo-era5-land,point-proxy-derived,浙江中部代表点，非全省面积加权平均
obs-temp-max-mean-2023-08,Observation,2023-08-indicator-temp-max-mean,WeatherObservation,indicator-temp-max-mean,region-zhejiang,period-2023-08,31.442,°C,,month,source-open-meteo-era5-land,point-proxy-derived,浙江中部代表点，非全省面积加权平均
obs-temp-min-mean-2023-08,Observation,2023-08-indicator-temp-min-mean,WeatherObservation,indicator-temp-min-mean,region-zhejiang,period-2023-08,24.539,°C,,month,source-open-meteo-era5-land,point-proxy-derived,浙江中部代表点，非全省面积加权平均
obs-temp-abs-max-2023-08,Observation,2023-08-indicator-temp-abs-max,WeatherObservation,indicator-temp-abs-max,region-zhejiang,period-2023-08,34.5,°C,,month,source-open-meteo-era5-land,point-proxy-derived,浙江中部代表点，非全省面积加权平均
obs-temp-abs-min-2023-08,Observation,2023-08-indicator-temp-abs-min,WeatherObservation,indicator-temp-abs-min,region-zhejiang,period-2023-08,20.1,°C,,month,source-open-meteo-era5-land,point-proxy-derived,浙江中部代表点，非全省面积加权平均
obs-cdd18-2023-08,Observation,2023-08-feature-cdd18,WeatherObservation,feature-cdd18,region-zhejiang,period-2023-08,294.2,°C·d,,month,source-open-meteo-era5-land,point-proxy-derived,浙江中部代表点，非全省面积加权平均
obs-hdd18-2023-08,Observation,2023-08-feature-hdd18,WeatherObservation,feature-hdd18,region-zhejiang,period-2023-08,0,°C·d,,month,source-open-meteo-era5-land,point-proxy-derived,浙江中部代表点，非全省面积加权平均
obs-hot-days-2023-08,Observation,2023-08-feature-hot-days,WeatherObservation,feature-hot-days,region-zhejiang,period-2023-08,0,天,,month,source-open-meteo-era5-land,point-proxy-derived,浙江中部代表点，非全省面积加权平均
obs-cold-days-2023-08,Observation,2023-08-feature-cold-days,WeatherObservation,feature-cold-days,region-zhejiang,period-2023-08,0,天,,month,source-open-meteo-era5-land,point-proxy-derived,浙江中部代表点，非全省面积加权平均
obs-temp-mean-2023-09,Observation,2023-09-indicator-temp-mean,WeatherObservation,indicator-temp-mean,region-zhejiang,period-2023-09,26.24,°C,,month,source-open-meteo-era5-land,point-proxy-derived,浙江中部代表点，非全省面积加权平均
obs-temp-max-mean-2023-09,Observation,2023-09-indicator-temp-max-mean,WeatherObservation,indicator-temp-max-mean,region-zhejiang,period-2023-09,30.357,°C,,month,source-open-meteo-era5-land,point-proxy-derived,浙江中部代表点，非全省面积加权平均
obs-temp-min-mean-2023-09,Observation,2023-09-indicator-temp-min-mean,WeatherObservation,indicator-temp-min-mean,region-zhejiang,period-2023-09,23.01,°C,,month,source-open-meteo-era5-land,point-proxy-derived,浙江中部代表点，非全省面积加权平均
obs-temp-abs-max-2023-09,Observation,2023-09-indicator-temp-abs-max,WeatherObservation,indicator-temp-abs-max,region-zhejiang,period-2023-09,34,°C,,month,source-open-meteo-era5-land,point-proxy-derived,浙江中部代表点，非全省面积加权平均
obs-temp-abs-min-2023-09,Observation,2023-09-indicator-temp-abs-min,WeatherObservation,indicator-temp-abs-min,region-zhejiang,period-2023-09,21.4,°C,,month,source-open-meteo-era5-land,point-proxy-derived,浙江中部代表点，非全省面积加权平均
obs-cdd18-2023-09,Observation,2023-09-feature-cdd18,WeatherObservation,feature-cdd18,region-zhejiang,period-2023-09,247.2,°C·d,,month,source-open-meteo-era5-land,point-proxy-derived,浙江中部代表点，非全省面积加权平均
obs-hdd18-2023-09,Observation,2023-09-feature-hdd18,WeatherObservation,feature-hdd18,region-zhejiang,period-2023-09,0,°C·d,,month,source-open-meteo-era5-land,point-proxy-derived,浙江中部代表点，非全省面积加权平均
obs-hot-days-2023-09,Observation,2023-09-feature-hot-days,WeatherObservation,feature-hot-days,region-zhejiang,period-2023-09,0,天,,month,source-open-meteo-era5-land,point-proxy-derived,浙江中部代表点，非全省面积加权平均
obs-cold-days-2023-09,Observation,2023-09-feature-cold-days,WeatherObservation,feature-cold-days,region-zhejiang,period-2023-09,0,天,,month,source-open-meteo-era5-land,point-proxy-derived,浙江中部代表点，非全省面积加权平均
obs-temp-mean-2023-10,Observation,2023-10-indicator-temp-mean,WeatherObservation,indicator-temp-mean,region-zhejiang,period-2023-10,20.29,°C,,month,source-open-meteo-era5-land,point-proxy-derived,浙江中部代表点，非全省面积加权平均
obs-temp-max-mean-2023-10,Observation,2023-10-indicator-temp-max-mean,WeatherObservation,indicator-temp-max-mean,region-zhejiang,period-2023-10,24.661,°C,,month,source-open-meteo-era5-land,point-proxy-derived,浙江中部代表点，非全省面积加权平均
obs-temp-min-mean-2023-10,Observation,2023-10-indicator-temp-min-mean,WeatherObservation,indicator-temp-min-mean,region-zhejiang,period-2023-10,16.79,°C,,month,source-open-meteo-era5-land,point-proxy-derived,浙江中部代表点，非全省面积加权平均
obs-temp-abs-max-2023-10,Observation,2023-10-indicator-temp-abs-max,WeatherObservation,indicator-temp-abs-max,region-zhejiang,period-2023-10,30.3,°C,,month,source-open-meteo-era5-land,point-proxy-derived,浙江中部代表点，非全省面积加权平均
obs-temp-abs-min-2023-10,Observation,2023-10-indicator-temp-abs-min,WeatherObservation,indicator-temp-abs-min,region-zhejiang,period-2023-10,12.1,°C,,month,source-open-meteo-era5-land,point-proxy-derived,浙江中部代表点，非全省面积加权平均
obs-cdd18-2023-10,Observation,2023-10-feature-cdd18,WeatherObservation,feature-cdd18,region-zhejiang,period-2023-10,74.9,°C·d,,month,source-open-meteo-era5-land,point-proxy-derived,浙江中部代表点，非全省面积加权平均
obs-hdd18-2023-10,Observation,2023-10-feature-hdd18,WeatherObservation,feature-hdd18,region-zhejiang,period-2023-10,3.9,°C·d,,month,source-open-meteo-era5-land,point-proxy-derived,浙江中部代表点，非全省面积加权平均
obs-hot-days-2023-10,Observation,2023-10-feature-hot-days,WeatherObservation,feature-hot-days,region-zhejiang,period-2023-10,0,天,,month,source-open-meteo-era5-land,point-proxy-derived,浙江中部代表点，非全省面积加权平均
obs-cold-days-2023-10,Observation,2023-10-feature-cold-days,WeatherObservation,feature-cold-days,region-zhejiang,period-2023-10,0,天,,month,source-open-meteo-era5-land,point-proxy-derived,浙江中部代表点，非全省面积加权平均
obs-temp-mean-2023-11,Observation,2023-11-indicator-temp-mean,WeatherObservation,indicator-temp-mean,region-zhejiang,period-2023-11,14.453,°C,,month,source-open-meteo-era5-land,point-proxy-derived,浙江中部代表点，非全省面积加权平均
obs-temp-max-mean-2023-11,Observation,2023-11-indicator-temp-max-mean,WeatherObservation,indicator-temp-max-mean,region-zhejiang,period-2023-11,19.763,°C,,month,source-open-meteo-era5-land,point-proxy-derived,浙江中部代表点，非全省面积加权平均
obs-temp-min-mean-2023-11,Observation,2023-11-indicator-temp-min-mean,WeatherObservation,indicator-temp-min-mean,region-zhejiang,period-2023-11,9.777,°C,,month,source-open-meteo-era5-land,point-proxy-derived,浙江中部代表点，非全省面积加权平均
obs-temp-abs-max-2023-11,Observation,2023-11-indicator-temp-abs-max,WeatherObservation,indicator-temp-abs-max,region-zhejiang,period-2023-11,30.6,°C,,month,source-open-meteo-era5-land,point-proxy-derived,浙江中部代表点，非全省面积加权平均
obs-temp-abs-min-2023-11,Observation,2023-11-indicator-temp-abs-min,WeatherObservation,indicator-temp-abs-min,region-zhejiang,period-2023-11,4.5,°C,,month,source-open-meteo-era5-land,point-proxy-derived,浙江中部代表点，非全省面积加权平均
obs-cdd18-2023-11,Observation,2023-11-feature-cdd18,WeatherObservation,feature-cdd18,region-zhejiang,period-2023-11,20.2,°C·d,,month,source-open-meteo-era5-land,point-proxy-derived,浙江中部代表点，非全省面积加权平均
obs-hdd18-2023-11,Observation,2023-11-feature-hdd18,WeatherObservation,feature-hdd18,region-zhejiang,period-2023-11,126.6,°C·d,,month,source-open-meteo-era5-land,point-proxy-derived,浙江中部代表点，非全省面积加权平均
obs-hot-days-2023-11,Observation,2023-11-feature-hot-days,WeatherObservation,feature-hot-days,region-zhejiang,period-2023-11,0,天,,month,source-open-meteo-era5-land,point-proxy-derived,浙江中部代表点，非全省面积加权平均
obs-cold-days-2023-11,Observation,2023-11-feature-cold-days,WeatherObservation,feature-cold-days,region-zhejiang,period-2023-11,0,天,,month,source-open-meteo-era5-land,point-proxy-derived,浙江中部代表点，非全省面积加权平均
obs-temp-mean-2023-12,Observation,2023-12-indicator-temp-mean,WeatherObservation,indicator-temp-mean,region-zhejiang,period-2023-12,7.739,°C,,month,source-open-meteo-era5-land,point-proxy-derived,浙江中部代表点，非全省面积加权平均
obs-temp-max-mean-2023-12,Observation,2023-12-indicator-temp-max-mean,WeatherObservation,indicator-temp-max-mean,region-zhejiang,period-2023-12,12.997,°C,,month,source-open-meteo-era5-land,point-proxy-derived,浙江中部代表点，非全省面积加权平均
obs-temp-min-mean-2023-12,Observation,2023-12-indicator-temp-min-mean,WeatherObservation,indicator-temp-min-mean,region-zhejiang,period-2023-12,3.339,°C,,month,source-open-meteo-era5-land,point-proxy-derived,浙江中部代表点，非全省面积加权平均
obs-temp-abs-max-2023-12,Observation,2023-12-indicator-temp-abs-max,WeatherObservation,indicator-temp-abs-max,region-zhejiang,period-2023-12,25.3,°C,,month,source-open-meteo-era5-land,point-proxy-derived,浙江中部代表点，非全省面积加权平均
obs-temp-abs-min-2023-12,Observation,2023-12-indicator-temp-abs-min,WeatherObservation,indicator-temp-abs-min,region-zhejiang,period-2023-12,-5.2,°C,,month,source-open-meteo-era5-land,point-proxy-derived,浙江中部代表点，非全省面积加权平均
obs-cdd18-2023-12,Observation,2023-12-feature-cdd18,WeatherObservation,feature-cdd18,region-zhejiang,period-2023-12,0,°C·d,,month,source-open-meteo-era5-land,point-proxy-derived,浙江中部代表点，非全省面积加权平均
obs-hdd18-2023-12,Observation,2023-12-feature-hdd18,WeatherObservation,feature-hdd18,region-zhejiang,period-2023-12,318.1,°C·d,,month,source-open-meteo-era5-land,point-proxy-derived,浙江中部代表点，非全省面积加权平均
obs-hot-days-2023-12,Observation,2023-12-feature-hot-days,WeatherObservation,feature-hot-days,region-zhejiang,period-2023-12,0,天,,month,source-open-meteo-era5-land,point-proxy-derived,浙江中部代表点，非全省面积加权平均
obs-cold-days-2023-12,Observation,2023-12-feature-cold-days,WeatherObservation,feature-cold-days,region-zhejiang,period-2023-12,9,天,,month,source-open-meteo-era5-land,point-proxy-derived,浙江中部代表点，非全省面积加权平均
obs-temp-mean-2024-01,Observation,2024-01-indicator-temp-mean,WeatherObservation,indicator-temp-mean,region-zhejiang,period-2024-01,7.342,°C,,month,source-open-meteo-era5-land,point-proxy-derived,浙江中部代表点，非全省面积加权平均
obs-temp-max-mean-2024-01,Observation,2024-01-indicator-temp-max-mean,WeatherObservation,indicator-temp-max-mean,region-zhejiang,period-2024-01,12.726,°C,,month,source-open-meteo-era5-land,point-proxy-derived,浙江中部代表点，非全省面积加权平均
obs-temp-min-mean-2024-01,Observation,2024-01-indicator-temp-min-mean,WeatherObservation,indicator-temp-min-mean,region-zhejiang,period-2024-01,2.635,°C,,month,source-open-meteo-era5-land,point-proxy-derived,浙江中部代表点，非全省面积加权平均
obs-temp-abs-max-2024-01,Observation,2024-01-indicator-temp-abs-max,WeatherObservation,indicator-temp-abs-max,region-zhejiang,period-2024-01,21.9,°C,,month,source-open-meteo-era5-land,point-proxy-derived,浙江中部代表点，非全省面积加权平均
obs-temp-abs-min-2024-01,Observation,2024-01-indicator-temp-abs-min,WeatherObservation,indicator-temp-abs-min,region-zhejiang,period-2024-01,-5,°C,,month,source-open-meteo-era5-land,point-proxy-derived,浙江中部代表点，非全省面积加权平均
obs-cdd18-2024-01,Observation,2024-01-feature-cdd18,WeatherObservation,feature-cdd18,region-zhejiang,period-2024-01,0,°C·d,,month,source-open-meteo-era5-land,point-proxy-derived,浙江中部代表点，非全省面积加权平均
obs-hdd18-2024-01,Observation,2024-01-feature-hdd18,WeatherObservation,feature-hdd18,region-zhejiang,period-2024-01,330.4,°C·d,,month,source-open-meteo-era5-land,point-proxy-derived,浙江中部代表点，非全省面积加权平均
obs-hot-days-2024-01,Observation,2024-01-feature-hot-days,WeatherObservation,feature-hot-days,region-zhejiang,period-2024-01,0,天,,month,source-open-meteo-era5-land,point-proxy-derived,浙江中部代表点，非全省面积加权平均
obs-cold-days-2024-01,Observation,2024-01-feature-cold-days,WeatherObservation,feature-cold-days,region-zhejiang,period-2024-01,5,天,,month,source-open-meteo-era5-land,point-proxy-derived,浙江中部代表点，非全省面积加权平均
obs-temp-mean-2024-02,Observation,2024-02-indicator-temp-mean,WeatherObservation,indicator-temp-mean,region-zhejiang,period-2024-02,7.183,°C,,month,source-open-meteo-era5-land,point-proxy-derived,浙江中部代表点，非全省面积加权平均
obs-temp-max-mean-2024-02,Observation,2024-02-indicator-temp-max-mean,WeatherObservation,indicator-temp-max-mean,region-zhejiang,period-2024-02,11.241,°C,,month,source-open-meteo-era5-land,point-proxy-derived,浙江中部代表点，非全省面积加权平均
obs-temp-min-mean-2024-02,Observation,2024-02-indicator-temp-min-mean,WeatherObservation,indicator-temp-min-mean,region-zhejiang,period-2024-02,3.597,°C,,month,source-open-meteo-era5-land,point-proxy-derived,浙江中部代表点，非全省面积加权平均
obs-temp-abs-max-2024-02,Observation,2024-02-indicator-temp-abs-max,WeatherObservation,indicator-temp-abs-max,region-zhejiang,period-2024-02,27,°C,,month,source-open-meteo-era5-land,point-proxy-derived,浙江中部代表点，非全省面积加权平均
obs-temp-abs-min-2024-02,Observation,2024-02-indicator-temp-abs-min,WeatherObservation,indicator-temp-abs-min,region-zhejiang,period-2024-02,-0.2,°C,,month,source-open-meteo-era5-land,point-proxy-derived,浙江中部代表点，非全省面积加权平均
obs-cdd18-2024-02,Observation,2024-02-feature-cdd18,WeatherObservation,feature-cdd18,region-zhejiang,period-2024-02,1.2,°C·d,,month,source-open-meteo-era5-land,point-proxy-derived,浙江中部代表点，非全省面积加权平均
obs-hdd18-2024-02,Observation,2024-02-feature-hdd18,WeatherObservation,feature-hdd18,region-zhejiang,period-2024-02,314.9,°C·d,,month,source-open-meteo-era5-land,point-proxy-derived,浙江中部代表点，非全省面积加权平均
obs-hot-days-2024-02,Observation,2024-02-feature-hot-days,WeatherObservation,feature-hot-days,region-zhejiang,period-2024-02,0,天,,month,source-open-meteo-era5-land,point-proxy-derived,浙江中部代表点，非全省面积加权平均
obs-cold-days-2024-02,Observation,2024-02-feature-cold-days,WeatherObservation,feature-cold-days,region-zhejiang,period-2024-02,2,天,,month,source-open-meteo-era5-land,point-proxy-derived,浙江中部代表点，非全省面积加权平均
obs-temp-mean-2024-03,Observation,2024-03-indicator-temp-mean,WeatherObservation,indicator-temp-mean,region-zhejiang,period-2024-03,13.219,°C,,month,source-open-meteo-era5-land,point-proxy-derived,浙江中部代表点，非全省面积加权平均
obs-temp-max-mean-2024-03,Observation,2024-03-indicator-temp-max-mean,WeatherObservation,indicator-temp-max-mean,region-zhejiang,period-2024-03,18.481,°C,,month,source-open-meteo-era5-land,point-proxy-derived,浙江中部代表点，非全省面积加权平均
obs-temp-min-mean-2024-03,Observation,2024-03-indicator-temp-min-mean,WeatherObservation,indicator-temp-min-mean,region-zhejiang,period-2024-03,8.171,°C,,month,source-open-meteo-era5-land,point-proxy-derived,浙江中部代表点，非全省面积加权平均
obs-temp-abs-max-2024-03,Observation,2024-03-indicator-temp-abs-max,WeatherObservation,indicator-temp-abs-max,region-zhejiang,period-2024-03,29.2,°C,,month,source-open-meteo-era5-land,point-proxy-derived,浙江中部代表点，非全省面积加权平均
obs-temp-abs-min-2024-03,Observation,2024-03-indicator-temp-abs-min,WeatherObservation,indicator-temp-abs-min,region-zhejiang,period-2024-03,-0.4,°C,,month,source-open-meteo-era5-land,point-proxy-derived,浙江中部代表点，非全省面积加权平均
obs-cdd18-2024-03,Observation,2024-03-feature-cdd18,WeatherObservation,feature-cdd18,region-zhejiang,period-2024-03,15.2,°C·d,,month,source-open-meteo-era5-land,point-proxy-derived,浙江中部代表点，非全省面积加权平均
obs-hdd18-2024-03,Observation,2024-03-feature-hdd18,WeatherObservation,feature-hdd18,region-zhejiang,period-2024-03,163.4,°C·d,,month,source-open-meteo-era5-land,point-proxy-derived,浙江中部代表点，非全省面积加权平均
obs-hot-days-2024-03,Observation,2024-03-feature-hot-days,WeatherObservation,feature-hot-days,region-zhejiang,period-2024-03,0,天,,month,source-open-meteo-era5-land,point-proxy-derived,浙江中部代表点，非全省面积加权平均
obs-cold-days-2024-03,Observation,2024-03-feature-cold-days,WeatherObservation,feature-cold-days,region-zhejiang,period-2024-03,1,天,,month,source-open-meteo-era5-land,point-proxy-derived,浙江中部代表点，非全省面积加权平均
obs-temp-mean-2024-04,Observation,2024-04-indicator-temp-mean,WeatherObservation,indicator-temp-mean,region-zhejiang,period-2024-04,18.867,°C,,month,source-open-meteo-era5-land,point-proxy-derived,浙江中部代表点，非全省面积加权平均
obs-temp-max-mean-2024-04,Observation,2024-04-indicator-temp-max-mean,WeatherObservation,indicator-temp-max-mean,region-zhejiang,period-2024-04,23.16,°C,,month,source-open-meteo-era5-land,point-proxy-derived,浙江中部代表点，非全省面积加权平均
obs-temp-min-mean-2024-04,Observation,2024-04-indicator-temp-min-mean,WeatherObservation,indicator-temp-min-mean,region-zhejiang,period-2024-04,15.25,°C,,month,source-open-meteo-era5-land,point-proxy-derived,浙江中部代表点，非全省面积加权平均
obs-temp-abs-max-2024-04,Observation,2024-04-indicator-temp-abs-max,WeatherObservation,indicator-temp-abs-max,region-zhejiang,period-2024-04,30.6,°C,,month,source-open-meteo-era5-land,point-proxy-derived,浙江中部代表点，非全省面积加权平均
obs-temp-abs-min-2024-04,Observation,2024-04-indicator-temp-abs-min,WeatherObservation,indicator-temp-abs-min,region-zhejiang,period-2024-04,9.8,°C,,month,source-open-meteo-era5-land,point-proxy-derived,浙江中部代表点，非全省面积加权平均
obs-cdd18-2024-04,Observation,2024-04-feature-cdd18,WeatherObservation,feature-cdd18,region-zhejiang,period-2024-04,53.4,°C·d,,month,source-open-meteo-era5-land,point-proxy-derived,浙江中部代表点，非全省面积加权平均
obs-hdd18-2024-04,Observation,2024-04-feature-hdd18,WeatherObservation,feature-hdd18,region-zhejiang,period-2024-04,27.4,°C·d,,month,source-open-meteo-era5-land,point-proxy-derived,浙江中部代表点，非全省面积加权平均
obs-hot-days-2024-04,Observation,2024-04-feature-hot-days,WeatherObservation,feature-hot-days,region-zhejiang,period-2024-04,0,天,,month,source-open-meteo-era5-land,point-proxy-derived,浙江中部代表点，非全省面积加权平均
obs-cold-days-2024-04,Observation,2024-04-feature-cold-days,WeatherObservation,feature-cold-days,region-zhejiang,period-2024-04,0,天,,month,source-open-meteo-era5-land,point-proxy-derived,浙江中部代表点，非全省面积加权平均
obs-temp-mean-2024-05,Observation,2024-05-indicator-temp-mean,WeatherObservation,indicator-temp-mean,region-zhejiang,period-2024-05,20.777,°C,,month,source-open-meteo-era5-land,point-proxy-derived,浙江中部代表点，非全省面积加权平均
obs-temp-max-mean-2024-05,Observation,2024-05-indicator-temp-max-mean,WeatherObservation,indicator-temp-max-mean,region-zhejiang,period-2024-05,25.758,°C,,month,source-open-meteo-era5-land,point-proxy-derived,浙江中部代表点，非全省面积加权平均
obs-temp-min-mean-2024-05,Observation,2024-05-indicator-temp-min-mean,WeatherObservation,indicator-temp-min-mean,region-zhejiang,period-2024-05,16.161,°C,,month,source-open-meteo-era5-land,point-proxy-derived,浙江中部代表点，非全省面积加权平均
obs-temp-abs-max-2024-05,Observation,2024-05-indicator-temp-abs-max,WeatherObservation,indicator-temp-abs-max,region-zhejiang,period-2024-05,32.4,°C,,month,source-open-meteo-era5-land,point-proxy-derived,浙江中部代表点，非全省面积加权平均
obs-temp-abs-min-2024-05,Observation,2024-05-indicator-temp-abs-min,WeatherObservation,indicator-temp-abs-min,region-zhejiang,period-2024-05,11.8,°C,,month,source-open-meteo-era5-land,point-proxy-derived,浙江中部代表点，非全省面积加权平均
obs-cdd18-2024-05,Observation,2024-05-feature-cdd18,WeatherObservation,feature-cdd18,region-zhejiang,period-2024-05,93,°C·d,,month,source-open-meteo-era5-land,point-proxy-derived,浙江中部代表点，非全省面积加权平均
obs-hdd18-2024-05,Observation,2024-05-feature-hdd18,WeatherObservation,feature-hdd18,region-zhejiang,period-2024-05,6.9,°C·d,,month,source-open-meteo-era5-land,point-proxy-derived,浙江中部代表点，非全省面积加权平均
obs-hot-days-2024-05,Observation,2024-05-feature-hot-days,WeatherObservation,feature-hot-days,region-zhejiang,period-2024-05,0,天,,month,source-open-meteo-era5-land,point-proxy-derived,浙江中部代表点，非全省面积加权平均
obs-cold-days-2024-05,Observation,2024-05-feature-cold-days,WeatherObservation,feature-cold-days,region-zhejiang,period-2024-05,0,天,,month,source-open-meteo-era5-land,point-proxy-derived,浙江中部代表点，非全省面积加权平均
obs-temp-mean-2024-06,Observation,2024-06-indicator-temp-mean,WeatherObservation,indicator-temp-mean,region-zhejiang,period-2024-06,23.99,°C,,month,source-open-meteo-era5-land,point-proxy-derived,浙江中部代表点，非全省面积加权平均
obs-temp-max-mean-2024-06,Observation,2024-06-indicator-temp-max-mean,WeatherObservation,indicator-temp-max-mean,region-zhejiang,period-2024-06,27.173,°C,,month,source-open-meteo-era5-land,point-proxy-derived,浙江中部代表点，非全省面积加权平均
obs-temp-min-mean-2024-06,Observation,2024-06-indicator-temp-min-mean,WeatherObservation,indicator-temp-min-mean,region-zhejiang,period-2024-06,21.107,°C,,month,source-open-meteo-era5-land,point-proxy-derived,浙江中部代表点，非全省面积加权平均
obs-temp-abs-max-2024-06,Observation,2024-06-indicator-temp-abs-max,WeatherObservation,indicator-temp-abs-max,region-zhejiang,period-2024-06,34.1,°C,,month,source-open-meteo-era5-land,point-proxy-derived,浙江中部代表点，非全省面积加权平均
obs-temp-abs-min-2024-06,Observation,2024-06-indicator-temp-abs-min,WeatherObservation,indicator-temp-abs-min,region-zhejiang,period-2024-06,15.9,°C,,month,source-open-meteo-era5-land,point-proxy-derived,浙江中部代表点，非全省面积加权平均
obs-cdd18-2024-06,Observation,2024-06-feature-cdd18,WeatherObservation,feature-cdd18,region-zhejiang,period-2024-06,179.7,°C·d,,month,source-open-meteo-era5-land,point-proxy-derived,浙江中部代表点，非全省面积加权平均
obs-hdd18-2024-06,Observation,2024-06-feature-hdd18,WeatherObservation,feature-hdd18,region-zhejiang,period-2024-06,0,°C·d,,month,source-open-meteo-era5-land,point-proxy-derived,浙江中部代表点，非全省面积加权平均
obs-hot-days-2024-06,Observation,2024-06-feature-hot-days,WeatherObservation,feature-hot-days,region-zhejiang,period-2024-06,0,天,,month,source-open-meteo-era5-land,point-proxy-derived,浙江中部代表点，非全省面积加权平均
obs-cold-days-2024-06,Observation,2024-06-feature-cold-days,WeatherObservation,feature-cold-days,region-zhejiang,period-2024-06,0,天,,month,source-open-meteo-era5-land,point-proxy-derived,浙江中部代表点，非全省面积加权平均
obs-temp-mean-2024-07,Observation,2024-07-indicator-temp-mean,WeatherObservation,indicator-temp-mean,region-zhejiang,period-2024-07,30.668,°C,,month,source-open-meteo-era5-land,point-proxy-derived,浙江中部代表点，非全省面积加权平均
obs-temp-max-mean-2024-07,Observation,2024-07-indicator-temp-max-mean,WeatherObservation,indicator-temp-max-mean,region-zhejiang,period-2024-07,35.316,°C,,month,source-open-meteo-era5-land,point-proxy-derived,浙江中部代表点，非全省面积加权平均
obs-temp-min-mean-2024-07,Observation,2024-07-indicator-temp-min-mean,WeatherObservation,indicator-temp-min-mean,region-zhejiang,period-2024-07,26.545,°C,,month,source-open-meteo-era5-land,point-proxy-derived,浙江中部代表点，非全省面积加权平均
obs-temp-abs-max-2024-07,Observation,2024-07-indicator-temp-abs-max,WeatherObservation,indicator-temp-abs-max,region-zhejiang,period-2024-07,38.6,°C,,month,source-open-meteo-era5-land,point-proxy-derived,浙江中部代表点，非全省面积加权平均
obs-temp-abs-min-2024-07,Observation,2024-07-indicator-temp-abs-min,WeatherObservation,indicator-temp-abs-min,region-zhejiang,period-2024-07,24.7,°C,,month,source-open-meteo-era5-land,point-proxy-derived,浙江中部代表点，非全省面积加权平均
obs-cdd18-2024-07,Observation,2024-07-feature-cdd18,WeatherObservation,feature-cdd18,region-zhejiang,period-2024-07,392.7,°C·d,,month,source-open-meteo-era5-land,point-proxy-derived,浙江中部代表点，非全省面积加权平均
obs-hdd18-2024-07,Observation,2024-07-feature-hdd18,WeatherObservation,feature-hdd18,region-zhejiang,period-2024-07,0,°C·d,,month,source-open-meteo-era5-land,point-proxy-derived,浙江中部代表点，非全省面积加权平均
obs-hot-days-2024-07,Observation,2024-07-feature-hot-days,WeatherObservation,feature-hot-days,region-zhejiang,period-2024-07,20,天,,month,source-open-meteo-era5-land,point-proxy-derived,浙江中部代表点，非全省面积加权平均
obs-cold-days-2024-07,Observation,2024-07-feature-cold-days,WeatherObservation,feature-cold-days,region-zhejiang,period-2024-07,0,天,,month,source-open-meteo-era5-land,point-proxy-derived,浙江中部代表点，非全省面积加权平均
obs-temp-mean-2024-08,Observation,2024-08-indicator-temp-mean,WeatherObservation,indicator-temp-mean,region-zhejiang,period-2024-08,31.613,°C,,month,source-open-meteo-era5-land,point-proxy-derived,浙江中部代表点，非全省面积加权平均
obs-temp-max-mean-2024-08,Observation,2024-08-indicator-temp-max-mean,WeatherObservation,indicator-temp-max-mean,region-zhejiang,period-2024-08,37.045,°C,,month,source-open-meteo-era5-land,point-proxy-derived,浙江中部代表点，非全省面积加权平均
obs-temp-min-mean-2024-08,Observation,2024-08-indicator-temp-min-mean,WeatherObservation,indicator-temp-min-mean,region-zhejiang,period-2024-08,27.197,°C,,month,source-open-meteo-era5-land,point-proxy-derived,浙江中部代表点，非全省面积加权平均
obs-temp-abs-max-2024-08,Observation,2024-08-indicator-temp-abs-max,WeatherObservation,indicator-temp-abs-max,region-zhejiang,period-2024-08,40.6,°C,,month,source-open-meteo-era5-land,point-proxy-derived,浙江中部代表点，非全省面积加权平均
obs-temp-abs-min-2024-08,Observation,2024-08-indicator-temp-abs-min,WeatherObservation,indicator-temp-abs-min,region-zhejiang,period-2024-08,24.8,°C,,month,source-open-meteo-era5-land,point-proxy-derived,浙江中部代表点，非全省面积加权平均
obs-cdd18-2024-08,Observation,2024-08-feature-cdd18,WeatherObservation,feature-cdd18,region-zhejiang,period-2024-08,422,°C·d,,month,source-open-meteo-era5-land,point-proxy-derived,浙江中部代表点，非全省面积加权平均
obs-hdd18-2024-08,Observation,2024-08-feature-hdd18,WeatherObservation,feature-hdd18,region-zhejiang,period-2024-08,0,°C·d,,month,source-open-meteo-era5-land,point-proxy-derived,浙江中部代表点，非全省面积加权平均
obs-hot-days-2024-08,Observation,2024-08-feature-hot-days,WeatherObservation,feature-hot-days,region-zhejiang,period-2024-08,25,天,,month,source-open-meteo-era5-land,point-proxy-derived,浙江中部代表点，非全省面积加权平均
obs-cold-days-2024-08,Observation,2024-08-feature-cold-days,WeatherObservation,feature-cold-days,region-zhejiang,period-2024-08,0,天,,month,source-open-meteo-era5-land,point-proxy-derived,浙江中部代表点，非全省面积加权平均
obs-temp-mean-2024-09,Observation,2024-09-indicator-temp-mean,WeatherObservation,indicator-temp-mean,region-zhejiang,period-2024-09,27.627,°C,,month,source-open-meteo-era5-land,point-proxy-derived,浙江中部代表点，非全省面积加权平均
obs-temp-max-mean-2024-09,Observation,2024-09-indicator-temp-max-mean,WeatherObservation,indicator-temp-max-mean,region-zhejiang,period-2024-09,31.7,°C,,month,source-open-meteo-era5-land,point-proxy-derived,浙江中部代表点，非全省面积加权平均
obs-temp-min-mean-2024-09,Observation,2024-09-indicator-temp-min-mean,WeatherObservation,indicator-temp-min-mean,region-zhejiang,period-2024-09,24.363,°C,,month,source-open-meteo-era5-land,point-proxy-derived,浙江中部代表点，非全省面积加权平均
obs-temp-abs-max-2024-09,Observation,2024-09-indicator-temp-abs-max,WeatherObservation,indicator-temp-abs-max,region-zhejiang,period-2024-09,37.6,°C,,month,source-open-meteo-era5-land,point-proxy-derived,浙江中部代表点，非全省面积加权平均
obs-temp-abs-min-2024-09,Observation,2024-09-indicator-temp-abs-min,WeatherObservation,indicator-temp-abs-min,region-zhejiang,period-2024-09,18.7,°C,,month,source-open-meteo-era5-land,point-proxy-derived,浙江中部代表点，非全省面积加权平均
obs-cdd18-2024-09,Observation,2024-09-feature-cdd18,WeatherObservation,feature-cdd18,region-zhejiang,period-2024-09,288.8,°C·d,,month,source-open-meteo-era5-land,point-proxy-derived,浙江中部代表点，非全省面积加权平均
obs-hdd18-2024-09,Observation,2024-09-feature-hdd18,WeatherObservation,feature-hdd18,region-zhejiang,period-2024-09,0,°C·d,,month,source-open-meteo-era5-land,point-proxy-derived,浙江中部代表点，非全省面积加权平均
obs-hot-days-2024-09,Observation,2024-09-feature-hot-days,WeatherObservation,feature-hot-days,region-zhejiang,period-2024-09,11,天,,month,source-open-meteo-era5-land,point-proxy-derived,浙江中部代表点，非全省面积加权平均
obs-cold-days-2024-09,Observation,2024-09-feature-cold-days,WeatherObservation,feature-cold-days,region-zhejiang,period-2024-09,0,天,,month,source-open-meteo-era5-land,point-proxy-derived,浙江中部代表点，非全省面积加权平均
obs-temp-mean-2024-10,Observation,2024-10-indicator-temp-mean,WeatherObservation,indicator-temp-mean,region-zhejiang,period-2024-10,19.232,°C,,month,source-open-meteo-era5-land,point-proxy-derived,浙江中部代表点，非全省面积加权平均
obs-temp-max-mean-2024-10,Observation,2024-10-indicator-temp-max-mean,WeatherObservation,indicator-temp-max-mean,region-zhejiang,period-2024-10,22.419,°C,,month,source-open-meteo-era5-land,point-proxy-derived,浙江中部代表点，非全省面积加权平均
obs-temp-min-mean-2024-10,Observation,2024-10-indicator-temp-min-mean,WeatherObservation,indicator-temp-min-mean,region-zhejiang,period-2024-10,16.368,°C,,month,source-open-meteo-era5-land,point-proxy-derived,浙江中部代表点，非全省面积加权平均
obs-temp-abs-max-2024-10,Observation,2024-10-indicator-temp-abs-max,WeatherObservation,indicator-temp-abs-max,region-zhejiang,period-2024-10,30.3,°C,,month,source-open-meteo-era5-land,point-proxy-derived,浙江中部代表点，非全省面积加权平均
obs-temp-abs-min-2024-10,Observation,2024-10-indicator-temp-abs-min,WeatherObservation,indicator-temp-abs-min,region-zhejiang,period-2024-10,11.1,°C,,month,source-open-meteo-era5-land,point-proxy-derived,浙江中部代表点，非全省面积加权平均
obs-cdd18-2024-10,Observation,2024-10-feature-cdd18,WeatherObservation,feature-cdd18,region-zhejiang,period-2024-10,51.6,°C·d,,month,source-open-meteo-era5-land,point-proxy-derived,浙江中部代表点，非全省面积加权平均
obs-hdd18-2024-10,Observation,2024-10-feature-hdd18,WeatherObservation,feature-hdd18,region-zhejiang,period-2024-10,13.4,°C·d,,month,source-open-meteo-era5-land,point-proxy-derived,浙江中部代表点，非全省面积加权平均
obs-hot-days-2024-10,Observation,2024-10-feature-hot-days,WeatherObservation,feature-hot-days,region-zhejiang,period-2024-10,0,天,,month,source-open-meteo-era5-land,point-proxy-derived,浙江中部代表点，非全省面积加权平均
obs-cold-days-2024-10,Observation,2024-10-feature-cold-days,WeatherObservation,feature-cold-days,region-zhejiang,period-2024-10,0,天,,month,source-open-meteo-era5-land,point-proxy-derived,浙江中部代表点，非全省面积加权平均
obs-temp-mean-2024-11,Observation,2024-11-indicator-temp-mean,WeatherObservation,indicator-temp-mean,region-zhejiang,period-2024-11,14.827,°C,,month,source-open-meteo-era5-land,point-proxy-derived,浙江中部代表点，非全省面积加权平均
obs-temp-max-mean-2024-11,Observation,2024-11-indicator-temp-max-mean,WeatherObservation,indicator-temp-max-mean,region-zhejiang,period-2024-11,18.307,°C,,month,source-open-meteo-era5-land,point-proxy-derived,浙江中部代表点，非全省面积加权平均
obs-temp-min-mean-2024-11,Observation,2024-11-indicator-temp-min-mean,WeatherObservation,indicator-temp-min-mean,region-zhejiang,period-2024-11,11.647,°C,,month,source-open-meteo-era5-land,point-proxy-derived,浙江中部代表点，非全省面积加权平均
obs-temp-abs-max-2024-11,Observation,2024-11-indicator-temp-abs-max,WeatherObservation,indicator-temp-abs-max,region-zhejiang,period-2024-11,24.4,°C,,month,source-open-meteo-era5-land,point-proxy-derived,浙江中部代表点，非全省面积加权平均
obs-temp-abs-min-2024-11,Observation,2024-11-indicator-temp-abs-min,WeatherObservation,indicator-temp-abs-min,region-zhejiang,period-2024-11,4.1,°C,,month,source-open-meteo-era5-land,point-proxy-derived,浙江中部代表点，非全省面积加权平均
obs-cdd18-2024-11,Observation,2024-11-feature-cdd18,WeatherObservation,feature-cdd18,region-zhejiang,period-2024-11,8.5,°C·d,,month,source-open-meteo-era5-land,point-proxy-derived,浙江中部代表点，非全省面积加权平均
obs-hdd18-2024-11,Observation,2024-11-feature-hdd18,WeatherObservation,feature-hdd18,region-zhejiang,period-2024-11,103.7,°C·d,,month,source-open-meteo-era5-land,point-proxy-derived,浙江中部代表点，非全省面积加权平均
obs-hot-days-2024-11,Observation,2024-11-feature-hot-days,WeatherObservation,feature-hot-days,region-zhejiang,period-2024-11,0,天,,month,source-open-meteo-era5-land,point-proxy-derived,浙江中部代表点，非全省面积加权平均
obs-cold-days-2024-11,Observation,2024-11-feature-cold-days,WeatherObservation,feature-cold-days,region-zhejiang,period-2024-11,0,天,,month,source-open-meteo-era5-land,point-proxy-derived,浙江中部代表点，非全省面积加权平均
obs-temp-mean-2024-12,Observation,2024-12-indicator-temp-mean,WeatherObservation,indicator-temp-mean,region-zhejiang,period-2024-12,7.313,°C,,month,source-open-meteo-era5-land,point-proxy-derived,浙江中部代表点，非全省面积加权平均
obs-temp-max-mean-2024-12,Observation,2024-12-indicator-temp-max-mean,WeatherObservation,indicator-temp-max-mean,region-zhejiang,period-2024-12,11.419,°C,,month,source-open-meteo-era5-land,point-proxy-derived,浙江中部代表点，非全省面积加权平均
obs-temp-min-mean-2024-12,Observation,2024-12-indicator-temp-min-mean,WeatherObservation,indicator-temp-min-mean,region-zhejiang,period-2024-12,3.671,°C,,month,source-open-meteo-era5-land,point-proxy-derived,浙江中部代表点，非全省面积加权平均
obs-temp-abs-max-2024-12,Observation,2024-12-indicator-temp-abs-max,WeatherObservation,indicator-temp-abs-max,region-zhejiang,period-2024-12,20.8,°C,,month,source-open-meteo-era5-land,point-proxy-derived,浙江中部代表点，非全省面积加权平均
obs-temp-abs-min-2024-12,Observation,2024-12-indicator-temp-abs-min,WeatherObservation,indicator-temp-abs-min,region-zhejiang,period-2024-12,-2.5,°C,,month,source-open-meteo-era5-land,point-proxy-derived,浙江中部代表点，非全省面积加权平均
obs-cdd18-2024-12,Observation,2024-12-feature-cdd18,WeatherObservation,feature-cdd18,region-zhejiang,period-2024-12,0,°C·d,,month,source-open-meteo-era5-land,point-proxy-derived,浙江中部代表点，非全省面积加权平均
obs-hdd18-2024-12,Observation,2024-12-feature-hdd18,WeatherObservation,feature-hdd18,region-zhejiang,period-2024-12,331.3,°C·d,,month,source-open-meteo-era5-land,point-proxy-derived,浙江中部代表点，非全省面积加权平均
obs-hot-days-2024-12,Observation,2024-12-feature-hot-days,WeatherObservation,feature-hot-days,region-zhejiang,period-2024-12,0,天,,month,source-open-meteo-era5-land,point-proxy-derived,浙江中部代表点，非全省面积加权平均
obs-cold-days-2024-12,Observation,2024-12-feature-cold-days,WeatherObservation,feature-cold-days,region-zhejiang,period-2024-12,4,天,,month,source-open-meteo-era5-land,point-proxy-derived,浙江中部代表点，非全省面积加权平均
obs-temp-mean-2025-01,Observation,2025-01-indicator-temp-mean,WeatherObservation,indicator-temp-mean,region-zhejiang,period-2025-01,7.265,°C,,month,source-open-meteo-era5-land,point-proxy-derived,浙江中部代表点，非全省面积加权平均
obs-temp-max-mean-2025-01,Observation,2025-01-indicator-temp-max-mean,WeatherObservation,indicator-temp-max-mean,region-zhejiang,period-2025-01,13.226,°C,,month,source-open-meteo-era5-land,point-proxy-derived,浙江中部代表点，非全省面积加权平均
obs-temp-min-mean-2025-01,Observation,2025-01-indicator-temp-min-mean,WeatherObservation,indicator-temp-min-mean,region-zhejiang,period-2025-01,2.203,°C,,month,source-open-meteo-era5-land,point-proxy-derived,浙江中部代表点，非全省面积加权平均
obs-temp-abs-max-2025-01,Observation,2025-01-indicator-temp-abs-max,WeatherObservation,indicator-temp-abs-max,region-zhejiang,period-2025-01,19.9,°C,,month,source-open-meteo-era5-land,point-proxy-derived,浙江中部代表点，非全省面积加权平均
obs-temp-abs-min-2025-01,Observation,2025-01-indicator-temp-abs-min,WeatherObservation,indicator-temp-abs-min,region-zhejiang,period-2025-01,-2.4,°C,,month,source-open-meteo-era5-land,point-proxy-derived,浙江中部代表点，非全省面积加权平均
obs-cdd18-2025-01,Observation,2025-01-feature-cdd18,WeatherObservation,feature-cdd18,region-zhejiang,period-2025-01,0,°C·d,,month,source-open-meteo-era5-land,point-proxy-derived,浙江中部代表点，非全省面积加权平均
obs-hdd18-2025-01,Observation,2025-01-feature-hdd18,WeatherObservation,feature-hdd18,region-zhejiang,period-2025-01,332.8,°C·d,,month,source-open-meteo-era5-land,point-proxy-derived,浙江中部代表点，非全省面积加权平均
obs-hot-days-2025-01,Observation,2025-01-feature-hot-days,WeatherObservation,feature-hot-days,region-zhejiang,period-2025-01,0,天,,month,source-open-meteo-era5-land,point-proxy-derived,浙江中部代表点，非全省面积加权平均
obs-cold-days-2025-01,Observation,2025-01-feature-cold-days,WeatherObservation,feature-cold-days,region-zhejiang,period-2025-01,8,天,,month,source-open-meteo-era5-land,point-proxy-derived,浙江中部代表点，非全省面积加权平均
obs-temp-mean-2025-02,Observation,2025-02-indicator-temp-mean,WeatherObservation,indicator-temp-mean,region-zhejiang,period-2025-02,6.868,°C,,month,source-open-meteo-era5-land,point-proxy-derived,浙江中部代表点，非全省面积加权平均
obs-temp-max-mean-2025-02,Observation,2025-02-indicator-temp-max-mean,WeatherObservation,indicator-temp-max-mean,region-zhejiang,period-2025-02,11.221,°C,,month,source-open-meteo-era5-land,point-proxy-derived,浙江中部代表点，非全省面积加权平均
obs-temp-min-mean-2025-02,Observation,2025-02-indicator-temp-min-mean,WeatherObservation,indicator-temp-min-mean,region-zhejiang,period-2025-02,2.95,°C,,month,source-open-meteo-era5-land,point-proxy-derived,浙江中部代表点，非全省面积加权平均
obs-temp-abs-max-2025-02,Observation,2025-02-indicator-temp-abs-max,WeatherObservation,indicator-temp-abs-max,region-zhejiang,period-2025-02,23.7,°C,,month,source-open-meteo-era5-land,point-proxy-derived,浙江中部代表点，非全省面积加权平均
obs-temp-abs-min-2025-02,Observation,2025-02-indicator-temp-abs-min,WeatherObservation,indicator-temp-abs-min,region-zhejiang,period-2025-02,-4.7,°C,,month,source-open-meteo-era5-land,point-proxy-derived,浙江中部代表点，非全省面积加权平均
obs-cdd18-2025-02,Observation,2025-02-feature-cdd18,WeatherObservation,feature-cdd18,region-zhejiang,period-2025-02,0,°C·d,,month,source-open-meteo-era5-land,point-proxy-derived,浙江中部代表点，非全省面积加权平均
obs-hdd18-2025-02,Observation,2025-02-feature-hdd18,WeatherObservation,feature-hdd18,region-zhejiang,period-2025-02,311.7,°C·d,,month,source-open-meteo-era5-land,point-proxy-derived,浙江中部代表点，非全省面积加权平均
obs-hot-days-2025-02,Observation,2025-02-feature-hot-days,WeatherObservation,feature-hot-days,region-zhejiang,period-2025-02,0,天,,month,source-open-meteo-era5-land,point-proxy-derived,浙江中部代表点，非全省面积加权平均
obs-cold-days-2025-02,Observation,2025-02-feature-cold-days,WeatherObservation,feature-cold-days,region-zhejiang,period-2025-02,4,天,,month,source-open-meteo-era5-land,point-proxy-derived,浙江中部代表点，非全省面积加权平均
obs-temp-mean-2025-03,Observation,2025-03-indicator-temp-mean,WeatherObservation,indicator-temp-mean,region-zhejiang,period-2025-03,12.606,°C,,month,source-open-meteo-era5-land,point-proxy-derived,浙江中部代表点，非全省面积加权平均
obs-temp-max-mean-2025-03,Observation,2025-03-indicator-temp-max-mean,WeatherObservation,indicator-temp-max-mean,region-zhejiang,period-2025-03,17.735,°C,,month,source-open-meteo-era5-land,point-proxy-derived,浙江中部代表点，非全省面积加权平均
obs-temp-min-mean-2025-03,Observation,2025-03-indicator-temp-min-mean,WeatherObservation,indicator-temp-min-mean,region-zhejiang,period-2025-03,7.752,°C,,month,source-open-meteo-era5-land,point-proxy-derived,浙江中部代表点，非全省面积加权平均
obs-temp-abs-max-2025-03,Observation,2025-03-indicator-temp-abs-max,WeatherObservation,indicator-temp-abs-max,region-zhejiang,period-2025-03,32.3,°C,,month,source-open-meteo-era5-land,point-proxy-derived,浙江中部代表点，非全省面积加权平均
obs-temp-abs-min-2025-03,Observation,2025-03-indicator-temp-abs-min,WeatherObservation,indicator-temp-abs-min,region-zhejiang,period-2025-03,1.1,°C,,month,source-open-meteo-era5-land,point-proxy-derived,浙江中部代表点，非全省面积加权平均
obs-cdd18-2025-03,Observation,2025-03-feature-cdd18,WeatherObservation,feature-cdd18,region-zhejiang,period-2025-03,24.5,°C·d,,month,source-open-meteo-era5-land,point-proxy-derived,浙江中部代表点，非全省面积加权平均
obs-hdd18-2025-03,Observation,2025-03-feature-hdd18,WeatherObservation,feature-hdd18,region-zhejiang,period-2025-03,191.7,°C·d,,month,source-open-meteo-era5-land,point-proxy-derived,浙江中部代表点，非全省面积加权平均
obs-hot-days-2025-03,Observation,2025-03-feature-hot-days,WeatherObservation,feature-hot-days,region-zhejiang,period-2025-03,0,天,,month,source-open-meteo-era5-land,point-proxy-derived,浙江中部代表点，非全省面积加权平均
obs-cold-days-2025-03,Observation,2025-03-feature-cold-days,WeatherObservation,feature-cold-days,region-zhejiang,period-2025-03,0,天,,month,source-open-meteo-era5-land,point-proxy-derived,浙江中部代表点，非全省面积加权平均
obs-temp-mean-2025-04,Observation,2025-04-indicator-temp-mean,WeatherObservation,indicator-temp-mean,region-zhejiang,period-2025-04,19.4,°C,,month,source-open-meteo-era5-land,point-proxy-derived,浙江中部代表点，非全省面积加权平均
obs-temp-max-mean-2025-04,Observation,2025-04-indicator-temp-max-mean,WeatherObservation,indicator-temp-max-mean,region-zhejiang,period-2025-04,25.4,°C,,month,source-open-meteo-era5-land,point-proxy-derived,浙江中部代表点，非全省面积加权平均
obs-temp-min-mean-2025-04,Observation,2025-04-indicator-temp-min-mean,WeatherObservation,indicator-temp-min-mean,region-zhejiang,period-2025-04,13.817,°C,,month,source-open-meteo-era5-land,point-proxy-derived,浙江中部代表点，非全省面积加权平均
obs-temp-abs-max-2025-04,Observation,2025-04-indicator-temp-abs-max,WeatherObservation,indicator-temp-abs-max,region-zhejiang,period-2025-04,32.9,°C,,month,source-open-meteo-era5-land,point-proxy-derived,浙江中部代表点，非全省面积加权平均
obs-temp-abs-min-2025-04,Observation,2025-04-indicator-temp-abs-min,WeatherObservation,indicator-temp-abs-min,region-zhejiang,period-2025-04,5.7,°C,,month,source-open-meteo-era5-land,point-proxy-derived,浙江中部代表点，非全省面积加权平均
obs-cdd18-2025-04,Observation,2025-04-feature-cdd18,WeatherObservation,feature-cdd18,region-zhejiang,period-2025-04,64.1,°C·d,,month,source-open-meteo-era5-land,point-proxy-derived,浙江中部代表点，非全省面积加权平均
obs-hdd18-2025-04,Observation,2025-04-feature-hdd18,WeatherObservation,feature-hdd18,region-zhejiang,period-2025-04,22.1,°C·d,,month,source-open-meteo-era5-land,point-proxy-derived,浙江中部代表点，非全省面积加权平均
obs-hot-days-2025-04,Observation,2025-04-feature-hot-days,WeatherObservation,feature-hot-days,region-zhejiang,period-2025-04,0,天,,month,source-open-meteo-era5-land,point-proxy-derived,浙江中部代表点，非全省面积加权平均
obs-cold-days-2025-04,Observation,2025-04-feature-cold-days,WeatherObservation,feature-cold-days,region-zhejiang,period-2025-04,0,天,,month,source-open-meteo-era5-land,point-proxy-derived,浙江中部代表点，非全省面积加权平均
obs-temp-mean-2025-05,Observation,2025-05-indicator-temp-mean,WeatherObservation,indicator-temp-mean,region-zhejiang,period-2025-05,22.306,°C,,month,source-open-meteo-era5-land,point-proxy-derived,浙江中部代表点，非全省面积加权平均
obs-temp-max-mean-2025-05,Observation,2025-05-indicator-temp-max-mean,WeatherObservation,indicator-temp-max-mean,region-zhejiang,period-2025-05,26.971,°C,,month,source-open-meteo-era5-land,point-proxy-derived,浙江中部代表点，非全省面积加权平均
obs-temp-min-mean-2025-05,Observation,2025-05-indicator-temp-min-mean,WeatherObservation,indicator-temp-min-mean,region-zhejiang,period-2025-05,17.932,°C,,month,source-open-meteo-era5-land,point-proxy-derived,浙江中部代表点，非全省面积加权平均
obs-temp-abs-max-2025-05,Observation,2025-05-indicator-temp-abs-max,WeatherObservation,indicator-temp-abs-max,region-zhejiang,period-2025-05,32.1,°C,,month,source-open-meteo-era5-land,point-proxy-derived,浙江中部代表点，非全省面积加权平均
obs-temp-abs-min-2025-05,Observation,2025-05-indicator-temp-abs-min,WeatherObservation,indicator-temp-abs-min,region-zhejiang,period-2025-05,14.1,°C,,month,source-open-meteo-era5-land,point-proxy-derived,浙江中部代表点，非全省面积加权平均
obs-cdd18-2025-05,Observation,2025-05-feature-cdd18,WeatherObservation,feature-cdd18,region-zhejiang,period-2025-05,133.5,°C·d,,month,source-open-meteo-era5-land,point-proxy-derived,浙江中部代表点，非全省面积加权平均
obs-hdd18-2025-05,Observation,2025-05-feature-hdd18,WeatherObservation,feature-hdd18,region-zhejiang,period-2025-05,0,°C·d,,month,source-open-meteo-era5-land,point-proxy-derived,浙江中部代表点，非全省面积加权平均
obs-hot-days-2025-05,Observation,2025-05-feature-hot-days,WeatherObservation,feature-hot-days,region-zhejiang,period-2025-05,0,天,,month,source-open-meteo-era5-land,point-proxy-derived,浙江中部代表点，非全省面积加权平均
obs-cold-days-2025-05,Observation,2025-05-feature-cold-days,WeatherObservation,feature-cold-days,region-zhejiang,period-2025-05,0,天,,month,source-open-meteo-era5-land,point-proxy-derived,浙江中部代表点，非全省面积加权平均
obs-temp-mean-2025-06,Observation,2025-06-indicator-temp-mean,WeatherObservation,indicator-temp-mean,region-zhejiang,period-2025-06,26.043,°C,,month,source-open-meteo-era5-land,point-proxy-derived,浙江中部代表点，非全省面积加权平均
obs-temp-max-mean-2025-06,Observation,2025-06-indicator-temp-max-mean,WeatherObservation,indicator-temp-max-mean,region-zhejiang,period-2025-06,30.163,°C,,month,source-open-meteo-era5-land,point-proxy-derived,浙江中部代表点，非全省面积加权平均
obs-temp-min-mean-2025-06,Observation,2025-06-indicator-temp-min-mean,WeatherObservation,indicator-temp-min-mean,region-zhejiang,period-2025-06,22.517,°C,,month,source-open-meteo-era5-land,point-proxy-derived,浙江中部代表点，非全省面积加权平均
obs-temp-abs-max-2025-06,Observation,2025-06-indicator-temp-abs-max,WeatherObservation,indicator-temp-abs-max,region-zhejiang,period-2025-06,33.9,°C,,month,source-open-meteo-era5-land,point-proxy-derived,浙江中部代表点，非全省面积加权平均
obs-temp-abs-min-2025-06,Observation,2025-06-indicator-temp-abs-min,WeatherObservation,indicator-temp-abs-min,region-zhejiang,period-2025-06,18.4,°C,,month,source-open-meteo-era5-land,point-proxy-derived,浙江中部代表点，非全省面积加权平均
obs-cdd18-2025-06,Observation,2025-06-feature-cdd18,WeatherObservation,feature-cdd18,region-zhejiang,period-2025-06,241.3,°C·d,,month,source-open-meteo-era5-land,point-proxy-derived,浙江中部代表点，非全省面积加权平均
obs-hdd18-2025-06,Observation,2025-06-feature-hdd18,WeatherObservation,feature-hdd18,region-zhejiang,period-2025-06,0,°C·d,,month,source-open-meteo-era5-land,point-proxy-derived,浙江中部代表点，非全省面积加权平均
obs-hot-days-2025-06,Observation,2025-06-feature-hot-days,WeatherObservation,feature-hot-days,region-zhejiang,period-2025-06,0,天,,month,source-open-meteo-era5-land,point-proxy-derived,浙江中部代表点，非全省面积加权平均
obs-cold-days-2025-06,Observation,2025-06-feature-cold-days,WeatherObservation,feature-cold-days,region-zhejiang,period-2025-06,0,天,,month,source-open-meteo-era5-land,point-proxy-derived,浙江中部代表点，非全省面积加权平均
obs-temp-mean-2025-07,Observation,2025-07-indicator-temp-mean,WeatherObservation,indicator-temp-mean,region-zhejiang,period-2025-07,27.881,°C,,month,source-open-meteo-era5-land,point-proxy-derived,浙江中部代表点，非全省面积加权平均
obs-temp-max-mean-2025-07,Observation,2025-07-indicator-temp-max-mean,WeatherObservation,indicator-temp-max-mean,region-zhejiang,period-2025-07,31.455,°C,,month,source-open-meteo-era5-land,point-proxy-derived,浙江中部代表点，非全省面积加权平均
obs-temp-min-mean-2025-07,Observation,2025-07-indicator-temp-min-mean,WeatherObservation,indicator-temp-min-mean,region-zhejiang,period-2025-07,25.097,°C,,month,source-open-meteo-era5-land,point-proxy-derived,浙江中部代表点，非全省面积加权平均
obs-temp-abs-max-2025-07,Observation,2025-07-indicator-temp-abs-max,WeatherObservation,indicator-temp-abs-max,region-zhejiang,period-2025-07,34.9,°C,,month,source-open-meteo-era5-land,point-proxy-derived,浙江中部代表点，非全省面积加权平均
obs-temp-abs-min-2025-07,Observation,2025-07-indicator-temp-abs-min,WeatherObservation,indicator-temp-abs-min,region-zhejiang,period-2025-07,22.7,°C,,month,source-open-meteo-era5-land,point-proxy-derived,浙江中部代表点，非全省面积加权平均
obs-cdd18-2025-07,Observation,2025-07-feature-cdd18,WeatherObservation,feature-cdd18,region-zhejiang,period-2025-07,306.3,°C·d,,month,source-open-meteo-era5-land,point-proxy-derived,浙江中部代表点，非全省面积加权平均
obs-hdd18-2025-07,Observation,2025-07-feature-hdd18,WeatherObservation,feature-hdd18,region-zhejiang,period-2025-07,0,°C·d,,month,source-open-meteo-era5-land,point-proxy-derived,浙江中部代表点，非全省面积加权平均
obs-hot-days-2025-07,Observation,2025-07-feature-hot-days,WeatherObservation,feature-hot-days,region-zhejiang,period-2025-07,0,天,,month,source-open-meteo-era5-land,point-proxy-derived,浙江中部代表点，非全省面积加权平均
obs-cold-days-2025-07,Observation,2025-07-feature-cold-days,WeatherObservation,feature-cold-days,region-zhejiang,period-2025-07,0,天,,month,source-open-meteo-era5-land,point-proxy-derived,浙江中部代表点，非全省面积加权平均
obs-temp-mean-2025-08,Observation,2025-08-indicator-temp-mean,WeatherObservation,indicator-temp-mean,region-zhejiang,period-2025-08,30.532,°C,,month,source-open-meteo-era5-land,point-proxy-derived,浙江中部代表点，非全省面积加权平均
obs-temp-max-mean-2025-08,Observation,2025-08-indicator-temp-max-mean,WeatherObservation,indicator-temp-max-mean,region-zhejiang,period-2025-08,35.868,°C,,month,source-open-meteo-era5-land,point-proxy-derived,浙江中部代表点，非全省面积加权平均
obs-temp-min-mean-2025-08,Observation,2025-08-indicator-temp-min-mean,WeatherObservation,indicator-temp-min-mean,region-zhejiang,period-2025-08,26.119,°C,,month,source-open-meteo-era5-land,point-proxy-derived,浙江中部代表点，非全省面积加权平均
obs-temp-abs-max-2025-08,Observation,2025-08-indicator-temp-abs-max,WeatherObservation,indicator-temp-abs-max,region-zhejiang,period-2025-08,38.1,°C,,month,source-open-meteo-era5-land,point-proxy-derived,浙江中部代表点，非全省面积加权平均
obs-temp-abs-min-2025-08,Observation,2025-08-indicator-temp-abs-min,WeatherObservation,indicator-temp-abs-min,region-zhejiang,period-2025-08,24.5,°C,,month,source-open-meteo-era5-land,point-proxy-derived,浙江中部代表点，非全省面积加权平均
obs-cdd18-2025-08,Observation,2025-08-feature-cdd18,WeatherObservation,feature-cdd18,region-zhejiang,period-2025-08,388.5,°C·d,,month,source-open-meteo-era5-land,point-proxy-derived,浙江中部代表点，非全省面积加权平均
obs-hdd18-2025-08,Observation,2025-08-feature-hdd18,WeatherObservation,feature-hdd18,region-zhejiang,period-2025-08,0,°C·d,,month,source-open-meteo-era5-land,point-proxy-derived,浙江中部代表点，非全省面积加权平均
obs-hot-days-2025-08,Observation,2025-08-feature-hot-days,WeatherObservation,feature-hot-days,region-zhejiang,period-2025-08,22,天,,month,source-open-meteo-era5-land,point-proxy-derived,浙江中部代表点，非全省面积加权平均
obs-cold-days-2025-08,Observation,2025-08-feature-cold-days,WeatherObservation,feature-cold-days,region-zhejiang,period-2025-08,0,天,,month,source-open-meteo-era5-land,point-proxy-derived,浙江中部代表点，非全省面积加权平均
obs-temp-mean-2025-09,Observation,2025-09-indicator-temp-mean,WeatherObservation,indicator-temp-mean,region-zhejiang,period-2025-09,29.093,°C,,month,source-open-meteo-era5-land,point-proxy-derived,浙江中部代表点，非全省面积加权平均
obs-temp-max-mean-2025-09,Observation,2025-09-indicator-temp-max-mean,WeatherObservation,indicator-temp-max-mean,region-zhejiang,period-2025-09,34.313,°C,,month,source-open-meteo-era5-land,point-proxy-derived,浙江中部代表点，非全省面积加权平均
obs-temp-min-mean-2025-09,Observation,2025-09-indicator-temp-min-mean,WeatherObservation,indicator-temp-min-mean,region-zhejiang,period-2025-09,25.003,°C,,month,source-open-meteo-era5-land,point-proxy-derived,浙江中部代表点，非全省面积加权平均
obs-temp-abs-max-2025-09,Observation,2025-09-indicator-temp-abs-max,WeatherObservation,indicator-temp-abs-max,region-zhejiang,period-2025-09,39,°C,,month,source-open-meteo-era5-land,point-proxy-derived,浙江中部代表点，非全省面积加权平均
obs-temp-abs-min-2025-09,Observation,2025-09-indicator-temp-abs-min,WeatherObservation,indicator-temp-abs-min,region-zhejiang,period-2025-09,21.8,°C,,month,source-open-meteo-era5-land,point-proxy-derived,浙江中部代表点，非全省面积加权平均
obs-cdd18-2025-09,Observation,2025-09-feature-cdd18,WeatherObservation,feature-cdd18,region-zhejiang,period-2025-09,332.8,°C·d,,month,source-open-meteo-era5-land,point-proxy-derived,浙江中部代表点，非全省面积加权平均
obs-hdd18-2025-09,Observation,2025-09-feature-hdd18,WeatherObservation,feature-hdd18,region-zhejiang,period-2025-09,0,°C·d,,month,source-open-meteo-era5-land,point-proxy-derived,浙江中部代表点，非全省面积加权平均
obs-hot-days-2025-09,Observation,2025-09-feature-hot-days,WeatherObservation,feature-hot-days,region-zhejiang,period-2025-09,14,天,,month,source-open-meteo-era5-land,point-proxy-derived,浙江中部代表点，非全省面积加权平均
obs-cold-days-2025-09,Observation,2025-09-feature-cold-days,WeatherObservation,feature-cold-days,region-zhejiang,period-2025-09,0,天,,month,source-open-meteo-era5-land,point-proxy-derived,浙江中部代表点，非全省面积加权平均
obs-temp-mean-2025-10,Observation,2025-10-indicator-temp-mean,WeatherObservation,indicator-temp-mean,region-zhejiang,period-2025-10,23.619,°C,,month,source-open-meteo-era5-land,point-proxy-derived,浙江中部代表点，非全省面积加权平均
obs-temp-max-mean-2025-10,Observation,2025-10-indicator-temp-max-mean,WeatherObservation,indicator-temp-max-mean,region-zhejiang,period-2025-10,28.026,°C,,month,source-open-meteo-era5-land,point-proxy-derived,浙江中部代表点，非全省面积加权平均
obs-temp-min-mean-2025-10,Observation,2025-10-indicator-temp-min-mean,WeatherObservation,indicator-temp-min-mean,region-zhejiang,period-2025-10,20.142,°C,,month,source-open-meteo-era5-land,point-proxy-derived,浙江中部代表点，非全省面积加权平均
obs-temp-abs-max-2025-10,Observation,2025-10-indicator-temp-abs-max,WeatherObservation,indicator-temp-abs-max,region-zhejiang,period-2025-10,37.3,°C,,month,source-open-meteo-era5-land,point-proxy-derived,浙江中部代表点，非全省面积加权平均
obs-temp-abs-min-2025-10,Observation,2025-10-indicator-temp-abs-min,WeatherObservation,indicator-temp-abs-min,region-zhejiang,period-2025-10,11.3,°C,,month,source-open-meteo-era5-land,point-proxy-derived,浙江中部代表点，非全省面积加权平均
obs-cdd18-2025-10,Observation,2025-10-feature-cdd18,WeatherObservation,feature-cdd18,region-zhejiang,period-2025-10,187.6,°C·d,,month,source-open-meteo-era5-land,point-proxy-derived,浙江中部代表点，非全省面积加权平均
obs-hdd18-2025-10,Observation,2025-10-feature-hdd18,WeatherObservation,feature-hdd18,region-zhejiang,period-2025-10,13.4,°C·d,,month,source-open-meteo-era5-land,point-proxy-derived,浙江中部代表点，非全省面积加权平均
obs-hot-days-2025-10,Observation,2025-10-feature-hot-days,WeatherObservation,feature-hot-days,region-zhejiang,period-2025-10,8,天,,month,source-open-meteo-era5-land,point-proxy-derived,浙江中部代表点，非全省面积加权平均
obs-cold-days-2025-10,Observation,2025-10-feature-cold-days,WeatherObservation,feature-cold-days,region-zhejiang,period-2025-10,0,天,,month,source-open-meteo-era5-land,point-proxy-derived,浙江中部代表点，非全省面积加权平均
obs-temp-mean-2025-11,Observation,2025-11-indicator-temp-mean,WeatherObservation,indicator-temp-mean,region-zhejiang,period-2025-11,13.583,°C,,month,source-open-meteo-era5-land,point-proxy-derived,浙江中部代表点，非全省面积加权平均
obs-temp-max-mean-2025-11,Observation,2025-11-indicator-temp-max-mean,WeatherObservation,indicator-temp-max-mean,region-zhejiang,period-2025-11,17.913,°C,,month,source-open-meteo-era5-land,point-proxy-derived,浙江中部代表点，非全省面积加权平均
obs-temp-min-mean-2025-11,Observation,2025-11-indicator-temp-min-mean,WeatherObservation,indicator-temp-min-mean,region-zhejiang,period-2025-11,9.973,°C,,month,source-open-meteo-era5-land,point-proxy-derived,浙江中部代表点，非全省面积加权平均
obs-temp-abs-max-2025-11,Observation,2025-11-indicator-temp-abs-max,WeatherObservation,indicator-temp-abs-max,region-zhejiang,period-2025-11,23.6,°C,,month,source-open-meteo-era5-land,point-proxy-derived,浙江中部代表点，非全省面积加权平均
obs-temp-abs-min-2025-11,Observation,2025-11-indicator-temp-abs-min,WeatherObservation,indicator-temp-abs-min,region-zhejiang,period-2025-11,2.8,°C,,month,source-open-meteo-era5-land,point-proxy-derived,浙江中部代表点，非全省面积加权平均
obs-cdd18-2025-11,Observation,2025-11-feature-cdd18,WeatherObservation,feature-cdd18,region-zhejiang,period-2025-11,3.3,°C·d,,month,source-open-meteo-era5-land,point-proxy-derived,浙江中部代表点，非全省面积加权平均
obs-hdd18-2025-11,Observation,2025-11-feature-hdd18,WeatherObservation,feature-hdd18,region-zhejiang,period-2025-11,135.8,°C·d,,month,source-open-meteo-era5-land,point-proxy-derived,浙江中部代表点，非全省面积加权平均
obs-hot-days-2025-11,Observation,2025-11-feature-hot-days,WeatherObservation,feature-hot-days,region-zhejiang,period-2025-11,0,天,,month,source-open-meteo-era5-land,point-proxy-derived,浙江中部代表点，非全省面积加权平均
obs-cold-days-2025-11,Observation,2025-11-feature-cold-days,WeatherObservation,feature-cold-days,region-zhejiang,period-2025-11,0,天,,month,source-open-meteo-era5-land,point-proxy-derived,浙江中部代表点，非全省面积加权平均
obs-temp-mean-2025-12,Observation,2025-12-indicator-temp-mean,WeatherObservation,indicator-temp-mean,region-zhejiang,period-2025-12,10.145,°C,,month,source-open-meteo-era5-land,point-proxy-derived,浙江中部代表点，非全省面积加权平均
obs-temp-max-mean-2025-12,Observation,2025-12-indicator-temp-max-mean,WeatherObservation,indicator-temp-max-mean,region-zhejiang,period-2025-12,15.723,°C,,month,source-open-meteo-era5-land,point-proxy-derived,浙江中部代表点，非全省面积加权平均
obs-temp-min-mean-2025-12,Observation,2025-12-indicator-temp-min-mean,WeatherObservation,indicator-temp-min-mean,region-zhejiang,period-2025-12,5.158,°C,,month,source-open-meteo-era5-land,point-proxy-derived,浙江中部代表点，非全省面积加权平均
obs-temp-abs-max-2025-12,Observation,2025-12-indicator-temp-abs-max,WeatherObservation,indicator-temp-abs-max,region-zhejiang,period-2025-12,24,°C,,month,source-open-meteo-era5-land,point-proxy-derived,浙江中部代表点，非全省面积加权平均
obs-temp-abs-min-2025-12,Observation,2025-12-indicator-temp-abs-min,WeatherObservation,indicator-temp-abs-min,region-zhejiang,period-2025-12,-1.1,°C,,month,source-open-meteo-era5-land,point-proxy-derived,浙江中部代表点，非全省面积加权平均
obs-cdd18-2025-12,Observation,2025-12-feature-cdd18,WeatherObservation,feature-cdd18,region-zhejiang,period-2025-12,0,°C·d,,month,source-open-meteo-era5-land,point-proxy-derived,浙江中部代表点，非全省面积加权平均
obs-hdd18-2025-12,Observation,2025-12-feature-hdd18,WeatherObservation,feature-hdd18,region-zhejiang,period-2025-12,243.5,°C·d,,month,source-open-meteo-era5-land,point-proxy-derived,浙江中部代表点，非全省面积加权平均
obs-hot-days-2025-12,Observation,2025-12-feature-hot-days,WeatherObservation,feature-hot-days,region-zhejiang,period-2025-12,0,天,,month,source-open-meteo-era5-land,point-proxy-derived,浙江中部代表点，非全省面积加权平均
obs-cold-days-2025-12,Observation,2025-12-feature-cold-days,WeatherObservation,feature-cold-days,region-zhejiang,period-2025-12,3,天,,month,source-open-meteo-era5-land,point-proxy-derived,浙江中部代表点，非全省面积加权平均
obs-workdays-2021-01,Observation,2021-01-feature-workdays,CalendarObservation,feature-workdays,region-zhejiang,period-2021-01,20,天,,month,source-holiday-docx,extracted,逐日分类后按月汇总
obs-nonworkdays-2021-01,Observation,2021-01-feature-nonworkdays,CalendarObservation,feature-nonworkdays,region-zhejiang,period-2021-01,11,天,,month,source-holiday-docx,extracted,逐日分类后按月汇总
obs-holiday-days-2021-01,Observation,2021-01-feature-holiday-days,CalendarObservation,feature-holiday-days,region-zhejiang,period-2021-01,3,天,,month,source-holiday-docx,extracted,逐日分类后按月汇总
obs-makeup-workdays-2021-01,Observation,2021-01-feature-makeup-workdays,CalendarObservation,feature-makeup-workdays,region-zhejiang,period-2021-01,0,天,,month,source-holiday-docx,extracted,逐日分类后按月汇总
obs-workdays-2021-02,Observation,2021-02-feature-workdays,CalendarObservation,feature-workdays,region-zhejiang,period-2021-02,17,天,,month,source-holiday-docx,extracted,逐日分类后按月汇总
obs-nonworkdays-2021-02,Observation,2021-02-feature-nonworkdays,CalendarObservation,feature-nonworkdays,region-zhejiang,period-2021-02,11,天,,month,source-holiday-docx,extracted,逐日分类后按月汇总
obs-holiday-days-2021-02,Observation,2021-02-feature-holiday-days,CalendarObservation,feature-holiday-days,region-zhejiang,period-2021-02,7,天,,month,source-holiday-docx,extracted,逐日分类后按月汇总
obs-makeup-workdays-2021-02,Observation,2021-02-feature-makeup-workdays,CalendarObservation,feature-makeup-workdays,region-zhejiang,period-2021-02,2,天,,month,source-holiday-docx,extracted,逐日分类后按月汇总
obs-workdays-2021-03,Observation,2021-03-feature-workdays,CalendarObservation,feature-workdays,region-zhejiang,period-2021-03,23,天,,month,source-holiday-docx,extracted,逐日分类后按月汇总
obs-nonworkdays-2021-03,Observation,2021-03-feature-nonworkdays,CalendarObservation,feature-nonworkdays,region-zhejiang,period-2021-03,8,天,,month,source-holiday-docx,extracted,逐日分类后按月汇总
obs-holiday-days-2021-03,Observation,2021-03-feature-holiday-days,CalendarObservation,feature-holiday-days,region-zhejiang,period-2021-03,0,天,,month,source-holiday-docx,extracted,逐日分类后按月汇总
obs-makeup-workdays-2021-03,Observation,2021-03-feature-makeup-workdays,CalendarObservation,feature-makeup-workdays,region-zhejiang,period-2021-03,0,天,,month,source-holiday-docx,extracted,逐日分类后按月汇总
obs-workdays-2021-04,Observation,2021-04-feature-workdays,CalendarObservation,feature-workdays,region-zhejiang,period-2021-04,22,天,,month,source-holiday-docx,extracted,逐日分类后按月汇总
obs-nonworkdays-2021-04,Observation,2021-04-feature-nonworkdays,CalendarObservation,feature-nonworkdays,region-zhejiang,period-2021-04,8,天,,month,source-holiday-docx,extracted,逐日分类后按月汇总
obs-holiday-days-2021-04,Observation,2021-04-feature-holiday-days,CalendarObservation,feature-holiday-days,region-zhejiang,period-2021-04,3,天,,month,source-holiday-docx,extracted,逐日分类后按月汇总
obs-makeup-workdays-2021-04,Observation,2021-04-feature-makeup-workdays,CalendarObservation,feature-makeup-workdays,region-zhejiang,period-2021-04,1,天,,month,source-holiday-docx,extracted,逐日分类后按月汇总
obs-workdays-2021-05,Observation,2021-05-feature-workdays,CalendarObservation,feature-workdays,region-zhejiang,period-2021-05,19,天,,month,source-holiday-docx,extracted,逐日分类后按月汇总
obs-nonworkdays-2021-05,Observation,2021-05-feature-nonworkdays,CalendarObservation,feature-nonworkdays,region-zhejiang,period-2021-05,12,天,,month,source-holiday-docx,extracted,逐日分类后按月汇总
obs-holiday-days-2021-05,Observation,2021-05-feature-holiday-days,CalendarObservation,feature-holiday-days,region-zhejiang,period-2021-05,5,天,,month,source-holiday-docx,extracted,逐日分类后按月汇总
obs-makeup-workdays-2021-05,Observation,2021-05-feature-makeup-workdays,CalendarObservation,feature-makeup-workdays,region-zhejiang,period-2021-05,1,天,,month,source-holiday-docx,extracted,逐日分类后按月汇总
obs-workdays-2021-06,Observation,2021-06-feature-workdays,CalendarObservation,feature-workdays,region-zhejiang,period-2021-06,21,天,,month,source-holiday-docx,extracted,逐日分类后按月汇总
obs-nonworkdays-2021-06,Observation,2021-06-feature-nonworkdays,CalendarObservation,feature-nonworkdays,region-zhejiang,period-2021-06,9,天,,month,source-holiday-docx,extracted,逐日分类后按月汇总
obs-holiday-days-2021-06,Observation,2021-06-feature-holiday-days,CalendarObservation,feature-holiday-days,region-zhejiang,period-2021-06,3,天,,month,source-holiday-docx,extracted,逐日分类后按月汇总
obs-makeup-workdays-2021-06,Observation,2021-06-feature-makeup-workdays,CalendarObservation,feature-makeup-workdays,region-zhejiang,period-2021-06,0,天,,month,source-holiday-docx,extracted,逐日分类后按月汇总
obs-workdays-2021-07,Observation,2021-07-feature-workdays,CalendarObservation,feature-workdays,region-zhejiang,period-2021-07,22,天,,month,source-holiday-docx,extracted,逐日分类后按月汇总
obs-nonworkdays-2021-07,Observation,2021-07-feature-nonworkdays,CalendarObservation,feature-nonworkdays,region-zhejiang,period-2021-07,9,天,,month,source-holiday-docx,extracted,逐日分类后按月汇总
obs-holiday-days-2021-07,Observation,2021-07-feature-holiday-days,CalendarObservation,feature-holiday-days,region-zhejiang,period-2021-07,0,天,,month,source-holiday-docx,extracted,逐日分类后按月汇总
obs-makeup-workdays-2021-07,Observation,2021-07-feature-makeup-workdays,CalendarObservation,feature-makeup-workdays,region-zhejiang,period-2021-07,0,天,,month,source-holiday-docx,extracted,逐日分类后按月汇总
obs-workdays-2021-08,Observation,2021-08-feature-workdays,CalendarObservation,feature-workdays,region-zhejiang,period-2021-08,22,天,,month,source-holiday-docx,extracted,逐日分类后按月汇总
obs-nonworkdays-2021-08,Observation,2021-08-feature-nonworkdays,CalendarObservation,feature-nonworkdays,region-zhejiang,period-2021-08,9,天,,month,source-holiday-docx,extracted,逐日分类后按月汇总
obs-holiday-days-2021-08,Observation,2021-08-feature-holiday-days,CalendarObservation,feature-holiday-days,region-zhejiang,period-2021-08,0,天,,month,source-holiday-docx,extracted,逐日分类后按月汇总
obs-makeup-workdays-2021-08,Observation,2021-08-feature-makeup-workdays,CalendarObservation,feature-makeup-workdays,region-zhejiang,period-2021-08,0,天,,month,source-holiday-docx,extracted,逐日分类后按月汇总
obs-workdays-2021-09,Observation,2021-09-feature-workdays,CalendarObservation,feature-workdays,region-zhejiang,period-2021-09,22,天,,month,source-holiday-docx,extracted,逐日分类后按月汇总
obs-nonworkdays-2021-09,Observation,2021-09-feature-nonworkdays,CalendarObservation,feature-nonworkdays,region-zhejiang,period-2021-09,8,天,,month,source-holiday-docx,extracted,逐日分类后按月汇总
obs-holiday-days-2021-09,Observation,2021-09-feature-holiday-days,CalendarObservation,feature-holiday-days,region-zhejiang,period-2021-09,3,天,,month,source-holiday-docx,extracted,逐日分类后按月汇总
obs-makeup-workdays-2021-09,Observation,2021-09-feature-makeup-workdays,CalendarObservation,feature-makeup-workdays,region-zhejiang,period-2021-09,2,天,,month,source-holiday-docx,extracted,逐日分类后按月汇总
obs-workdays-2021-10,Observation,2021-10-feature-workdays,CalendarObservation,feature-workdays,region-zhejiang,period-2021-10,17,天,,month,source-holiday-docx,extracted,逐日分类后按月汇总
obs-nonworkdays-2021-10,Observation,2021-10-feature-nonworkdays,CalendarObservation,feature-nonworkdays,region-zhejiang,period-2021-10,14,天,,month,source-holiday-docx,extracted,逐日分类后按月汇总
obs-holiday-days-2021-10,Observation,2021-10-feature-holiday-days,CalendarObservation,feature-holiday-days,region-zhejiang,period-2021-10,7,天,,month,source-holiday-docx,extracted,逐日分类后按月汇总
obs-makeup-workdays-2021-10,Observation,2021-10-feature-makeup-workdays,CalendarObservation,feature-makeup-workdays,region-zhejiang,period-2021-10,1,天,,month,source-holiday-docx,extracted,逐日分类后按月汇总
obs-workdays-2021-11,Observation,2021-11-feature-workdays,CalendarObservation,feature-workdays,region-zhejiang,period-2021-11,22,天,,month,source-holiday-docx,extracted,逐日分类后按月汇总
obs-nonworkdays-2021-11,Observation,2021-11-feature-nonworkdays,CalendarObservation,feature-nonworkdays,region-zhejiang,period-2021-11,8,天,,month,source-holiday-docx,extracted,逐日分类后按月汇总
obs-holiday-days-2021-11,Observation,2021-11-feature-holiday-days,CalendarObservation,feature-holiday-days,region-zhejiang,period-2021-11,0,天,,month,source-holiday-docx,extracted,逐日分类后按月汇总
obs-makeup-workdays-2021-11,Observation,2021-11-feature-makeup-workdays,CalendarObservation,feature-makeup-workdays,region-zhejiang,period-2021-11,0,天,,month,source-holiday-docx,extracted,逐日分类后按月汇总
obs-workdays-2021-12,Observation,2021-12-feature-workdays,CalendarObservation,feature-workdays,region-zhejiang,period-2021-12,23,天,,month,source-holiday-docx,extracted,逐日分类后按月汇总
obs-nonworkdays-2021-12,Observation,2021-12-feature-nonworkdays,CalendarObservation,feature-nonworkdays,region-zhejiang,period-2021-12,8,天,,month,source-holiday-docx,extracted,逐日分类后按月汇总
obs-holiday-days-2021-12,Observation,2021-12-feature-holiday-days,CalendarObservation,feature-holiday-days,region-zhejiang,period-2021-12,0,天,,month,source-holiday-docx,extracted,逐日分类后按月汇总
obs-makeup-workdays-2021-12,Observation,2021-12-feature-makeup-workdays,CalendarObservation,feature-makeup-workdays,region-zhejiang,period-2021-12,0,天,,month,source-holiday-docx,extracted,逐日分类后按月汇总
obs-workdays-2022-01,Observation,2022-01-feature-workdays,CalendarObservation,feature-workdays,region-zhejiang,period-2022-01,21,天,,month,source-holiday-docx,extracted,逐日分类后按月汇总
obs-nonworkdays-2022-01,Observation,2022-01-feature-nonworkdays,CalendarObservation,feature-nonworkdays,region-zhejiang,period-2022-01,10,天,,month,source-holiday-docx,extracted,逐日分类后按月汇总
obs-holiday-days-2022-01,Observation,2022-01-feature-holiday-days,CalendarObservation,feature-holiday-days,region-zhejiang,period-2022-01,4,天,,month,source-holiday-docx,extracted,逐日分类后按月汇总
obs-makeup-workdays-2022-01,Observation,2022-01-feature-makeup-workdays,CalendarObservation,feature-makeup-workdays,region-zhejiang,period-2022-01,2,天,,month,source-holiday-docx,extracted,逐日分类后按月汇总
obs-workdays-2022-02,Observation,2022-02-feature-workdays,CalendarObservation,feature-workdays,region-zhejiang,period-2022-02,16,天,,month,source-holiday-docx,extracted,逐日分类后按月汇总
obs-nonworkdays-2022-02,Observation,2022-02-feature-nonworkdays,CalendarObservation,feature-nonworkdays,region-zhejiang,period-2022-02,12,天,,month,source-holiday-docx,extracted,逐日分类后按月汇总
obs-holiday-days-2022-02,Observation,2022-02-feature-holiday-days,CalendarObservation,feature-holiday-days,region-zhejiang,period-2022-02,6,天,,month,source-holiday-docx,extracted,逐日分类后按月汇总
obs-makeup-workdays-2022-02,Observation,2022-02-feature-makeup-workdays,CalendarObservation,feature-makeup-workdays,region-zhejiang,period-2022-02,0,天,,month,source-holiday-docx,extracted,逐日分类后按月汇总
obs-workdays-2022-03,Observation,2022-03-feature-workdays,CalendarObservation,feature-workdays,region-zhejiang,period-2022-03,23,天,,month,source-holiday-docx,extracted,逐日分类后按月汇总
obs-nonworkdays-2022-03,Observation,2022-03-feature-nonworkdays,CalendarObservation,feature-nonworkdays,region-zhejiang,period-2022-03,8,天,,month,source-holiday-docx,extracted,逐日分类后按月汇总
obs-holiday-days-2022-03,Observation,2022-03-feature-holiday-days,CalendarObservation,feature-holiday-days,region-zhejiang,period-2022-03,0,天,,month,source-holiday-docx,extracted,逐日分类后按月汇总
obs-makeup-workdays-2022-03,Observation,2022-03-feature-makeup-workdays,CalendarObservation,feature-makeup-workdays,region-zhejiang,period-2022-03,0,天,,month,source-holiday-docx,extracted,逐日分类后按月汇总
obs-workdays-2022-04,Observation,2022-04-feature-workdays,CalendarObservation,feature-workdays,region-zhejiang,period-2022-04,21,天,,month,source-holiday-docx,extracted,逐日分类后按月汇总
obs-nonworkdays-2022-04,Observation,2022-04-feature-nonworkdays,CalendarObservation,feature-nonworkdays,region-zhejiang,period-2022-04,9,天,,month,source-holiday-docx,extracted,逐日分类后按月汇总
obs-holiday-days-2022-04,Observation,2022-04-feature-holiday-days,CalendarObservation,feature-holiday-days,region-zhejiang,period-2022-04,4,天,,month,source-holiday-docx,extracted,逐日分类后按月汇总
obs-makeup-workdays-2022-04,Observation,2022-04-feature-makeup-workdays,CalendarObservation,feature-makeup-workdays,region-zhejiang,period-2022-04,2,天,,month,source-holiday-docx,extracted,逐日分类后按月汇总
obs-workdays-2022-05,Observation,2022-05-feature-workdays,CalendarObservation,feature-workdays,region-zhejiang,period-2022-05,20,天,,month,source-holiday-docx,extracted,逐日分类后按月汇总
obs-nonworkdays-2022-05,Observation,2022-05-feature-nonworkdays,CalendarObservation,feature-nonworkdays,region-zhejiang,period-2022-05,11,天,,month,source-holiday-docx,extracted,逐日分类后按月汇总
obs-holiday-days-2022-05,Observation,2022-05-feature-holiday-days,CalendarObservation,feature-holiday-days,region-zhejiang,period-2022-05,4,天,,month,source-holiday-docx,extracted,逐日分类后按月汇总
obs-makeup-workdays-2022-05,Observation,2022-05-feature-makeup-workdays,CalendarObservation,feature-makeup-workdays,region-zhejiang,period-2022-05,1,天,,month,source-holiday-docx,extracted,逐日分类后按月汇总
obs-workdays-2022-06,Observation,2022-06-feature-workdays,CalendarObservation,feature-workdays,region-zhejiang,period-2022-06,21,天,,month,source-holiday-docx,extracted,逐日分类后按月汇总
obs-nonworkdays-2022-06,Observation,2022-06-feature-nonworkdays,CalendarObservation,feature-nonworkdays,region-zhejiang,period-2022-06,9,天,,month,source-holiday-docx,extracted,逐日分类后按月汇总
obs-holiday-days-2022-06,Observation,2022-06-feature-holiday-days,CalendarObservation,feature-holiday-days,region-zhejiang,period-2022-06,3,天,,month,source-holiday-docx,extracted,逐日分类后按月汇总
obs-makeup-workdays-2022-06,Observation,2022-06-feature-makeup-workdays,CalendarObservation,feature-makeup-workdays,region-zhejiang,period-2022-06,0,天,,month,source-holiday-docx,extracted,逐日分类后按月汇总
obs-workdays-2022-07,Observation,2022-07-feature-workdays,CalendarObservation,feature-workdays,region-zhejiang,period-2022-07,21,天,,month,source-holiday-docx,extracted,逐日分类后按月汇总
obs-nonworkdays-2022-07,Observation,2022-07-feature-nonworkdays,CalendarObservation,feature-nonworkdays,region-zhejiang,period-2022-07,10,天,,month,source-holiday-docx,extracted,逐日分类后按月汇总
obs-holiday-days-2022-07,Observation,2022-07-feature-holiday-days,CalendarObservation,feature-holiday-days,region-zhejiang,period-2022-07,0,天,,month,source-holiday-docx,extracted,逐日分类后按月汇总
obs-makeup-workdays-2022-07,Observation,2022-07-feature-makeup-workdays,CalendarObservation,feature-makeup-workdays,region-zhejiang,period-2022-07,0,天,,month,source-holiday-docx,extracted,逐日分类后按月汇总
obs-workdays-2022-08,Observation,2022-08-feature-workdays,CalendarObservation,feature-workdays,region-zhejiang,period-2022-08,23,天,,month,source-holiday-docx,extracted,逐日分类后按月汇总
obs-nonworkdays-2022-08,Observation,2022-08-feature-nonworkdays,CalendarObservation,feature-nonworkdays,region-zhejiang,period-2022-08,8,天,,month,source-holiday-docx,extracted,逐日分类后按月汇总
obs-holiday-days-2022-08,Observation,2022-08-feature-holiday-days,CalendarObservation,feature-holiday-days,region-zhejiang,period-2022-08,0,天,,month,source-holiday-docx,extracted,逐日分类后按月汇总
obs-makeup-workdays-2022-08,Observation,2022-08-feature-makeup-workdays,CalendarObservation,feature-makeup-workdays,region-zhejiang,period-2022-08,0,天,,month,source-holiday-docx,extracted,逐日分类后按月汇总
obs-workdays-2022-09,Observation,2022-09-feature-workdays,CalendarObservation,feature-workdays,region-zhejiang,period-2022-09,21,天,,month,source-holiday-docx,extracted,逐日分类后按月汇总
obs-nonworkdays-2022-09,Observation,2022-09-feature-nonworkdays,CalendarObservation,feature-nonworkdays,region-zhejiang,period-2022-09,9,天,,month,source-holiday-docx,extracted,逐日分类后按月汇总
obs-holiday-days-2022-09,Observation,2022-09-feature-holiday-days,CalendarObservation,feature-holiday-days,region-zhejiang,period-2022-09,3,天,,month,source-holiday-docx,extracted,逐日分类后按月汇总
obs-makeup-workdays-2022-09,Observation,2022-09-feature-makeup-workdays,CalendarObservation,feature-makeup-workdays,region-zhejiang,period-2022-09,0,天,,month,source-holiday-docx,extracted,逐日分类后按月汇总
obs-workdays-2022-10,Observation,2022-10-feature-workdays,CalendarObservation,feature-workdays,region-zhejiang,period-2022-10,18,天,,month,source-holiday-docx,extracted,逐日分类后按月汇总
obs-nonworkdays-2022-10,Observation,2022-10-feature-nonworkdays,CalendarObservation,feature-nonworkdays,region-zhejiang,period-2022-10,13,天,,month,source-holiday-docx,extracted,逐日分类后按月汇总
obs-holiday-days-2022-10,Observation,2022-10-feature-holiday-days,CalendarObservation,feature-holiday-days,region-zhejiang,period-2022-10,7,天,,month,source-holiday-docx,extracted,逐日分类后按月汇总
obs-makeup-workdays-2022-10,Observation,2022-10-feature-makeup-workdays,CalendarObservation,feature-makeup-workdays,region-zhejiang,period-2022-10,2,天,,month,source-holiday-docx,extracted,逐日分类后按月汇总
obs-workdays-2022-11,Observation,2022-11-feature-workdays,CalendarObservation,feature-workdays,region-zhejiang,period-2022-11,22,天,,month,source-holiday-docx,extracted,逐日分类后按月汇总
obs-nonworkdays-2022-11,Observation,2022-11-feature-nonworkdays,CalendarObservation,feature-nonworkdays,region-zhejiang,period-2022-11,8,天,,month,source-holiday-docx,extracted,逐日分类后按月汇总
obs-holiday-days-2022-11,Observation,2022-11-feature-holiday-days,CalendarObservation,feature-holiday-days,region-zhejiang,period-2022-11,0,天,,month,source-holiday-docx,extracted,逐日分类后按月汇总
obs-makeup-workdays-2022-11,Observation,2022-11-feature-makeup-workdays,CalendarObservation,feature-makeup-workdays,region-zhejiang,period-2022-11,0,天,,month,source-holiday-docx,extracted,逐日分类后按月汇总
obs-workdays-2022-12,Observation,2022-12-feature-workdays,CalendarObservation,feature-workdays,region-zhejiang,period-2022-12,22,天,,month,source-holiday-docx,extracted,逐日分类后按月汇总
obs-nonworkdays-2022-12,Observation,2022-12-feature-nonworkdays,CalendarObservation,feature-nonworkdays,region-zhejiang,period-2022-12,9,天,,month,source-holiday-docx,extracted,逐日分类后按月汇总
obs-holiday-days-2022-12,Observation,2022-12-feature-holiday-days,CalendarObservation,feature-holiday-days,region-zhejiang,period-2022-12,1,天,,month,source-holiday-docx,extracted,逐日分类后按月汇总
obs-makeup-workdays-2022-12,Observation,2022-12-feature-makeup-workdays,CalendarObservation,feature-makeup-workdays,region-zhejiang,period-2022-12,0,天,,month,source-holiday-docx,extracted,逐日分类后按月汇总
obs-workdays-2023-01,Observation,2023-01-feature-workdays,CalendarObservation,feature-workdays,region-zhejiang,period-2023-01,18,天,,month,source-holiday-docx,extracted,逐日分类后按月汇总
obs-nonworkdays-2023-01,Observation,2023-01-feature-nonworkdays,CalendarObservation,feature-nonworkdays,region-zhejiang,period-2023-01,13,天,,month,source-holiday-docx,extracted,逐日分类后按月汇总
obs-holiday-days-2023-01,Observation,2023-01-feature-holiday-days,CalendarObservation,feature-holiday-days,region-zhejiang,period-2023-01,9,天,,month,source-holiday-docx,extracted,逐日分类后按月汇总
obs-makeup-workdays-2023-01,Observation,2023-01-feature-makeup-workdays,CalendarObservation,feature-makeup-workdays,region-zhejiang,period-2023-01,2,天,,month,source-holiday-docx,extracted,逐日分类后按月汇总
obs-workdays-2023-02,Observation,2023-02-feature-workdays,CalendarObservation,feature-workdays,region-zhejiang,period-2023-02,20,天,,month,source-holiday-docx,extracted,逐日分类后按月汇总
obs-nonworkdays-2023-02,Observation,2023-02-feature-nonworkdays,CalendarObservation,feature-nonworkdays,region-zhejiang,period-2023-02,8,天,,month,source-holiday-docx,extracted,逐日分类后按月汇总
obs-holiday-days-2023-02,Observation,2023-02-feature-holiday-days,CalendarObservation,feature-holiday-days,region-zhejiang,period-2023-02,0,天,,month,source-holiday-docx,extracted,逐日分类后按月汇总
obs-makeup-workdays-2023-02,Observation,2023-02-feature-makeup-workdays,CalendarObservation,feature-makeup-workdays,region-zhejiang,period-2023-02,0,天,,month,source-holiday-docx,extracted,逐日分类后按月汇总
obs-workdays-2023-03,Observation,2023-03-feature-workdays,CalendarObservation,feature-workdays,region-zhejiang,period-2023-03,23,天,,month,source-holiday-docx,extracted,逐日分类后按月汇总
obs-nonworkdays-2023-03,Observation,2023-03-feature-nonworkdays,CalendarObservation,feature-nonworkdays,region-zhejiang,period-2023-03,8,天,,month,source-holiday-docx,extracted,逐日分类后按月汇总
obs-holiday-days-2023-03,Observation,2023-03-feature-holiday-days,CalendarObservation,feature-holiday-days,region-zhejiang,period-2023-03,0,天,,month,source-holiday-docx,extracted,逐日分类后按月汇总
obs-makeup-workdays-2023-03,Observation,2023-03-feature-makeup-workdays,CalendarObservation,feature-makeup-workdays,region-zhejiang,period-2023-03,0,天,,month,source-holiday-docx,extracted,逐日分类后按月汇总
obs-workdays-2023-04,Observation,2023-04-feature-workdays,CalendarObservation,feature-workdays,region-zhejiang,period-2023-04,20,天,,month,source-holiday-docx,extracted,逐日分类后按月汇总
obs-nonworkdays-2023-04,Observation,2023-04-feature-nonworkdays,CalendarObservation,feature-nonworkdays,region-zhejiang,period-2023-04,10,天,,month,source-holiday-docx,extracted,逐日分类后按月汇总
obs-holiday-days-2023-04,Observation,2023-04-feature-holiday-days,CalendarObservation,feature-holiday-days,region-zhejiang,period-2023-04,3,天,,month,source-holiday-docx,extracted,逐日分类后按月汇总
obs-makeup-workdays-2023-04,Observation,2023-04-feature-makeup-workdays,CalendarObservation,feature-makeup-workdays,region-zhejiang,period-2023-04,1,天,,month,source-holiday-docx,extracted,逐日分类后按月汇总
obs-workdays-2023-05,Observation,2023-05-feature-workdays,CalendarObservation,feature-workdays,region-zhejiang,period-2023-05,21,天,,month,source-holiday-docx,extracted,逐日分类后按月汇总
obs-nonworkdays-2023-05,Observation,2023-05-feature-nonworkdays,CalendarObservation,feature-nonworkdays,region-zhejiang,period-2023-05,10,天,,month,source-holiday-docx,extracted,逐日分类后按月汇总
obs-holiday-days-2023-05,Observation,2023-05-feature-holiday-days,CalendarObservation,feature-holiday-days,region-zhejiang,period-2023-05,3,天,,month,source-holiday-docx,extracted,逐日分类后按月汇总
obs-makeup-workdays-2023-05,Observation,2023-05-feature-makeup-workdays,CalendarObservation,feature-makeup-workdays,region-zhejiang,period-2023-05,1,天,,month,source-holiday-docx,extracted,逐日分类后按月汇总
obs-workdays-2023-06,Observation,2023-06-feature-workdays,CalendarObservation,feature-workdays,region-zhejiang,period-2023-06,21,天,,month,source-holiday-docx,extracted,逐日分类后按月汇总
obs-nonworkdays-2023-06,Observation,2023-06-feature-nonworkdays,CalendarObservation,feature-nonworkdays,region-zhejiang,period-2023-06,9,天,,month,source-holiday-docx,extracted,逐日分类后按月汇总
obs-holiday-days-2023-06,Observation,2023-06-feature-holiday-days,CalendarObservation,feature-holiday-days,region-zhejiang,period-2023-06,3,天,,month,source-holiday-docx,extracted,逐日分类后按月汇总
obs-makeup-workdays-2023-06,Observation,2023-06-feature-makeup-workdays,CalendarObservation,feature-makeup-workdays,region-zhejiang,period-2023-06,1,天,,month,source-holiday-docx,extracted,逐日分类后按月汇总
obs-workdays-2023-07,Observation,2023-07-feature-workdays,CalendarObservation,feature-workdays,region-zhejiang,period-2023-07,21,天,,month,source-holiday-docx,extracted,逐日分类后按月汇总
obs-nonworkdays-2023-07,Observation,2023-07-feature-nonworkdays,CalendarObservation,feature-nonworkdays,region-zhejiang,period-2023-07,10,天,,month,source-holiday-docx,extracted,逐日分类后按月汇总
obs-holiday-days-2023-07,Observation,2023-07-feature-holiday-days,CalendarObservation,feature-holiday-days,region-zhejiang,period-2023-07,0,天,,month,source-holiday-docx,extracted,逐日分类后按月汇总
obs-makeup-workdays-2023-07,Observation,2023-07-feature-makeup-workdays,CalendarObservation,feature-makeup-workdays,region-zhejiang,period-2023-07,0,天,,month,source-holiday-docx,extracted,逐日分类后按月汇总
obs-workdays-2023-08,Observation,2023-08-feature-workdays,CalendarObservation,feature-workdays,region-zhejiang,period-2023-08,23,天,,month,source-holiday-docx,extracted,逐日分类后按月汇总
obs-nonworkdays-2023-08,Observation,2023-08-feature-nonworkdays,CalendarObservation,feature-nonworkdays,region-zhejiang,period-2023-08,8,天,,month,source-holiday-docx,extracted,逐日分类后按月汇总
obs-holiday-days-2023-08,Observation,2023-08-feature-holiday-days,CalendarObservation,feature-holiday-days,region-zhejiang,period-2023-08,0,天,,month,source-holiday-docx,extracted,逐日分类后按月汇总
obs-makeup-workdays-2023-08,Observation,2023-08-feature-makeup-workdays,CalendarObservation,feature-makeup-workdays,region-zhejiang,period-2023-08,0,天,,month,source-holiday-docx,extracted,逐日分类后按月汇总
obs-workdays-2023-09,Observation,2023-09-feature-workdays,CalendarObservation,feature-workdays,region-zhejiang,period-2023-09,20,天,,month,source-holiday-docx,extracted,逐日分类后按月汇总
obs-nonworkdays-2023-09,Observation,2023-09-feature-nonworkdays,CalendarObservation,feature-nonworkdays,region-zhejiang,period-2023-09,10,天,,month,source-holiday-docx,extracted,逐日分类后按月汇总
obs-holiday-days-2023-09,Observation,2023-09-feature-holiday-days,CalendarObservation,feature-holiday-days,region-zhejiang,period-2023-09,2,天,,month,source-holiday-docx,extracted,逐日分类后按月汇总
obs-makeup-workdays-2023-09,Observation,2023-09-feature-makeup-workdays,CalendarObservation,feature-makeup-workdays,region-zhejiang,period-2023-09,0,天,,month,source-holiday-docx,extracted,逐日分类后按月汇总
obs-workdays-2023-10,Observation,2023-10-feature-workdays,CalendarObservation,feature-workdays,region-zhejiang,period-2023-10,19,天,,month,source-holiday-docx,extracted,逐日分类后按月汇总
obs-nonworkdays-2023-10,Observation,2023-10-feature-nonworkdays,CalendarObservation,feature-nonworkdays,region-zhejiang,period-2023-10,12,天,,month,source-holiday-docx,extracted,逐日分类后按月汇总
obs-holiday-days-2023-10,Observation,2023-10-feature-holiday-days,CalendarObservation,feature-holiday-days,region-zhejiang,period-2023-10,6,天,,month,source-holiday-docx,extracted,逐日分类后按月汇总
obs-makeup-workdays-2023-10,Observation,2023-10-feature-makeup-workdays,CalendarObservation,feature-makeup-workdays,region-zhejiang,period-2023-10,2,天,,month,source-holiday-docx,extracted,逐日分类后按月汇总
obs-workdays-2023-11,Observation,2023-11-feature-workdays,CalendarObservation,feature-workdays,region-zhejiang,period-2023-11,22,天,,month,source-holiday-docx,extracted,逐日分类后按月汇总
obs-nonworkdays-2023-11,Observation,2023-11-feature-nonworkdays,CalendarObservation,feature-nonworkdays,region-zhejiang,period-2023-11,8,天,,month,source-holiday-docx,extracted,逐日分类后按月汇总
obs-holiday-days-2023-11,Observation,2023-11-feature-holiday-days,CalendarObservation,feature-holiday-days,region-zhejiang,period-2023-11,0,天,,month,source-holiday-docx,extracted,逐日分类后按月汇总
obs-makeup-workdays-2023-11,Observation,2023-11-feature-makeup-workdays,CalendarObservation,feature-makeup-workdays,region-zhejiang,period-2023-11,0,天,,month,source-holiday-docx,extracted,逐日分类后按月汇总
obs-workdays-2023-12,Observation,2023-12-feature-workdays,CalendarObservation,feature-workdays,region-zhejiang,period-2023-12,21,天,,month,source-holiday-docx,extracted,逐日分类后按月汇总
obs-nonworkdays-2023-12,Observation,2023-12-feature-nonworkdays,CalendarObservation,feature-nonworkdays,region-zhejiang,period-2023-12,10,天,,month,source-holiday-docx,extracted,逐日分类后按月汇总
obs-holiday-days-2023-12,Observation,2023-12-feature-holiday-days,CalendarObservation,feature-holiday-days,region-zhejiang,period-2023-12,0,天,,month,source-holiday-docx,extracted,逐日分类后按月汇总
obs-makeup-workdays-2023-12,Observation,2023-12-feature-makeup-workdays,CalendarObservation,feature-makeup-workdays,region-zhejiang,period-2023-12,0,天,,month,source-holiday-docx,extracted,逐日分类后按月汇总
obs-workdays-2024-01,Observation,2024-01-feature-workdays,CalendarObservation,feature-workdays,region-zhejiang,period-2024-01,22,天,,month,source-holiday-docx,extracted,逐日分类后按月汇总
obs-nonworkdays-2024-01,Observation,2024-01-feature-nonworkdays,CalendarObservation,feature-nonworkdays,region-zhejiang,period-2024-01,9,天,,month,source-holiday-docx,extracted,逐日分类后按月汇总
obs-holiday-days-2024-01,Observation,2024-01-feature-holiday-days,CalendarObservation,feature-holiday-days,region-zhejiang,period-2024-01,1,天,,month,source-holiday-docx,extracted,逐日分类后按月汇总
obs-makeup-workdays-2024-01,Observation,2024-01-feature-makeup-workdays,CalendarObservation,feature-makeup-workdays,region-zhejiang,period-2024-01,0,天,,month,source-holiday-docx,extracted,逐日分类后按月汇总
obs-workdays-2024-02,Observation,2024-02-feature-workdays,CalendarObservation,feature-workdays,region-zhejiang,period-2024-02,18,天,,month,source-holiday-docx,extracted,逐日分类后按月汇总
obs-nonworkdays-2024-02,Observation,2024-02-feature-nonworkdays,CalendarObservation,feature-nonworkdays,region-zhejiang,period-2024-02,11,天,,month,source-holiday-docx,extracted,逐日分类后按月汇总
obs-holiday-days-2024-02,Observation,2024-02-feature-holiday-days,CalendarObservation,feature-holiday-days,region-zhejiang,period-2024-02,8,天,,month,source-holiday-docx,extracted,逐日分类后按月汇总
obs-makeup-workdays-2024-02,Observation,2024-02-feature-makeup-workdays,CalendarObservation,feature-makeup-workdays,region-zhejiang,period-2024-02,2,天,,month,source-holiday-docx,extracted,逐日分类后按月汇总
obs-workdays-2024-03,Observation,2024-03-feature-workdays,CalendarObservation,feature-workdays,region-zhejiang,period-2024-03,21,天,,month,source-holiday-docx,extracted,逐日分类后按月汇总
obs-nonworkdays-2024-03,Observation,2024-03-feature-nonworkdays,CalendarObservation,feature-nonworkdays,region-zhejiang,period-2024-03,10,天,,month,source-holiday-docx,extracted,逐日分类后按月汇总
obs-holiday-days-2024-03,Observation,2024-03-feature-holiday-days,CalendarObservation,feature-holiday-days,region-zhejiang,period-2024-03,0,天,,month,source-holiday-docx,extracted,逐日分类后按月汇总
obs-makeup-workdays-2024-03,Observation,2024-03-feature-makeup-workdays,CalendarObservation,feature-makeup-workdays,region-zhejiang,period-2024-03,0,天,,month,source-holiday-docx,extracted,逐日分类后按月汇总
obs-workdays-2024-04,Observation,2024-04-feature-workdays,CalendarObservation,feature-workdays,region-zhejiang,period-2024-04,22,天,,month,source-holiday-docx,extracted,逐日分类后按月汇总
obs-nonworkdays-2024-04,Observation,2024-04-feature-nonworkdays,CalendarObservation,feature-nonworkdays,region-zhejiang,period-2024-04,8,天,,month,source-holiday-docx,extracted,逐日分类后按月汇总
obs-holiday-days-2024-04,Observation,2024-04-feature-holiday-days,CalendarObservation,feature-holiday-days,region-zhejiang,period-2024-04,3,天,,month,source-holiday-docx,extracted,逐日分类后按月汇总
obs-makeup-workdays-2024-04,Observation,2024-04-feature-makeup-workdays,CalendarObservation,feature-makeup-workdays,region-zhejiang,period-2024-04,2,天,,month,source-holiday-docx,extracted,逐日分类后按月汇总
obs-workdays-2024-05,Observation,2024-05-feature-workdays,CalendarObservation,feature-workdays,region-zhejiang,period-2024-05,21,天,,month,source-holiday-docx,extracted,逐日分类后按月汇总
obs-nonworkdays-2024-05,Observation,2024-05-feature-nonworkdays,CalendarObservation,feature-nonworkdays,region-zhejiang,period-2024-05,10,天,,month,source-holiday-docx,extracted,逐日分类后按月汇总
obs-holiday-days-2024-05,Observation,2024-05-feature-holiday-days,CalendarObservation,feature-holiday-days,region-zhejiang,period-2024-05,5,天,,month,source-holiday-docx,extracted,逐日分类后按月汇总
obs-makeup-workdays-2024-05,Observation,2024-05-feature-makeup-workdays,CalendarObservation,feature-makeup-workdays,region-zhejiang,period-2024-05,1,天,,month,source-holiday-docx,extracted,逐日分类后按月汇总
obs-workdays-2024-06,Observation,2024-06-feature-workdays,CalendarObservation,feature-workdays,region-zhejiang,period-2024-06,19,天,,month,source-holiday-docx,extracted,逐日分类后按月汇总
obs-nonworkdays-2024-06,Observation,2024-06-feature-nonworkdays,CalendarObservation,feature-nonworkdays,region-zhejiang,period-2024-06,11,天,,month,source-holiday-docx,extracted,逐日分类后按月汇总
obs-holiday-days-2024-06,Observation,2024-06-feature-holiday-days,CalendarObservation,feature-holiday-days,region-zhejiang,period-2024-06,3,天,,month,source-holiday-docx,extracted,逐日分类后按月汇总
obs-makeup-workdays-2024-06,Observation,2024-06-feature-makeup-workdays,CalendarObservation,feature-makeup-workdays,region-zhejiang,period-2024-06,0,天,,month,source-holiday-docx,extracted,逐日分类后按月汇总
obs-workdays-2024-07,Observation,2024-07-feature-workdays,CalendarObservation,feature-workdays,region-zhejiang,period-2024-07,23,天,,month,source-holiday-docx,extracted,逐日分类后按月汇总
obs-nonworkdays-2024-07,Observation,2024-07-feature-nonworkdays,CalendarObservation,feature-nonworkdays,region-zhejiang,period-2024-07,8,天,,month,source-holiday-docx,extracted,逐日分类后按月汇总
obs-holiday-days-2024-07,Observation,2024-07-feature-holiday-days,CalendarObservation,feature-holiday-days,region-zhejiang,period-2024-07,0,天,,month,source-holiday-docx,extracted,逐日分类后按月汇总
obs-makeup-workdays-2024-07,Observation,2024-07-feature-makeup-workdays,CalendarObservation,feature-makeup-workdays,region-zhejiang,period-2024-07,0,天,,month,source-holiday-docx,extracted,逐日分类后按月汇总
obs-workdays-2024-08,Observation,2024-08-feature-workdays,CalendarObservation,feature-workdays,region-zhejiang,period-2024-08,22,天,,month,source-holiday-docx,extracted,逐日分类后按月汇总
obs-nonworkdays-2024-08,Observation,2024-08-feature-nonworkdays,CalendarObservation,feature-nonworkdays,region-zhejiang,period-2024-08,9,天,,month,source-holiday-docx,extracted,逐日分类后按月汇总
obs-holiday-days-2024-08,Observation,2024-08-feature-holiday-days,CalendarObservation,feature-holiday-days,region-zhejiang,period-2024-08,0,天,,month,source-holiday-docx,extracted,逐日分类后按月汇总
obs-makeup-workdays-2024-08,Observation,2024-08-feature-makeup-workdays,CalendarObservation,feature-makeup-workdays,region-zhejiang,period-2024-08,0,天,,month,source-holiday-docx,extracted,逐日分类后按月汇总
obs-workdays-2024-09,Observation,2024-09-feature-workdays,CalendarObservation,feature-workdays,region-zhejiang,period-2024-09,21,天,,month,source-holiday-docx,extracted,逐日分类后按月汇总
obs-nonworkdays-2024-09,Observation,2024-09-feature-nonworkdays,CalendarObservation,feature-nonworkdays,region-zhejiang,period-2024-09,9,天,,month,source-holiday-docx,extracted,逐日分类后按月汇总
obs-holiday-days-2024-09,Observation,2024-09-feature-holiday-days,CalendarObservation,feature-holiday-days,region-zhejiang,period-2024-09,3,天,,month,source-holiday-docx,extracted,逐日分类后按月汇总
obs-makeup-workdays-2024-09,Observation,2024-09-feature-makeup-workdays,CalendarObservation,feature-makeup-workdays,region-zhejiang,period-2024-09,2,天,,month,source-holiday-docx,extracted,逐日分类后按月汇总
obs-workdays-2024-10,Observation,2024-10-feature-workdays,CalendarObservation,feature-workdays,region-zhejiang,period-2024-10,19,天,,month,source-holiday-docx,extracted,逐日分类后按月汇总
obs-nonworkdays-2024-10,Observation,2024-10-feature-nonworkdays,CalendarObservation,feature-nonworkdays,region-zhejiang,period-2024-10,12,天,,month,source-holiday-docx,extracted,逐日分类后按月汇总
obs-holiday-days-2024-10,Observation,2024-10-feature-holiday-days,CalendarObservation,feature-holiday-days,region-zhejiang,period-2024-10,7,天,,month,source-holiday-docx,extracted,逐日分类后按月汇总
obs-makeup-workdays-2024-10,Observation,2024-10-feature-makeup-workdays,CalendarObservation,feature-makeup-workdays,region-zhejiang,period-2024-10,1,天,,month,source-holiday-docx,extracted,逐日分类后按月汇总
obs-workdays-2024-11,Observation,2024-11-feature-workdays,CalendarObservation,feature-workdays,region-zhejiang,period-2024-11,21,天,,month,source-holiday-docx,extracted,逐日分类后按月汇总
obs-nonworkdays-2024-11,Observation,2024-11-feature-nonworkdays,CalendarObservation,feature-nonworkdays,region-zhejiang,period-2024-11,9,天,,month,source-holiday-docx,extracted,逐日分类后按月汇总
obs-holiday-days-2024-11,Observation,2024-11-feature-holiday-days,CalendarObservation,feature-holiday-days,region-zhejiang,period-2024-11,0,天,,month,source-holiday-docx,extracted,逐日分类后按月汇总
obs-makeup-workdays-2024-11,Observation,2024-11-feature-makeup-workdays,CalendarObservation,feature-makeup-workdays,region-zhejiang,period-2024-11,0,天,,month,source-holiday-docx,extracted,逐日分类后按月汇总
obs-workdays-2024-12,Observation,2024-12-feature-workdays,CalendarObservation,feature-workdays,region-zhejiang,period-2024-12,22,天,,month,source-holiday-docx,extracted,逐日分类后按月汇总
obs-nonworkdays-2024-12,Observation,2024-12-feature-nonworkdays,CalendarObservation,feature-nonworkdays,region-zhejiang,period-2024-12,9,天,,month,source-holiday-docx,extracted,逐日分类后按月汇总
obs-holiday-days-2024-12,Observation,2024-12-feature-holiday-days,CalendarObservation,feature-holiday-days,region-zhejiang,period-2024-12,0,天,,month,source-holiday-docx,extracted,逐日分类后按月汇总
obs-makeup-workdays-2024-12,Observation,2024-12-feature-makeup-workdays,CalendarObservation,feature-makeup-workdays,region-zhejiang,period-2024-12,0,天,,month,source-holiday-docx,extracted,逐日分类后按月汇总
obs-workdays-2025-01,Observation,2025-01-feature-workdays,CalendarObservation,feature-workdays,region-zhejiang,period-2025-01,19,天,,month,source-holiday-docx,extracted,逐日分类后按月汇总
obs-nonworkdays-2025-01,Observation,2025-01-feature-nonworkdays,CalendarObservation,feature-nonworkdays,region-zhejiang,period-2025-01,12,天,,month,source-holiday-docx,extracted,逐日分类后按月汇总
obs-holiday-days-2025-01,Observation,2025-01-feature-holiday-days,CalendarObservation,feature-holiday-days,region-zhejiang,period-2025-01,5,天,,month,source-holiday-docx,extracted,逐日分类后按月汇总
obs-makeup-workdays-2025-01,Observation,2025-01-feature-makeup-workdays,CalendarObservation,feature-makeup-workdays,region-zhejiang,period-2025-01,1,天,,month,source-holiday-docx,extracted,逐日分类后按月汇总
obs-workdays-2025-02,Observation,2025-02-feature-workdays,CalendarObservation,feature-workdays,region-zhejiang,period-2025-02,19,天,,month,source-holiday-docx,extracted,逐日分类后按月汇总
obs-nonworkdays-2025-02,Observation,2025-02-feature-nonworkdays,CalendarObservation,feature-nonworkdays,region-zhejiang,period-2025-02,9,天,,month,source-holiday-docx,extracted,逐日分类后按月汇总
obs-holiday-days-2025-02,Observation,2025-02-feature-holiday-days,CalendarObservation,feature-holiday-days,region-zhejiang,period-2025-02,4,天,,month,source-holiday-docx,extracted,逐日分类后按月汇总
obs-makeup-workdays-2025-02,Observation,2025-02-feature-makeup-workdays,CalendarObservation,feature-makeup-workdays,region-zhejiang,period-2025-02,1,天,,month,source-holiday-docx,extracted,逐日分类后按月汇总
obs-workdays-2025-03,Observation,2025-03-feature-workdays,CalendarObservation,feature-workdays,region-zhejiang,period-2025-03,21,天,,month,source-holiday-docx,extracted,逐日分类后按月汇总
obs-nonworkdays-2025-03,Observation,2025-03-feature-nonworkdays,CalendarObservation,feature-nonworkdays,region-zhejiang,period-2025-03,10,天,,month,source-holiday-docx,extracted,逐日分类后按月汇总
obs-holiday-days-2025-03,Observation,2025-03-feature-holiday-days,CalendarObservation,feature-holiday-days,region-zhejiang,period-2025-03,0,天,,month,source-holiday-docx,extracted,逐日分类后按月汇总
obs-makeup-workdays-2025-03,Observation,2025-03-feature-makeup-workdays,CalendarObservation,feature-makeup-workdays,region-zhejiang,period-2025-03,0,天,,month,source-holiday-docx,extracted,逐日分类后按月汇总
obs-workdays-2025-04,Observation,2025-04-feature-workdays,CalendarObservation,feature-workdays,region-zhejiang,period-2025-04,22,天,,month,source-holiday-docx,extracted,逐日分类后按月汇总
obs-nonworkdays-2025-04,Observation,2025-04-feature-nonworkdays,CalendarObservation,feature-nonworkdays,region-zhejiang,period-2025-04,8,天,,month,source-holiday-docx,extracted,逐日分类后按月汇总
obs-holiday-days-2025-04,Observation,2025-04-feature-holiday-days,CalendarObservation,feature-holiday-days,region-zhejiang,period-2025-04,3,天,,month,source-holiday-docx,extracted,逐日分类后按月汇总
obs-makeup-workdays-2025-04,Observation,2025-04-feature-makeup-workdays,CalendarObservation,feature-makeup-workdays,region-zhejiang,period-2025-04,1,天,,month,source-holiday-docx,extracted,逐日分类后按月汇总
obs-workdays-2025-05,Observation,2025-05-feature-workdays,CalendarObservation,feature-workdays,region-zhejiang,period-2025-05,19,天,,month,source-holiday-docx,extracted,逐日分类后按月汇总
obs-nonworkdays-2025-05,Observation,2025-05-feature-nonworkdays,CalendarObservation,feature-nonworkdays,region-zhejiang,period-2025-05,12,天,,month,source-holiday-docx,extracted,逐日分类后按月汇总
obs-holiday-days-2025-05,Observation,2025-05-feature-holiday-days,CalendarObservation,feature-holiday-days,region-zhejiang,period-2025-05,6,天,,month,source-holiday-docx,extracted,逐日分类后按月汇总
obs-makeup-workdays-2025-05,Observation,2025-05-feature-makeup-workdays,CalendarObservation,feature-makeup-workdays,region-zhejiang,period-2025-05,0,天,,month,source-holiday-docx,extracted,逐日分类后按月汇总
obs-workdays-2025-06,Observation,2025-06-feature-workdays,CalendarObservation,feature-workdays,region-zhejiang,period-2025-06,20,天,,month,source-holiday-docx,extracted,逐日分类后按月汇总
obs-nonworkdays-2025-06,Observation,2025-06-feature-nonworkdays,CalendarObservation,feature-nonworkdays,region-zhejiang,period-2025-06,10,天,,month,source-holiday-docx,extracted,逐日分类后按月汇总
obs-holiday-days-2025-06,Observation,2025-06-feature-holiday-days,CalendarObservation,feature-holiday-days,region-zhejiang,period-2025-06,2,天,,month,source-holiday-docx,extracted,逐日分类后按月汇总
obs-makeup-workdays-2025-06,Observation,2025-06-feature-makeup-workdays,CalendarObservation,feature-makeup-workdays,region-zhejiang,period-2025-06,0,天,,month,source-holiday-docx,extracted,逐日分类后按月汇总
obs-workdays-2025-07,Observation,2025-07-feature-workdays,CalendarObservation,feature-workdays,region-zhejiang,period-2025-07,23,天,,month,source-holiday-docx,extracted,逐日分类后按月汇总
obs-nonworkdays-2025-07,Observation,2025-07-feature-nonworkdays,CalendarObservation,feature-nonworkdays,region-zhejiang,period-2025-07,8,天,,month,source-holiday-docx,extracted,逐日分类后按月汇总
obs-holiday-days-2025-07,Observation,2025-07-feature-holiday-days,CalendarObservation,feature-holiday-days,region-zhejiang,period-2025-07,0,天,,month,source-holiday-docx,extracted,逐日分类后按月汇总
obs-makeup-workdays-2025-07,Observation,2025-07-feature-makeup-workdays,CalendarObservation,feature-makeup-workdays,region-zhejiang,period-2025-07,0,天,,month,source-holiday-docx,extracted,逐日分类后按月汇总
obs-workdays-2025-08,Observation,2025-08-feature-workdays,CalendarObservation,feature-workdays,region-zhejiang,period-2025-08,21,天,,month,source-holiday-docx,extracted,逐日分类后按月汇总
obs-nonworkdays-2025-08,Observation,2025-08-feature-nonworkdays,CalendarObservation,feature-nonworkdays,region-zhejiang,period-2025-08,10,天,,month,source-holiday-docx,extracted,逐日分类后按月汇总
obs-holiday-days-2025-08,Observation,2025-08-feature-holiday-days,CalendarObservation,feature-holiday-days,region-zhejiang,period-2025-08,0,天,,month,source-holiday-docx,extracted,逐日分类后按月汇总
obs-makeup-workdays-2025-08,Observation,2025-08-feature-makeup-workdays,CalendarObservation,feature-makeup-workdays,region-zhejiang,period-2025-08,0,天,,month,source-holiday-docx,extracted,逐日分类后按月汇总
obs-workdays-2025-09,Observation,2025-09-feature-workdays,CalendarObservation,feature-workdays,region-zhejiang,period-2025-09,23,天,,month,source-holiday-docx,extracted,逐日分类后按月汇总
obs-nonworkdays-2025-09,Observation,2025-09-feature-nonworkdays,CalendarObservation,feature-nonworkdays,region-zhejiang,period-2025-09,7,天,,month,source-holiday-docx,extracted,逐日分类后按月汇总
obs-holiday-days-2025-09,Observation,2025-09-feature-holiday-days,CalendarObservation,feature-holiday-days,region-zhejiang,period-2025-09,0,天,,month,source-holiday-docx,extracted,逐日分类后按月汇总
obs-makeup-workdays-2025-09,Observation,2025-09-feature-makeup-workdays,CalendarObservation,feature-makeup-workdays,region-zhejiang,period-2025-09,1,天,,month,source-holiday-docx,extracted,逐日分类后按月汇总
obs-workdays-2025-10,Observation,2025-10-feature-workdays,CalendarObservation,feature-workdays,region-zhejiang,period-2025-10,18,天,,month,source-holiday-docx,extracted,逐日分类后按月汇总
obs-nonworkdays-2025-10,Observation,2025-10-feature-nonworkdays,CalendarObservation,feature-nonworkdays,region-zhejiang,period-2025-10,13,天,,month,source-holiday-docx,extracted,逐日分类后按月汇总
obs-holiday-days-2025-10,Observation,2025-10-feature-holiday-days,CalendarObservation,feature-holiday-days,region-zhejiang,period-2025-10,8,天,,month,source-holiday-docx,extracted,逐日分类后按月汇总
obs-makeup-workdays-2025-10,Observation,2025-10-feature-makeup-workdays,CalendarObservation,feature-makeup-workdays,region-zhejiang,period-2025-10,1,天,,month,source-holiday-docx,extracted,逐日分类后按月汇总
obs-workdays-2025-11,Observation,2025-11-feature-workdays,CalendarObservation,feature-workdays,region-zhejiang,period-2025-11,20,天,,month,source-holiday-docx,extracted,逐日分类后按月汇总
obs-nonworkdays-2025-11,Observation,2025-11-feature-nonworkdays,CalendarObservation,feature-nonworkdays,region-zhejiang,period-2025-11,10,天,,month,source-holiday-docx,extracted,逐日分类后按月汇总
obs-holiday-days-2025-11,Observation,2025-11-feature-holiday-days,CalendarObservation,feature-holiday-days,region-zhejiang,period-2025-11,0,天,,month,source-holiday-docx,extracted,逐日分类后按月汇总
obs-makeup-workdays-2025-11,Observation,2025-11-feature-makeup-workdays,CalendarObservation,feature-makeup-workdays,region-zhejiang,period-2025-11,0,天,,month,source-holiday-docx,extracted,逐日分类后按月汇总
obs-workdays-2025-12,Observation,2025-12-feature-workdays,CalendarObservation,feature-workdays,region-zhejiang,period-2025-12,23,天,,month,source-holiday-docx,extracted,逐日分类后按月汇总
obs-nonworkdays-2025-12,Observation,2025-12-feature-nonworkdays,CalendarObservation,feature-nonworkdays,region-zhejiang,period-2025-12,8,天,,month,source-holiday-docx,extracted,逐日分类后按月汇总
obs-holiday-days-2025-12,Observation,2025-12-feature-holiday-days,CalendarObservation,feature-holiday-days,region-zhejiang,period-2025-12,0,天,,month,source-holiday-docx,extracted,逐日分类后按月汇总
obs-makeup-workdays-2025-12,Observation,2025-12-feature-makeup-workdays,CalendarObservation,feature-makeup-workdays,region-zhejiang,period-2025-12,0,天,,month,source-holiday-docx,extracted,逐日分类后按月汇总
