id,source_id,target_id,type,description,direction,lag,confidence,provenance
rel-000001,indicator-power-total,domain-electricity,BELONGS_TO,,,,,
rel-000002,indicator-gdp-primary,domain-economy,BELONGS_TO,,,,,
rel-000003,indicator-gdp-secondary,domain-economy,BELONGS_TO,,,,,
rel-000004,indicator-gdp-tertiary,domain-economy,BELONGS_TO,,,,,
rel-000005,indicator-temp-mean,domain-weather,BELONGS_TO,,,,,
rel-000006,indicator-temp-max-mean,domain-weather,BELONGS_TO,,,,,
rel-000007,indicator-temp-min-mean,domain-weather,BELONGS_TO,,,,,
rel-000008,indicator-temp-abs-max,domain-weather,BELONGS_TO,,,,,
rel-000009,indicator-temp-abs-min,domain-weather,BELONGS_TO,,,,,
rel-000010,feature-cdd18,domain-weather,BELONGS_TO,,,,,
rel-000011,feature-hdd18,domain-weather,BELONGS_TO,,,,,
rel-000012,feature-hot-days,domain-weather,BELONGS_TO,,,,,
rel-000013,feature-cold-days,domain-weather,BELONGS_TO,,,,,
rel-000014,indicator-precipitation-planned,domain-weather,BELONGS_TO,,,,,
rel-000015,indicator-wind-planned,domain-weather,BELONGS_TO,,,,,
rel-000016,feature-workdays,domain-calendar,BELONGS_TO,,,,,
rel-000017,feature-nonworkdays,domain-calendar,BELONGS_TO,,,,,
rel-000018,feature-holiday-days,domain-calendar,BELONGS_TO,,,,,
rel-000019,feature-makeup-workdays,domain-calendar,BELONGS_TO,,,,,
rel-000020,indicator-temp-mean,feature-cdd18,DERIVES_FEATURE,18°C基准的制冷度日,nonlinear,same-day,defined,feature-engineering
rel-000021,indicator-temp-mean,feature-hdd18,DERIVES_FEATURE,18°C基准的采暖度日,nonlinear,same-day,defined,feature-engineering
rel-000022,feature-cdd18,indicator-power-total,AFFECTS,制冷需求通常增加用电,positive,same-month,domain-prior,project-ontology
rel-000023,feature-hdd18,indicator-power-total,AFFECTS,采暖需求可能增加用电,positive,same-month,domain-prior,project-ontology
rel-000024,feature-holiday-days,indicator-power-total,DISTURBS,节假日改变工业、商业和居民用电结构,mixed,same-month,domain-prior,project-ontology
rel-000025,indicator-power-total,indicator-gdp-secondary,PROXIES_FOR,用电量可作为经济活动高频代理，但不等于因果关系,usually-positive,0-1 quarter,to-be-estimated,project-ontology
rel-000026,indicator-power-total,indicator-gdp-tertiary,PROXIES_FOR,用电量可辅助感知服务业活动,usually-positive,0-1 quarter,to-be-estimated,project-ontology
rel-000027,event-2021-new-year,region-zhejiang,OCCURS_IN,全国统一节假日安排在浙江适用,,,official-notice,source-holiday-docx
rel-000028,event-2021-spring-festival,region-zhejiang,OCCURS_IN,全国统一节假日安排在浙江适用,,,official-notice,source-holiday-docx
rel-000029,event-2021-qingming,region-zhejiang,OCCURS_IN,全国统一节假日安排在浙江适用,,,official-notice,source-holiday-docx
rel-000030,event-2021-labor,region-zhejiang,OCCURS_IN,全国统一节假日安排在浙江适用,,,official-notice,source-holiday-docx
rel-000031,event-2021-dragon-boat,region-zhejiang,OCCURS_IN,全国统一节假日安排在浙江适用,,,official-notice,source-holiday-docx
rel-000032,event-2021-mid-autumn,region-zhejiang,OCCURS_IN,全国统一节假日安排在浙江适用,,,official-notice,source-holiday-docx
rel-000033,event-2021-national,region-zhejiang,OCCURS_IN,全国统一节假日安排在浙江适用,,,official-notice,source-holiday-docx
rel-000034,event-2022-new-year,region-zhejiang,OCCURS_IN,全国统一节假日安排在浙江适用,,,official-notice,source-holiday-docx
rel-000035,event-2022-spring-festival,region-zhejiang,OCCURS_IN,全国统一节假日安排在浙江适用,,,official-notice,source-holiday-docx
rel-000036,event-2022-qingming,region-zhejiang,OCCURS_IN,全国统一节假日安排在浙江适用,,,official-notice,source-holiday-docx
rel-000037,event-2022-labor,region-zhejiang,OCCURS_IN,全国统一节假日安排在浙江适用,,,official-notice,source-holiday-docx
rel-000038,event-2022-dragon-boat,region-zhejiang,OCCURS_IN,全国统一节假日安排在浙江适用,,,official-notice,source-holiday-docx
rel-000039,event-2022-mid-autumn,region-zhejiang,OCCURS_IN,全国统一节假日安排在浙江适用,,,official-notice,source-holiday-docx
rel-000040,event-2022-national,region-zhejiang,OCCURS_IN,全国统一节假日安排在浙江适用,,,official-notice,source-holiday-docx
rel-000041,event-2023-new-year,region-zhejiang,OCCURS_IN,全国统一节假日安排在浙江适用,,,official-notice,source-holiday-docx
rel-000042,event-2023-spring-festival,region-zhejiang,OCCURS_IN,全国统一节假日安排在浙江适用,,,official-notice,source-holiday-docx
rel-000043,event-2023-qingming,region-zhejiang,OCCURS_IN,全国统一节假日安排在浙江适用,,,official-notice,source-holiday-docx
rel-000044,event-2023-labor,region-zhejiang,OCCURS_IN,全国统一节假日安排在浙江适用,,,official-notice,source-holiday-docx
rel-000045,event-2023-dragon-boat,region-zhejiang,OCCURS_IN,全国统一节假日安排在浙江适用,,,official-notice,source-holiday-docx
rel-000046,event-2023-mid-autumn-national,region-zhejiang,OCCURS_IN,全国统一节假日安排在浙江适用,,,official-notice,source-holiday-docx
rel-000047,event-2024-new-year,region-zhejiang,OCCURS_IN,全国统一节假日安排在浙江适用,,,official-notice,source-holiday-docx
rel-000048,event-2024-spring-festival,region-zhejiang,OCCURS_IN,全国统一节假日安排在浙江适用,,,official-notice,source-holiday-docx
rel-000049,event-2024-qingming,region-zhejiang,OCCURS_IN,全国统一节假日安排在浙江适用,,,official-notice,source-holiday-docx
rel-000050,event-2024-labor,region-zhejiang,OCCURS_IN,全国统一节假日安排在浙江适用,,,official-notice,source-holiday-docx
rel-000051,event-2024-dragon-boat,region-zhejiang,OCCURS_IN,全国统一节假日安排在浙江适用,,,official-notice,source-holiday-docx
rel-000052,event-2024-mid-autumn,region-zhejiang,OCCURS_IN,全国统一节假日安排在浙江适用,,,official-notice,source-holiday-docx
rel-000053,event-2024-national,region-zhejiang,OCCURS_IN,全国统一节假日安排在浙江适用,,,official-notice,source-holiday-docx
rel-000054,event-2025-new-year,region-zhejiang,OCCURS_IN,全国统一节假日安排在浙江适用,,,official-notice,source-holiday-docx
rel-000055,event-2025-spring-festival,region-zhejiang,OCCURS_IN,全国统一节假日安排在浙江适用,,,official-notice,source-holiday-docx
rel-000056,event-2025-qingming,region-zhejiang,OCCURS_IN,全国统一节假日安排在浙江适用,,,official-notice,source-holiday-docx
rel-000057,event-2025-labor,region-zhejiang,OCCURS_IN,全国统一节假日安排在浙江适用,,,official-notice,source-holiday-docx
rel-000058,event-2025-dragon-boat,region-zhejiang,OCCURS_IN,全国统一节假日安排在浙江适用,,,official-notice,source-holiday-docx
rel-000059,event-2025-national-mid-autumn,region-zhejiang,OCCURS_IN,全国统一节假日安排在浙江适用,,,official-notice,source-holiday-docx
rel-000060,obs-power-2021-01,indicator-power-total,MEASURES,观测对应指标,,,,
rel-000061,obs-power-2021-01,region-zhejiang,OBSERVED_IN,观测空间范围,,,,
rel-000062,obs-power-2021-01,period-2021-01,AT_TIME,观测统计期,,,,
rel-000063,obs-power-2021-01,source-electricity-xlsx,FROM_SOURCE,数据来源,,,,
rel-000064,obs-power-2021-02,indicator-power-total,MEASURES,观测对应指标,,,,
rel-000065,obs-power-2021-02,region-zhejiang,OBSERVED_IN,观测空间范围,,,,
rel-000066,obs-power-2021-02,period-2021-02,AT_TIME,观测统计期,,,,
rel-000067,obs-power-2021-02,source-electricity-xlsx,FROM_SOURCE,数据来源,,,,
rel-000068,obs-power-2021-03,indicator-power-total,MEASURES,观测对应指标,,,,
rel-000069,obs-power-2021-03,region-zhejiang,OBSERVED_IN,观测空间范围,,,,
rel-000070,obs-power-2021-03,period-2021-03,AT_TIME,观测统计期,,,,
rel-000071,obs-power-2021-03,source-electricity-xlsx,FROM_SOURCE,数据来源,,,,
rel-000072,obs-power-2021-04,indicator-power-total,MEASURES,观测对应指标,,,,
rel-000073,obs-power-2021-04,region-zhejiang,OBSERVED_IN,观测空间范围,,,,
rel-000074,obs-power-2021-04,period-2021-04,AT_TIME,观测统计期,,,,
rel-000075,obs-power-2021-04,source-electricity-xlsx,FROM_SOURCE,数据来源,,,,
rel-000076,obs-power-2021-05,indicator-power-total,MEASURES,观测对应指标,,,,
rel-000077,obs-power-2021-05,region-zhejiang,OBSERVED_IN,观测空间范围,,,,
rel-000078,obs-power-2021-05,period-2021-05,AT_TIME,观测统计期,,,,
rel-000079,obs-power-2021-05,source-electricity-xlsx,FROM_SOURCE,数据来源,,,,
rel-000080,obs-power-2021-06,indicator-power-total,MEASURES,观测对应指标,,,,
rel-000081,obs-power-2021-06,region-zhejiang,OBSERVED_IN,观测空间范围,,,,
rel-000082,obs-power-2021-06,period-2021-06,AT_TIME,观测统计期,,,,
rel-000083,obs-power-2021-06,source-electricity-xlsx,FROM_SOURCE,数据来源,,,,
rel-000084,obs-power-2021-07,indicator-power-total,MEASURES,观测对应指标,,,,
rel-000085,obs-power-2021-07,region-zhejiang,OBSERVED_IN,观测空间范围,,,,
rel-000086,obs-power-2021-07,period-2021-07,AT_TIME,观测统计期,,,,
rel-000087,obs-power-2021-07,source-electricity-xlsx,FROM_SOURCE,数据来源,,,,
rel-000088,obs-power-2021-08,indicator-power-total,MEASURES,观测对应指标,,,,
rel-000089,obs-power-2021-08,region-zhejiang,OBSERVED_IN,观测空间范围,,,,
rel-000090,obs-power-2021-08,period-2021-08,AT_TIME,观测统计期,,,,
rel-000091,obs-power-2021-08,source-electricity-xlsx,FROM_SOURCE,数据来源,,,,
rel-000092,obs-power-2021-09,indicator-power-total,MEASURES,观测对应指标,,,,
rel-000093,obs-power-2021-09,region-zhejiang,OBSERVED_IN,观测空间范围,,,,
rel-000094,obs-power-2021-09,period-2021-09,AT_TIME,观测统计期,,,,
rel-000095,obs-power-2021-09,source-electricity-xlsx,FROM_SOURCE,数据来源,,,,
rel-000096,obs-power-2021-10,indicator-power-total,MEASURES,观测对应指标,,,,
rel-000097,obs-power-2021-10,region-zhejiang,OBSERVED_IN,观测空间范围,,,,
rel-000098,obs-power-2021-10,period-2021-10,AT_TIME,观测统计期,,,,
rel-000099,obs-power-2021-10,source-electricity-xlsx,FROM_SOURCE,数据来源,,,,
rel-000100,obs-power-2021-11,indicator-power-total,MEASURES,观测对应指标,,,,
rel-000101,obs-power-2021-11,region-zhejiang,OBSERVED_IN,观测空间范围,,,,
rel-000102,obs-power-2021-11,period-2021-11,AT_TIME,观测统计期,,,,
rel-000103,obs-power-2021-11,source-electricity-xlsx,FROM_SOURCE,数据来源,,,,
rel-000104,obs-power-2021-12,indicator-power-total,MEASURES,观测对应指标,,,,
rel-000105,obs-power-2021-12,region-zhejiang,OBSERVED_IN,观测空间范围,,,,
rel-000106,obs-power-2021-12,period-2021-12,AT_TIME,观测统计期,,,,
rel-000107,obs-power-2021-12,source-electricity-xlsx,FROM_SOURCE,数据来源,,,,
rel-000108,obs-power-2022-01,indicator-power-total,MEASURES,观测对应指标,,,,
rel-000109,obs-power-2022-01,region-zhejiang,OBSERVED_IN,观测空间范围,,,,
rel-000110,obs-power-2022-01,period-2022-01,AT_TIME,观测统计期,,,,
rel-000111,obs-power-2022-01,source-electricity-xlsx,FROM_SOURCE,数据来源,,,,
rel-000112,obs-power-2022-02,indicator-power-total,MEASURES,观测对应指标,,,,
rel-000113,obs-power-2022-02,region-zhejiang,OBSERVED_IN,观测空间范围,,,,
rel-000114,obs-power-2022-02,period-2022-02,AT_TIME,观测统计期,,,,
rel-000115,obs-power-2022-02,source-electricity-xlsx,FROM_SOURCE,数据来源,,,,
rel-000116,obs-power-2022-03,indicator-power-total,MEASURES,观测对应指标,,,,
rel-000117,obs-power-2022-03,region-zhejiang,OBSERVED_IN,观测空间范围,,,,
rel-000118,obs-power-2022-03,period-2022-03,AT_TIME,观测统计期,,,,
rel-000119,obs-power-2022-03,source-electricity-xlsx,FROM_SOURCE,数据来源,,,,
rel-000120,obs-power-2022-04,indicator-power-total,MEASURES,观测对应指标,,,,
rel-000121,obs-power-2022-04,region-zhejiang,OBSERVED_IN,观测空间范围,,,,
rel-000122,obs-power-2022-04,period-2022-04,AT_TIME,观测统计期,,,,
rel-000123,obs-power-2022-04,source-electricity-xlsx,FROM_SOURCE,数据来源,,,,
rel-000124,obs-power-2022-05,indicator-power-total,MEASURES,观测对应指标,,,,
rel-000125,obs-power-2022-05,region-zhejiang,OBSERVED_IN,观测空间范围,,,,
rel-000126,obs-power-2022-05,period-2022-05,AT_TIME,观测统计期,,,,
rel-000127,obs-power-2022-05,source-electricity-xlsx,FROM_SOURCE,数据来源,,,,
rel-000128,obs-power-2022-06,indicator-power-total,MEASURES,观测对应指标,,,,
rel-000129,obs-power-2022-06,region-zhejiang,OBSERVED_IN,观测空间范围,,,,
rel-000130,obs-power-2022-06,period-2022-06,AT_TIME,观测统计期,,,,
rel-000131,obs-power-2022-06,source-electricity-xlsx,FROM_SOURCE,数据来源,,,,
rel-000132,obs-power-2022-07,indicator-power-total,MEASURES,观测对应指标,,,,
rel-000133,obs-power-2022-07,region-zhejiang,OBSERVED_IN,观测空间范围,,,,
rel-000134,obs-power-2022-07,period-2022-07,AT_TIME,观测统计期,,,,
rel-000135,obs-power-2022-07,source-electricity-xlsx,FROM_SOURCE,数据来源,,,,
rel-000136,obs-power-2022-08,indicator-power-total,MEASURES,观测对应指标,,,,
rel-000137,obs-power-2022-08,region-zhejiang,OBSERVED_IN,观测空间范围,,,,
rel-000138,obs-power-2022-08,period-2022-08,AT_TIME,观测统计期,,,,
rel-000139,obs-power-2022-08,source-electricity-xlsx,FROM_SOURCE,数据来源,,,,
rel-000140,obs-power-2022-09,indicator-power-total,MEASURES,观测对应指标,,,,
rel-000141,obs-power-2022-09,region-zhejiang,OBSERVED_IN,观测空间范围,,,,
rel-000142,obs-power-2022-09,period-2022-09,AT_TIME,观测统计期,,,,
rel-000143,obs-power-2022-09,source-electricity-xlsx,FROM_SOURCE,数据来源,,,,
rel-000144,obs-power-2022-10,indicator-power-total,MEASURES,观测对应指标,,,,
rel-000145,obs-power-2022-10,region-zhejiang,OBSERVED_IN,观测空间范围,,,,
rel-000146,obs-power-2022-10,period-2022-10,AT_TIME,观测统计期,,,,
rel-000147,obs-power-2022-10,source-electricity-xlsx,FROM_SOURCE,数据来源,,,,
rel-000148,obs-power-2022-11,indicator-power-total,MEASURES,观测对应指标,,,,
rel-000149,obs-power-2022-11,region-zhejiang,OBSERVED_IN,观测空间范围,,,,
rel-000150,obs-power-2022-11,period-2022-11,AT_TIME,观测统计期,,,,
rel-000151,obs-power-2022-11,source-electricity-xlsx,FROM_SOURCE,数据来源,,,,
rel-000152,obs-power-2022-12,indicator-power-total,MEASURES,观测对应指标,,,,
rel-000153,obs-power-2022-12,region-zhejiang,OBSERVED_IN,观测空间范围,,,,
rel-000154,obs-power-2022-12,period-2022-12,AT_TIME,观测统计期,,,,
rel-000155,obs-power-2022-12,source-electricity-xlsx,FROM_SOURCE,数据来源,,,,
rel-000156,obs-power-2023-01,indicator-power-total,MEASURES,观测对应指标,,,,
rel-000157,obs-power-2023-01,region-zhejiang,OBSERVED_IN,观测空间范围,,,,
rel-000158,obs-power-2023-01,period-2023-01,AT_TIME,观测统计期,,,,
rel-000159,obs-power-2023-01,source-electricity-xlsx,FROM_SOURCE,数据来源,,,,
rel-000160,obs-power-2023-02,indicator-power-total,MEASURES,观测对应指标,,,,
rel-000161,obs-power-2023-02,region-zhejiang,OBSERVED_IN,观测空间范围,,,,
rel-000162,obs-power-2023-02,period-2023-02,AT_TIME,观测统计期,,,,
rel-000163,obs-power-2023-02,source-electricity-xlsx,FROM_SOURCE,数据来源,,,,
rel-000164,obs-power-2023-03,indicator-power-total,MEASURES,观测对应指标,,,,
rel-000165,obs-power-2023-03,region-zhejiang,OBSERVED_IN,观测空间范围,,,,
rel-000166,obs-power-2023-03,period-2023-03,AT_TIME,观测统计期,,,,
rel-000167,obs-power-2023-03,source-electricity-xlsx,FROM_SOURCE,数据来源,,,,
rel-000168,obs-power-2023-04,indicator-power-total,MEASURES,观测对应指标,,,,
rel-000169,obs-power-2023-04,region-zhejiang,OBSERVED_IN,观测空间范围,,,,
rel-000170,obs-power-2023-04,period-2023-04,AT_TIME,观测统计期,,,,
rel-000171,obs-power-2023-04,source-electricity-xlsx,FROM_SOURCE,数据来源,,,,
rel-000172,obs-power-2023-05,indicator-power-total,MEASURES,观测对应指标,,,,
rel-000173,obs-power-2023-05,region-zhejiang,OBSERVED_IN,观测空间范围,,,,
rel-000174,obs-power-2023-05,period-2023-05,AT_TIME,观测统计期,,,,
rel-000175,obs-power-2023-05,source-electricity-xlsx,FROM_SOURCE,数据来源,,,,
rel-000176,obs-power-2023-06,indicator-power-total,MEASURES,观测对应指标,,,,
rel-000177,obs-power-2023-06,region-zhejiang,OBSERVED_IN,观测空间范围,,,,
rel-000178,obs-power-2023-06,period-2023-06,AT_TIME,观测统计期,,,,
rel-000179,obs-power-2023-06,source-electricity-xlsx,FROM_SOURCE,数据来源,,,,
rel-000180,obs-power-2023-07,indicator-power-total,MEASURES,观测对应指标,,,,
rel-000181,obs-power-2023-07,region-zhejiang,OBSERVED_IN,观测空间范围,,,,
rel-000182,obs-power-2023-07,period-2023-07,AT_TIME,观测统计期,,,,
rel-000183,obs-power-2023-07,source-electricity-xlsx,FROM_SOURCE,数据来源,,,,
rel-000184,obs-power-2023-08,indicator-power-total,MEASURES,观测对应指标,,,,
rel-000185,obs-power-2023-08,region-zhejiang,OBSERVED_IN,观测空间范围,,,,
rel-000186,obs-power-2023-08,period-2023-08,AT_TIME,观测统计期,,,,
rel-000187,obs-power-2023-08,source-electricity-xlsx,FROM_SOURCE,数据来源,,,,
rel-000188,obs-power-2023-09,indicator-power-total,MEASURES,观测对应指标,,,,
rel-000189,obs-power-2023-09,region-zhejiang,OBSERVED_IN,观测空间范围,,,,
rel-000190,obs-power-2023-09,period-2023-09,AT_TIME,观测统计期,,,,
rel-000191,obs-power-2023-09,source-electricity-xlsx,FROM_SOURCE,数据来源,,,,
rel-000192,obs-power-2023-10,indicator-power-total,MEASURES,观测对应指标,,,,
rel-000193,obs-power-2023-10,region-zhejiang,OBSERVED_IN,观测空间范围,,,,
rel-000194,obs-power-2023-10,period-2023-10,AT_TIME,观测统计期,,,,
rel-000195,obs-power-2023-10,source-electricity-xlsx,FROM_SOURCE,数据来源,,,,
rel-000196,obs-power-2023-11,indicator-power-total,MEASURES,观测对应指标,,,,
rel-000197,obs-power-2023-11,region-zhejiang,OBSERVED_IN,观测空间范围,,,,
rel-000198,obs-power-2023-11,period-2023-11,AT_TIME,观测统计期,,,,
rel-000199,obs-power-2023-11,source-electricity-xlsx,FROM_SOURCE,数据来源,,,,
rel-000200,obs-power-2023-12,indicator-power-total,MEASURES,观测对应指标,,,,
rel-000201,obs-power-2023-12,region-zhejiang,OBSERVED_IN,观测空间范围,,,,
rel-000202,obs-power-2023-12,period-2023-12,AT_TIME,观测统计期,,,,
rel-000203,obs-power-2023-12,source-electricity-xlsx,FROM_SOURCE,数据来源,,,,
rel-000204,obs-power-2024-01,indicator-power-total,MEASURES,观测对应指标,,,,
rel-000205,obs-power-2024-01,region-zhejiang,OBSERVED_IN,观测空间范围,,,,
rel-000206,obs-power-2024-01,period-2024-01,AT_TIME,观测统计期,,,,
rel-000207,obs-power-2024-01,source-electricity-xlsx,FROM_SOURCE,数据来源,,,,
rel-000208,obs-power-2024-02,indicator-power-total,MEASURES,观测对应指标,,,,
rel-000209,obs-power-2024-02,region-zhejiang,OBSERVED_IN,观测空间范围,,,,
rel-000210,obs-power-2024-02,period-2024-02,AT_TIME,观测统计期,,,,
rel-000211,obs-power-2024-02,source-electricity-xlsx,FROM_SOURCE,数据来源,,,,
rel-000212,obs-power-2024-03,indicator-power-total,MEASURES,观测对应指标,,,,
rel-000213,obs-power-2024-03,region-zhejiang,OBSERVED_IN,观测空间范围,,,,
rel-000214,obs-power-2024-03,period-2024-03,AT_TIME,观测统计期,,,,
rel-000215,obs-power-2024-03,source-electricity-xlsx,FROM_SOURCE,数据来源,,,,
rel-000216,obs-power-2024-04,indicator-power-total,MEASURES,观测对应指标,,,,
rel-000217,obs-power-2024-04,region-zhejiang,OBSERVED_IN,观测空间范围,,,,
rel-000218,obs-power-2024-04,period-2024-04,AT_TIME,观测统计期,,,,
rel-000219,obs-power-2024-04,source-electricity-xlsx,FROM_SOURCE,数据来源,,,,
rel-000220,obs-power-2024-05,indicator-power-total,MEASURES,观测对应指标,,,,
rel-000221,obs-power-2024-05,region-zhejiang,OBSERVED_IN,观测空间范围,,,,
rel-000222,obs-power-2024-05,period-2024-05,AT_TIME,观测统计期,,,,
rel-000223,obs-power-2024-05,source-electricity-xlsx,FROM_SOURCE,数据来源,,,,
rel-000224,obs-power-2024-06,indicator-power-total,MEASURES,观测对应指标,,,,
rel-000225,obs-power-2024-06,region-zhejiang,OBSERVED_IN,观测空间范围,,,,
rel-000226,obs-power-2024-06,period-2024-06,AT_TIME,观测统计期,,,,
rel-000227,obs-power-2024-06,source-electricity-xlsx,FROM_SOURCE,数据来源,,,,
rel-000228,obs-power-2024-07,indicator-power-total,MEASURES,观测对应指标,,,,
rel-000229,obs-power-2024-07,region-zhejiang,OBSERVED_IN,观测空间范围,,,,
rel-000230,obs-power-2024-07,period-2024-07,AT_TIME,观测统计期,,,,
rel-000231,obs-power-2024-07,source-electricity-xlsx,FROM_SOURCE,数据来源,,,,
rel-000232,obs-power-2024-08,indicator-power-total,MEASURES,观测对应指标,,,,
rel-000233,obs-power-2024-08,region-zhejiang,OBSERVED_IN,观测空间范围,,,,
rel-000234,obs-power-2024-08,period-2024-08,AT_TIME,观测统计期,,,,
rel-000235,obs-power-2024-08,source-electricity-xlsx,FROM_SOURCE,数据来源,,,,
rel-000236,obs-power-2024-09,indicator-power-total,MEASURES,观测对应指标,,,,
rel-000237,obs-power-2024-09,region-zhejiang,OBSERVED_IN,观测空间范围,,,,
rel-000238,obs-power-2024-09,period-2024-09,AT_TIME,观测统计期,,,,
rel-000239,obs-power-2024-09,source-electricity-xlsx,FROM_SOURCE,数据来源,,,,
rel-000240,obs-power-2024-10,indicator-power-total,MEASURES,观测对应指标,,,,
rel-000241,obs-power-2024-10,region-zhejiang,OBSERVED_IN,观测空间范围,,,,
rel-000242,obs-power-2024-10,period-2024-10,AT_TIME,观测统计期,,,,
rel-000243,obs-power-2024-10,source-electricity-xlsx,FROM_SOURCE,数据来源,,,,
rel-000244,obs-power-2024-11,indicator-power-total,MEASURES,观测对应指标,,,,
rel-000245,obs-power-2024-11,region-zhejiang,OBSERVED_IN,观测空间范围,,,,
rel-000246,obs-power-2024-11,period-2024-11,AT_TIME,观测统计期,,,,
rel-000247,obs-power-2024-11,source-electricity-xlsx,FROM_SOURCE,数据来源,,,,
rel-000248,obs-power-2024-12,indicator-power-total,MEASURES,观测对应指标,,,,
rel-000249,obs-power-2024-12,region-zhejiang,OBSERVED_IN,观测空间范围,,,,
rel-000250,obs-power-2024-12,period-2024-12,AT_TIME,观测统计期,,,,
rel-000251,obs-power-2024-12,source-electricity-xlsx,FROM_SOURCE,数据来源,,,,
rel-000252,obs-power-2025-01,indicator-power-total,MEASURES,观测对应指标,,,,
rel-000253,obs-power-2025-01,region-zhejiang,OBSERVED_IN,观测空间范围,,,,
rel-000254,obs-power-2025-01,period-2025-01,AT_TIME,观测统计期,,,,
rel-000255,obs-power-2025-01,source-electricity-xlsx,FROM_SOURCE,数据来源,,,,
rel-000256,obs-power-2025-02,indicator-power-total,MEASURES,观测对应指标,,,,
rel-000257,obs-power-2025-02,region-zhejiang,OBSERVED_IN,观测空间范围,,,,
rel-000258,obs-power-2025-02,period-2025-02,AT_TIME,观测统计期,,,,
rel-000259,obs-power-2025-02,source-electricity-xlsx,FROM_SOURCE,数据来源,,,,
rel-000260,obs-power-2025-03,indicator-power-total,MEASURES,观测对应指标,,,,
rel-000261,obs-power-2025-03,region-zhejiang,OBSERVED_IN,观测空间范围,,,,
rel-000262,obs-power-2025-03,period-2025-03,AT_TIME,观测统计期,,,,
rel-000263,obs-power-2025-03,source-electricity-xlsx,FROM_SOURCE,数据来源,,,,
rel-000264,obs-gdp-primary-1997-Q1,indicator-gdp-primary,MEASURES,观测对应指标,,,,
rel-000265,obs-gdp-primary-1997-Q1,region-zhejiang,OBSERVED_IN,观测空间范围,,,,
rel-000266,obs-gdp-primary-1997-Q1,period-1997-Q1,AT_TIME,观测统计期,,,,
rel-000267,obs-gdp-primary-1997-Q1,source-primary-xlsx,FROM_SOURCE,数据来源,,,,
rel-000268,obs-gdp-secondary-1997-Q1,indicator-gdp-secondary,MEASURES,观测对应指标,,,,
rel-000269,obs-gdp-secondary-1997-Q1,region-zhejiang,OBSERVED_IN,观测空间范围,,,,
rel-000270,obs-gdp-secondary-1997-Q1,period-1997-Q1,AT_TIME,观测统计期,,,,
rel-000271,obs-gdp-secondary-1997-Q1,source-secondary-xlsx,FROM_SOURCE,数据来源,,,,
rel-000272,obs-gdp-tertiary-1997-Q1,indicator-gdp-tertiary,MEASURES,观测对应指标,,,,
rel-000273,obs-gdp-tertiary-1997-Q1,region-zhejiang,OBSERVED_IN,观测空间范围,,,,
rel-000274,obs-gdp-tertiary-1997-Q1,period-1997-Q1,AT_TIME,观测统计期,,,,
rel-000275,obs-gdp-tertiary-1997-Q1,source-tertiary-xlsx,FROM_SOURCE,数据来源,,,,
rel-000276,obs-gdp-primary-1997-Q2,indicator-gdp-primary,MEASURES,观测对应指标,,,,
rel-000277,obs-gdp-primary-1997-Q2,region-zhejiang,OBSERVED_IN,观测空间范围,,,,
rel-000278,obs-gdp-primary-1997-Q2,period-1997-Q2,AT_TIME,观测统计期,,,,
rel-000279,obs-gdp-primary-1997-Q2,source-primary-xlsx,FROM_SOURCE,数据来源,,,,
rel-000280,obs-gdp-secondary-1997-Q2,indicator-gdp-secondary,MEASURES,观测对应指标,,,,
rel-000281,obs-gdp-secondary-1997-Q2,region-zhejiang,OBSERVED_IN,观测空间范围,,,,
rel-000282,obs-gdp-secondary-1997-Q2,period-1997-Q2,AT_TIME,观测统计期,,,,
rel-000283,obs-gdp-secondary-1997-Q2,source-secondary-xlsx,FROM_SOURCE,数据来源,,,,
rel-000284,obs-gdp-tertiary-1997-Q2,indicator-gdp-tertiary,MEASURES,观测对应指标,,,,
rel-000285,obs-gdp-tertiary-1997-Q2,region-zhejiang,OBSERVED_IN,观测空间范围,,,,
rel-000286,obs-gdp-tertiary-1997-Q2,period-1997-Q2,AT_TIME,观测统计期,,,,
rel-000287,obs-gdp-tertiary-1997-Q2,source-tertiary-xlsx,FROM_SOURCE,数据来源,,,,
rel-000288,obs-gdp-primary-1997-Q3,indicator-gdp-primary,MEASURES,观测对应指标,,,,
rel-000289,obs-gdp-primary-1997-Q3,region-zhejiang,OBSERVED_IN,观测空间范围,,,,
rel-000290,obs-gdp-primary-1997-Q3,period-1997-Q3,AT_TIME,观测统计期,,,,
rel-000291,obs-gdp-primary-1997-Q3,source-primary-xlsx,FROM_SOURCE,数据来源,,,,
rel-000292,obs-gdp-secondary-1997-Q3,indicator-gdp-secondary,MEASURES,观测对应指标,,,,
rel-000293,obs-gdp-secondary-1997-Q3,region-zhejiang,OBSERVED_IN,观测空间范围,,,,
rel-000294,obs-gdp-secondary-1997-Q3,period-1997-Q3,AT_TIME,观测统计期,,,,
rel-000295,obs-gdp-secondary-1997-Q3,source-secondary-xlsx,FROM_SOURCE,数据来源,,,,
rel-000296,obs-gdp-tertiary-1997-Q3,indicator-gdp-tertiary,MEASURES,观测对应指标,,,,
rel-000297,obs-gdp-tertiary-1997-Q3,region-zhejiang,OBSERVED_IN,观测空间范围,,,,
rel-000298,obs-gdp-tertiary-1997-Q3,period-1997-Q3,AT_TIME,观测统计期,,,,
rel-000299,obs-gdp-tertiary-1997-Q3,source-tertiary-xlsx,FROM_SOURCE,数据来源,,,,
rel-000300,obs-gdp-primary-1997-Q4,indicator-gdp-primary,MEASURES,观测对应指标,,,,
rel-000301,obs-gdp-primary-1997-Q4,region-zhejiang,OBSERVED_IN,观测空间范围,,,,
rel-000302,obs-gdp-primary-1997-Q4,period-1997-Q4,AT_TIME,观测统计期,,,,
rel-000303,obs-gdp-primary-1997-Q4,source-primary-xlsx,FROM_SOURCE,数据来源,,,,
rel-000304,obs-gdp-secondary-1997-Q4,indicator-gdp-secondary,MEASURES,观测对应指标,,,,
rel-000305,obs-gdp-secondary-1997-Q4,region-zhejiang,OBSERVED_IN,观测空间范围,,,,
rel-000306,obs-gdp-secondary-1997-Q4,period-1997-Q4,AT_TIME,观测统计期,,,,
rel-000307,obs-gdp-secondary-1997-Q4,source-secondary-xlsx,FROM_SOURCE,数据来源,,,,
rel-000308,obs-gdp-tertiary-1997-Q4,indicator-gdp-tertiary,MEASURES,观测对应指标,,,,
rel-000309,obs-gdp-tertiary-1997-Q4,region-zhejiang,OBSERVED_IN,观测空间范围,,,,
rel-000310,obs-gdp-tertiary-1997-Q4,period-1997-Q4,AT_TIME,观测统计期,,,,
rel-000311,obs-gdp-tertiary-1997-Q4,source-tertiary-xlsx,FROM_SOURCE,数据来源,,,,
rel-000312,obs-gdp-primary-1998-Q1,indicator-gdp-primary,MEASURES,观测对应指标,,,,
rel-000313,obs-gdp-primary-1998-Q1,region-zhejiang,OBSERVED_IN,观测空间范围,,,,
rel-000314,obs-gdp-primary-1998-Q1,period-1998-Q1,AT_TIME,观测统计期,,,,
rel-000315,obs-gdp-primary-1998-Q1,source-primary-xlsx,FROM_SOURCE,数据来源,,,,
rel-000316,obs-gdp-secondary-1998-Q1,indicator-gdp-secondary,MEASURES,观测对应指标,,,,
rel-000317,obs-gdp-secondary-1998-Q1,region-zhejiang,OBSERVED_IN,观测空间范围,,,,
rel-000318,obs-gdp-secondary-1998-Q1,period-1998-Q1,AT_TIME,观测统计期,,,,
rel-000319,obs-gdp-secondary-1998-Q1,source-secondary-xlsx,FROM_SOURCE,数据来源,,,,
rel-000320,obs-gdp-tertiary-1998-Q1,indicator-gdp-tertiary,MEASURES,观测对应指标,,,,
rel-000321,obs-gdp-tertiary-1998-Q1,region-zhejiang,OBSERVED_IN,观测空间范围,,,,
rel-000322,obs-gdp-tertiary-1998-Q1,period-1998-Q1,AT_TIME,观测统计期,,,,
rel-000323,obs-gdp-tertiary-1998-Q1,source-tertiary-xlsx,FROM_SOURCE,数据来源,,,,
rel-000324,obs-gdp-primary-1998-Q2,indicator-gdp-primary,MEASURES,观测对应指标,,,,
rel-000325,obs-gdp-primary-1998-Q2,region-zhejiang,OBSERVED_IN,观测空间范围,,,,
rel-000326,obs-gdp-primary-1998-Q2,period-1998-Q2,AT_TIME,观测统计期,,,,
rel-000327,obs-gdp-primary-1998-Q2,source-primary-xlsx,FROM_SOURCE,数据来源,,,,
rel-000328,obs-gdp-secondary-1998-Q2,indicator-gdp-secondary,MEASURES,观测对应指标,,,,
rel-000329,obs-gdp-secondary-1998-Q2,region-zhejiang,OBSERVED_IN,观测空间范围,,,,
rel-000330,obs-gdp-secondary-1998-Q2,period-1998-Q2,AT_TIME,观测统计期,,,,
rel-000331,obs-gdp-secondary-1998-Q2,source-secondary-xlsx,FROM_SOURCE,数据来源,,,,
rel-000332,obs-gdp-tertiary-1998-Q2,indicator-gdp-tertiary,MEASURES,观测对应指标,,,,
rel-000333,obs-gdp-tertiary-1998-Q2,region-zhejiang,OBSERVED_IN,观测空间范围,,,,
rel-000334,obs-gdp-tertiary-1998-Q2,period-1998-Q2,AT_TIME,观测统计期,,,,
rel-000335,obs-gdp-tertiary-1998-Q2,source-tertiary-xlsx,FROM_SOURCE,数据来源,,,,
rel-000336,obs-gdp-primary-1998-Q3,indicator-gdp-primary,MEASURES,观测对应指标,,,,
rel-000337,obs-gdp-primary-1998-Q3,region-zhejiang,OBSERVED_IN,观测空间范围,,,,
rel-000338,obs-gdp-primary-1998-Q3,period-1998-Q3,AT_TIME,观测统计期,,,,
rel-000339,obs-gdp-primary-1998-Q3,source-primary-xlsx,FROM_SOURCE,数据来源,,,,
rel-000340,obs-gdp-secondary-1998-Q3,indicator-gdp-secondary,MEASURES,观测对应指标,,,,
rel-000341,obs-gdp-secondary-1998-Q3,region-zhejiang,OBSERVED_IN,观测空间范围,,,,
rel-000342,obs-gdp-secondary-1998-Q3,period-1998-Q3,AT_TIME,观测统计期,,,,
rel-000343,obs-gdp-secondary-1998-Q3,source-secondary-xlsx,FROM_SOURCE,数据来源,,,,
rel-000344,obs-gdp-tertiary-1998-Q3,indicator-gdp-tertiary,MEASURES,观测对应指标,,,,
rel-000345,obs-gdp-tertiary-1998-Q3,region-zhejiang,OBSERVED_IN,观测空间范围,,,,
rel-000346,obs-gdp-tertiary-1998-Q3,period-1998-Q3,AT_TIME,观测统计期,,,,
rel-000347,obs-gdp-tertiary-1998-Q3,source-tertiary-xlsx,FROM_SOURCE,数据来源,,,,
rel-000348,obs-gdp-primary-1998-Q4,indicator-gdp-primary,MEASURES,观测对应指标,,,,
rel-000349,obs-gdp-primary-1998-Q4,region-zhejiang,OBSERVED_IN,观测空间范围,,,,
rel-000350,obs-gdp-primary-1998-Q4,period-1998-Q4,AT_TIME,观测统计期,,,,
rel-000351,obs-gdp-primary-1998-Q4,source-primary-xlsx,FROM_SOURCE,数据来源,,,,
rel-000352,obs-gdp-secondary-1998-Q4,indicator-gdp-secondary,MEASURES,观测对应指标,,,,
rel-000353,obs-gdp-secondary-1998-Q4,region-zhejiang,OBSERVED_IN,观测空间范围,,,,
rel-000354,obs-gdp-secondary-1998-Q4,period-1998-Q4,AT_TIME,观测统计期,,,,
rel-000355,obs-gdp-secondary-1998-Q4,source-secondary-xlsx,FROM_SOURCE,数据来源,,,,
rel-000356,obs-gdp-tertiary-1998-Q4,indicator-gdp-tertiary,MEASURES,观测对应指标,,,,
rel-000357,obs-gdp-tertiary-1998-Q4,region-zhejiang,OBSERVED_IN,观测空间范围,,,,
rel-000358,obs-gdp-tertiary-1998-Q4,period-1998-Q4,AT_TIME,观测统计期,,,,
rel-000359,obs-gdp-tertiary-1998-Q4,source-tertiary-xlsx,FROM_SOURCE,数据来源,,,,
rel-000360,obs-gdp-primary-1999-Q1,indicator-gdp-primary,MEASURES,观测对应指标,,,,
rel-000361,obs-gdp-primary-1999-Q1,region-zhejiang,OBSERVED_IN,观测空间范围,,,,
rel-000362,obs-gdp-primary-1999-Q1,period-1999-Q1,AT_TIME,观测统计期,,,,
rel-000363,obs-gdp-primary-1999-Q1,source-primary-xlsx,FROM_SOURCE,数据来源,,,,
rel-000364,obs-gdp-secondary-1999-Q1,indicator-gdp-secondary,MEASURES,观测对应指标,,,,
rel-000365,obs-gdp-secondary-1999-Q1,region-zhejiang,OBSERVED_IN,观测空间范围,,,,
rel-000366,obs-gdp-secondary-1999-Q1,period-1999-Q1,AT_TIME,观测统计期,,,,
rel-000367,obs-gdp-secondary-1999-Q1,source-secondary-xlsx,FROM_SOURCE,数据来源,,,,
rel-000368,obs-gdp-tertiary-1999-Q1,indicator-gdp-tertiary,MEASURES,观测对应指标,,,,
rel-000369,obs-gdp-tertiary-1999-Q1,region-zhejiang,OBSERVED_IN,观测空间范围,,,,
rel-000370,obs-gdp-tertiary-1999-Q1,period-1999-Q1,AT_TIME,观测统计期,,,,
rel-000371,obs-gdp-tertiary-1999-Q1,source-tertiary-xlsx,FROM_SOURCE,数据来源,,,,
rel-000372,obs-gdp-primary-1999-Q2,indicator-gdp-primary,MEASURES,观测对应指标,,,,
rel-000373,obs-gdp-primary-1999-Q2,region-zhejiang,OBSERVED_IN,观测空间范围,,,,
rel-000374,obs-gdp-primary-1999-Q2,period-1999-Q2,AT_TIME,观测统计期,,,,
rel-000375,obs-gdp-primary-1999-Q2,source-primary-xlsx,FROM_SOURCE,数据来源,,,,
rel-000376,obs-gdp-secondary-1999-Q2,indicator-gdp-secondary,MEASURES,观测对应指标,,,,
rel-000377,obs-gdp-secondary-1999-Q2,region-zhejiang,OBSERVED_IN,观测空间范围,,,,
rel-000378,obs-gdp-secondary-1999-Q2,period-1999-Q2,AT_TIME,观测统计期,,,,
rel-000379,obs-gdp-secondary-1999-Q2,source-secondary-xlsx,FROM_SOURCE,数据来源,,,,
rel-000380,obs-gdp-tertiary-1999-Q2,indicator-gdp-tertiary,MEASURES,观测对应指标,,,,
rel-000381,obs-gdp-tertiary-1999-Q2,region-zhejiang,OBSERVED_IN,观测空间范围,,,,
rel-000382,obs-gdp-tertiary-1999-Q2,period-1999-Q2,AT_TIME,观测统计期,,,,
rel-000383,obs-gdp-tertiary-1999-Q2,source-tertiary-xlsx,FROM_SOURCE,数据来源,,,,
rel-000384,obs-gdp-primary-1999-Q3,indicator-gdp-primary,MEASURES,观测对应指标,,,,
rel-000385,obs-gdp-primary-1999-Q3,region-zhejiang,OBSERVED_IN,观测空间范围,,,,
rel-000386,obs-gdp-primary-1999-Q3,period-1999-Q3,AT_TIME,观测统计期,,,,
rel-000387,obs-gdp-primary-1999-Q3,source-primary-xlsx,FROM_SOURCE,数据来源,,,,
rel-000388,obs-gdp-secondary-1999-Q3,indicator-gdp-secondary,MEASURES,观测对应指标,,,,
rel-000389,obs-gdp-secondary-1999-Q3,region-zhejiang,OBSERVED_IN,观测空间范围,,,,
rel-000390,obs-gdp-secondary-1999-Q3,period-1999-Q3,AT_TIME,观测统计期,,,,
rel-000391,obs-gdp-secondary-1999-Q3,source-secondary-xlsx,FROM_SOURCE,数据来源,,,,
rel-000392,obs-gdp-tertiary-1999-Q3,indicator-gdp-tertiary,MEASURES,观测对应指标,,,,
rel-000393,obs-gdp-tertiary-1999-Q3,region-zhejiang,OBSERVED_IN,观测空间范围,,,,
rel-000394,obs-gdp-tertiary-1999-Q3,period-1999-Q3,AT_TIME,观测统计期,,,,
rel-000395,obs-gdp-tertiary-1999-Q3,source-tertiary-xlsx,FROM_SOURCE,数据来源,,,,
rel-000396,obs-gdp-primary-1999-Q4,indicator-gdp-primary,MEASURES,观测对应指标,,,,
rel-000397,obs-gdp-primary-1999-Q4,region-zhejiang,OBSERVED_IN,观测空间范围,,,,
rel-000398,obs-gdp-primary-1999-Q4,period-1999-Q4,AT_TIME,观测统计期,,,,
rel-000399,obs-gdp-primary-1999-Q4,source-primary-xlsx,FROM_SOURCE,数据来源,,,,
rel-000400,obs-gdp-secondary-1999-Q4,indicator-gdp-secondary,MEASURES,观测对应指标,,,,
rel-000401,obs-gdp-secondary-1999-Q4,region-zhejiang,OBSERVED_IN,观测空间范围,,,,
rel-000402,obs-gdp-secondary-1999-Q4,period-1999-Q4,AT_TIME,观测统计期,,,,
rel-000403,obs-gdp-secondary-1999-Q4,source-secondary-xlsx,FROM_SOURCE,数据来源,,,,
rel-000404,obs-gdp-tertiary-1999-Q4,indicator-gdp-tertiary,MEASURES,观测对应指标,,,,
rel-000405,obs-gdp-tertiary-1999-Q4,region-zhejiang,OBSERVED_IN,观测空间范围,,,,
rel-000406,obs-gdp-tertiary-1999-Q4,period-1999-Q4,AT_TIME,观测统计期,,,,
rel-000407,obs-gdp-tertiary-1999-Q4,source-tertiary-xlsx,FROM_SOURCE,数据来源,,,,
rel-000408,obs-gdp-primary-2000-Q1,indicator-gdp-primary,MEASURES,观测对应指标,,,,
rel-000409,obs-gdp-primary-2000-Q1,region-zhejiang,OBSERVED_IN,观测空间范围,,,,
rel-000410,obs-gdp-primary-2000-Q1,period-2000-Q1,AT_TIME,观测统计期,,,,
rel-000411,obs-gdp-primary-2000-Q1,source-primary-xlsx,FROM_SOURCE,数据来源,,,,
rel-000412,obs-gdp-secondary-2000-Q1,indicator-gdp-secondary,MEASURES,观测对应指标,,,,
rel-000413,obs-gdp-secondary-2000-Q1,region-zhejiang,OBSERVED_IN,观测空间范围,,,,
rel-000414,obs-gdp-secondary-2000-Q1,period-2000-Q1,AT_TIME,观测统计期,,,,
rel-000415,obs-gdp-secondary-2000-Q1,source-secondary-xlsx,FROM_SOURCE,数据来源,,,,
rel-000416,obs-gdp-tertiary-2000-Q1,indicator-gdp-tertiary,MEASURES,观测对应指标,,,,
rel-000417,obs-gdp-tertiary-2000-Q1,region-zhejiang,OBSERVED_IN,观测空间范围,,,,
rel-000418,obs-gdp-tertiary-2000-Q1,period-2000-Q1,AT_TIME,观测统计期,,,,
rel-000419,obs-gdp-tertiary-2000-Q1,source-tertiary-xlsx,FROM_SOURCE,数据来源,,,,
rel-000420,obs-gdp-primary-2000-Q2,indicator-gdp-primary,MEASURES,观测对应指标,,,,
rel-000421,obs-gdp-primary-2000-Q2,region-zhejiang,OBSERVED_IN,观测空间范围,,,,
rel-000422,obs-gdp-primary-2000-Q2,period-2000-Q2,AT_TIME,观测统计期,,,,
rel-000423,obs-gdp-primary-2000-Q2,source-primary-xlsx,FROM_SOURCE,数据来源,,,,
rel-000424,obs-gdp-secondary-2000-Q2,indicator-gdp-secondary,MEASURES,观测对应指标,,,,
rel-000425,obs-gdp-secondary-2000-Q2,region-zhejiang,OBSERVED_IN,观测空间范围,,,,
rel-000426,obs-gdp-secondary-2000-Q2,period-2000-Q2,AT_TIME,观测统计期,,,,
rel-000427,obs-gdp-secondary-2000-Q2,source-secondary-xlsx,FROM_SOURCE,数据来源,,,,
rel-000428,obs-gdp-tertiary-2000-Q2,indicator-gdp-tertiary,MEASURES,观测对应指标,,,,
rel-000429,obs-gdp-tertiary-2000-Q2,region-zhejiang,OBSERVED_IN,观测空间范围,,,,
rel-000430,obs-gdp-tertiary-2000-Q2,period-2000-Q2,AT_TIME,观测统计期,,,,
rel-000431,obs-gdp-tertiary-2000-Q2,source-tertiary-xlsx,FROM_SOURCE,数据来源,,,,
rel-000432,obs-gdp-primary-2000-Q3,indicator-gdp-primary,MEASURES,观测对应指标,,,,
rel-000433,obs-gdp-primary-2000-Q3,region-zhejiang,OBSERVED_IN,观测空间范围,,,,
rel-000434,obs-gdp-primary-2000-Q3,period-2000-Q3,AT_TIME,观测统计期,,,,
rel-000435,obs-gdp-primary-2000-Q3,source-primary-xlsx,FROM_SOURCE,数据来源,,,,
rel-000436,obs-gdp-secondary-2000-Q3,indicator-gdp-secondary,MEASURES,观测对应指标,,,,
rel-000437,obs-gdp-secondary-2000-Q3,region-zhejiang,OBSERVED_IN,观测空间范围,,,,
rel-000438,obs-gdp-secondary-2000-Q3,period-2000-Q3,AT_TIME,观测统计期,,,,
rel-000439,obs-gdp-secondary-2000-Q3,source-secondary-xlsx,FROM_SOURCE,数据来源,,,,
rel-000440,obs-gdp-tertiary-2000-Q3,indicator-gdp-tertiary,MEASURES,观测对应指标,,,,
rel-000441,obs-gdp-tertiary-2000-Q3,region-zhejiang,OBSERVED_IN,观测空间范围,,,,
rel-000442,obs-gdp-tertiary-2000-Q3,period-2000-Q3,AT_TIME,观测统计期,,,,
rel-000443,obs-gdp-tertiary-2000-Q3,source-tertiary-xlsx,FROM_SOURCE,数据来源,,,,
rel-000444,obs-gdp-primary-2000-Q4,indicator-gdp-primary,MEASURES,观测对应指标,,,,
rel-000445,obs-gdp-primary-2000-Q4,region-zhejiang,OBSERVED_IN,观测空间范围,,,,
rel-000446,obs-gdp-primary-2000-Q4,period-2000-Q4,AT_TIME,观测统计期,,,,
rel-000447,obs-gdp-primary-2000-Q4,source-primary-xlsx,FROM_SOURCE,数据来源,,,,
rel-000448,obs-gdp-secondary-2000-Q4,indicator-gdp-secondary,MEASURES,观测对应指标,,,,
rel-000449,obs-gdp-secondary-2000-Q4,region-zhejiang,OBSERVED_IN,观测空间范围,,,,
rel-000450,obs-gdp-secondary-2000-Q4,period-2000-Q4,AT_TIME,观测统计期,,,,
rel-000451,obs-gdp-secondary-2000-Q4,source-secondary-xlsx,FROM_SOURCE,数据来源,,,,
rel-000452,obs-gdp-tertiary-2000-Q4,indicator-gdp-tertiary,MEASURES,观测对应指标,,,,
rel-000453,obs-gdp-tertiary-2000-Q4,region-zhejiang,OBSERVED_IN,观测空间范围,,,,
rel-000454,obs-gdp-tertiary-2000-Q4,period-2000-Q4,AT_TIME,观测统计期,,,,
rel-000455,obs-gdp-tertiary-2000-Q4,source-tertiary-xlsx,FROM_SOURCE,数据来源,,,,
rel-000456,obs-gdp-primary-2001-Q1,indicator-gdp-primary,MEASURES,观测对应指标,,,,
rel-000457,obs-gdp-primary-2001-Q1,region-zhejiang,OBSERVED_IN,观测空间范围,,,,
rel-000458,obs-gdp-primary-2001-Q1,period-2001-Q1,AT_TIME,观测统计期,,,,
rel-000459,obs-gdp-primary-2001-Q1,source-primary-xlsx,FROM_SOURCE,数据来源,,,,
rel-000460,obs-gdp-secondary-2001-Q1,indicator-gdp-secondary,MEASURES,观测对应指标,,,,
rel-000461,obs-gdp-secondary-2001-Q1,region-zhejiang,OBSERVED_IN,观测空间范围,,,,
rel-000462,obs-gdp-secondary-2001-Q1,period-2001-Q1,AT_TIME,观测统计期,,,,
rel-000463,obs-gdp-secondary-2001-Q1,source-secondary-xlsx,FROM_SOURCE,数据来源,,,,
rel-000464,obs-gdp-tertiary-2001-Q1,indicator-gdp-tertiary,MEASURES,观测对应指标,,,,
rel-000465,obs-gdp-tertiary-2001-Q1,region-zhejiang,OBSERVED_IN,观测空间范围,,,,
rel-000466,obs-gdp-tertiary-2001-Q1,period-2001-Q1,AT_TIME,观测统计期,,,,
rel-000467,obs-gdp-tertiary-2001-Q1,source-tertiary-xlsx,FROM_SOURCE,数据来源,,,,
rel-000468,obs-gdp-primary-2001-Q2,indicator-gdp-primary,MEASURES,观测对应指标,,,,
rel-000469,obs-gdp-primary-2001-Q2,region-zhejiang,OBSERVED_IN,观测空间范围,,,,
rel-000470,obs-gdp-primary-2001-Q2,period-2001-Q2,AT_TIME,观测统计期,,,,
rel-000471,obs-gdp-primary-2001-Q2,source-primary-xlsx,FROM_SOURCE,数据来源,,,,
rel-000472,obs-gdp-secondary-2001-Q2,indicator-gdp-secondary,MEASURES,观测对应指标,,,,
rel-000473,obs-gdp-secondary-2001-Q2,region-zhejiang,OBSERVED_IN,观测空间范围,,,,
rel-000474,obs-gdp-secondary-2001-Q2,period-2001-Q2,AT_TIME,观测统计期,,,,
rel-000475,obs-gdp-secondary-2001-Q2,source-secondary-xlsx,FROM_SOURCE,数据来源,,,,
rel-000476,obs-gdp-tertiary-2001-Q2,indicator-gdp-tertiary,MEASURES,观测对应指标,,,,
rel-000477,obs-gdp-tertiary-2001-Q2,region-zhejiang,OBSERVED_IN,观测空间范围,,,,
rel-000478,obs-gdp-tertiary-2001-Q2,period-2001-Q2,AT_TIME,观测统计期,,,,
rel-000479,obs-gdp-tertiary-2001-Q2,source-tertiary-xlsx,FROM_SOURCE,数据来源,,,,
rel-000480,obs-gdp-primary-2001-Q3,indicator-gdp-primary,MEASURES,观测对应指标,,,,
rel-000481,obs-gdp-primary-2001-Q3,region-zhejiang,OBSERVED_IN,观测空间范围,,,,
rel-000482,obs-gdp-primary-2001-Q3,period-2001-Q3,AT_TIME,观测统计期,,,,
rel-000483,obs-gdp-primary-2001-Q3,source-primary-xlsx,FROM_SOURCE,数据来源,,,,
rel-000484,obs-gdp-secondary-2001-Q3,indicator-gdp-secondary,MEASURES,观测对应指标,,,,
rel-000485,obs-gdp-secondary-2001-Q3,region-zhejiang,OBSERVED_IN,观测空间范围,,,,
rel-000486,obs-gdp-secondary-2001-Q3,period-2001-Q3,AT_TIME,观测统计期,,,,
rel-000487,obs-gdp-secondary-2001-Q3,source-secondary-xlsx,FROM_SOURCE,数据来源,,,,
rel-000488,obs-gdp-tertiary-2001-Q3,indicator-gdp-tertiary,MEASURES,观测对应指标,,,,
rel-000489,obs-gdp-tertiary-2001-Q3,region-zhejiang,OBSERVED_IN,观测空间范围,,,,
rel-000490,obs-gdp-tertiary-2001-Q3,period-2001-Q3,AT_TIME,观测统计期,,,,
rel-000491,obs-gdp-tertiary-2001-Q3,source-tertiary-xlsx,FROM_SOURCE,数据来源,,,,
rel-000492,obs-gdp-primary-2001-Q4,indicator-gdp-primary,MEASURES,观测对应指标,,,,
rel-000493,obs-gdp-primary-2001-Q4,region-zhejiang,OBSERVED_IN,观测空间范围,,,,
rel-000494,obs-gdp-primary-2001-Q4,period-2001-Q4,AT_TIME,观测统计期,,,,
rel-000495,obs-gdp-primary-2001-Q4,source-primary-xlsx,FROM_SOURCE,数据来源,,,,
rel-000496,obs-gdp-secondary-2001-Q4,indicator-gdp-secondary,MEASURES,观测对应指标,,,,
rel-000497,obs-gdp-secondary-2001-Q4,region-zhejiang,OBSERVED_IN,观测空间范围,,,,
rel-000498,obs-gdp-secondary-2001-Q4,period-2001-Q4,AT_TIME,观测统计期,,,,
rel-000499,obs-gdp-secondary-2001-Q4,source-secondary-xlsx,FROM_SOURCE,数据来源,,,,
rel-000500,obs-gdp-tertiary-2001-Q4,indicator-gdp-tertiary,MEASURES,观测对应指标,,,,
rel-000501,obs-gdp-tertiary-2001-Q4,region-zhejiang,OBSERVED_IN,观测空间范围,,,,
rel-000502,obs-gdp-tertiary-2001-Q4,period-2001-Q4,AT_TIME,观测统计期,,,,
rel-000503,obs-gdp-tertiary-2001-Q4,source-tertiary-xlsx,FROM_SOURCE,数据来源,,,,
rel-000504,obs-gdp-primary-2002-Q1,indicator-gdp-primary,MEASURES,观测对应指标,,,,
rel-000505,obs-gdp-primary-2002-Q1,region-zhejiang,OBSERVED_IN,观测空间范围,,,,
rel-000506,obs-gdp-primary-2002-Q1,period-2002-Q1,AT_TIME,观测统计期,,,,
rel-000507,obs-gdp-primary-2002-Q1,source-primary-xlsx,FROM_SOURCE,数据来源,,,,
rel-000508,obs-gdp-secondary-2002-Q1,indicator-gdp-secondary,MEASURES,观测对应指标,,,,
rel-000509,obs-gdp-secondary-2002-Q1,region-zhejiang,OBSERVED_IN,观测空间范围,,,,
rel-000510,obs-gdp-secondary-2002-Q1,period-2002-Q1,AT_TIME,观测统计期,,,,
rel-000511,obs-gdp-secondary-2002-Q1,source-secondary-xlsx,FROM_SOURCE,数据来源,,,,
rel-000512,obs-gdp-tertiary-2002-Q1,indicator-gdp-tertiary,MEASURES,观测对应指标,,,,
rel-000513,obs-gdp-tertiary-2002-Q1,region-zhejiang,OBSERVED_IN,观测空间范围,,,,
rel-000514,obs-gdp-tertiary-2002-Q1,period-2002-Q1,AT_TIME,观测统计期,,,,
rel-000515,obs-gdp-tertiary-2002-Q1,source-tertiary-xlsx,FROM_SOURCE,数据来源,,,,
rel-000516,obs-gdp-primary-2002-Q2,indicator-gdp-primary,MEASURES,观测对应指标,,,,
rel-000517,obs-gdp-primary-2002-Q2,region-zhejiang,OBSERVED_IN,观测空间范围,,,,
rel-000518,obs-gdp-primary-2002-Q2,period-2002-Q2,AT_TIME,观测统计期,,,,
rel-000519,obs-gdp-primary-2002-Q2,source-primary-xlsx,FROM_SOURCE,数据来源,,,,
rel-000520,obs-gdp-secondary-2002-Q2,indicator-gdp-secondary,MEASURES,观测对应指标,,,,
rel-000521,obs-gdp-secondary-2002-Q2,region-zhejiang,OBSERVED_IN,观测空间范围,,,,
rel-000522,obs-gdp-secondary-2002-Q2,period-2002-Q2,AT_TIME,观测统计期,,,,
rel-000523,obs-gdp-secondary-2002-Q2,source-secondary-xlsx,FROM_SOURCE,数据来源,,,,
rel-000524,obs-gdp-tertiary-2002-Q2,indicator-gdp-tertiary,MEASURES,观测对应指标,,,,
rel-000525,obs-gdp-tertiary-2002-Q2,region-zhejiang,OBSERVED_IN,观测空间范围,,,,
rel-000526,obs-gdp-tertiary-2002-Q2,period-2002-Q2,AT_TIME,观测统计期,,,,
rel-000527,obs-gdp-tertiary-2002-Q2,source-tertiary-xlsx,FROM_SOURCE,数据来源,,,,
rel-000528,obs-gdp-primary-2002-Q3,indicator-gdp-primary,MEASURES,观测对应指标,,,,
rel-000529,obs-gdp-primary-2002-Q3,region-zhejiang,OBSERVED_IN,观测空间范围,,,,
rel-000530,obs-gdp-primary-2002-Q3,period-2002-Q3,AT_TIME,观测统计期,,,,
rel-000531,obs-gdp-primary-2002-Q3,source-primary-xlsx,FROM_SOURCE,数据来源,,,,
rel-000532,obs-gdp-secondary-2002-Q3,indicator-gdp-secondary,MEASURES,观测对应指标,,,,
rel-000533,obs-gdp-secondary-2002-Q3,region-zhejiang,OBSERVED_IN,观测空间范围,,,,
rel-000534,obs-gdp-secondary-2002-Q3,period-2002-Q3,AT_TIME,观测统计期,,,,
rel-000535,obs-gdp-secondary-2002-Q3,source-secondary-xlsx,FROM_SOURCE,数据来源,,,,
rel-000536,obs-gdp-tertiary-2002-Q3,indicator-gdp-tertiary,MEASURES,观测对应指标,,,,
rel-000537,obs-gdp-tertiary-2002-Q3,region-zhejiang,OBSERVED_IN,观测空间范围,,,,
rel-000538,obs-gdp-tertiary-2002-Q3,period-2002-Q3,AT_TIME,观测统计期,,,,
rel-000539,obs-gdp-tertiary-2002-Q3,source-tertiary-xlsx,FROM_SOURCE,数据来源,,,,
rel-000540,obs-gdp-primary-2002-Q4,indicator-gdp-primary,MEASURES,观测对应指标,,,,
rel-000541,obs-gdp-primary-2002-Q4,region-zhejiang,OBSERVED_IN,观测空间范围,,,,
rel-000542,obs-gdp-primary-2002-Q4,period-2002-Q4,AT_TIME,观测统计期,,,,
rel-000543,obs-gdp-primary-2002-Q4,source-primary-xlsx,FROM_SOURCE,数据来源,,,,
rel-000544,obs-gdp-secondary-2002-Q4,indicator-gdp-secondary,MEASURES,观测对应指标,,,,
rel-000545,obs-gdp-secondary-2002-Q4,region-zhejiang,OBSERVED_IN,观测空间范围,,,,
rel-000546,obs-gdp-secondary-2002-Q4,period-2002-Q4,AT_TIME,观测统计期,,,,
rel-000547,obs-gdp-secondary-2002-Q4,source-secondary-xlsx,FROM_SOURCE,数据来源,,,,
rel-000548,obs-gdp-tertiary-2002-Q4,indicator-gdp-tertiary,MEASURES,观测对应指标,,,,
rel-000549,obs-gdp-tertiary-2002-Q4,region-zhejiang,OBSERVED_IN,观测空间范围,,,,
rel-000550,obs-gdp-tertiary-2002-Q4,period-2002-Q4,AT_TIME,观测统计期,,,,
rel-000551,obs-gdp-tertiary-2002-Q4,source-tertiary-xlsx,FROM_SOURCE,数据来源,,,,
rel-000552,obs-gdp-primary-2003-Q1,indicator-gdp-primary,MEASURES,观测对应指标,,,,
rel-000553,obs-gdp-primary-2003-Q1,region-zhejiang,OBSERVED_IN,观测空间范围,,,,
rel-000554,obs-gdp-primary-2003-Q1,period-2003-Q1,AT_TIME,观测统计期,,,,
rel-000555,obs-gdp-primary-2003-Q1,source-primary-xlsx,FROM_SOURCE,数据来源,,,,
rel-000556,obs-gdp-secondary-2003-Q1,indicator-gdp-secondary,MEASURES,观测对应指标,,,,
rel-000557,obs-gdp-secondary-2003-Q1,region-zhejiang,OBSERVED_IN,观测空间范围,,,,
rel-000558,obs-gdp-secondary-2003-Q1,period-2003-Q1,AT_TIME,观测统计期,,,,
rel-000559,obs-gdp-secondary-2003-Q1,source-secondary-xlsx,FROM_SOURCE,数据来源,,,,
rel-000560,obs-gdp-tertiary-2003-Q1,indicator-gdp-tertiary,MEASURES,观测对应指标,,,,
rel-000561,obs-gdp-tertiary-2003-Q1,region-zhejiang,OBSERVED_IN,观测空间范围,,,,
rel-000562,obs-gdp-tertiary-2003-Q1,period-2003-Q1,AT_TIME,观测统计期,,,,
rel-000563,obs-gdp-tertiary-2003-Q1,source-tertiary-xlsx,FROM_SOURCE,数据来源,,,,
rel-000564,obs-gdp-primary-2003-Q2,indicator-gdp-primary,MEASURES,观测对应指标,,,,
rel-000565,obs-gdp-primary-2003-Q2,region-zhejiang,OBSERVED_IN,观测空间范围,,,,
rel-000566,obs-gdp-primary-2003-Q2,period-2003-Q2,AT_TIME,观测统计期,,,,
rel-000567,obs-gdp-primary-2003-Q2,source-primary-xlsx,FROM_SOURCE,数据来源,,,,
rel-000568,obs-gdp-secondary-2003-Q2,indicator-gdp-secondary,MEASURES,观测对应指标,,,,
rel-000569,obs-gdp-secondary-2003-Q2,region-zhejiang,OBSERVED_IN,观测空间范围,,,,
rel-000570,obs-gdp-secondary-2003-Q2,period-2003-Q2,AT_TIME,观测统计期,,,,
rel-000571,obs-gdp-secondary-2003-Q2,source-secondary-xlsx,FROM_SOURCE,数据来源,,,,
rel-000572,obs-gdp-tertiary-2003-Q2,indicator-gdp-tertiary,MEASURES,观测对应指标,,,,
rel-000573,obs-gdp-tertiary-2003-Q2,region-zhejiang,OBSERVED_IN,观测空间范围,,,,
rel-000574,obs-gdp-tertiary-2003-Q2,period-2003-Q2,AT_TIME,观测统计期,,,,
rel-000575,obs-gdp-tertiary-2003-Q2,source-tertiary-xlsx,FROM_SOURCE,数据来源,,,,
rel-000576,obs-gdp-primary-2003-Q3,indicator-gdp-primary,MEASURES,观测对应指标,,,,
rel-000577,obs-gdp-primary-2003-Q3,region-zhejiang,OBSERVED_IN,观测空间范围,,,,
rel-000578,obs-gdp-primary-2003-Q3,period-2003-Q3,AT_TIME,观测统计期,,,,
rel-000579,obs-gdp-primary-2003-Q3,source-primary-xlsx,FROM_SOURCE,数据来源,,,,
rel-000580,obs-gdp-secondary-2003-Q3,indicator-gdp-secondary,MEASURES,观测对应指标,,,,
rel-000581,obs-gdp-secondary-2003-Q3,region-zhejiang,OBSERVED_IN,观测空间范围,,,,
rel-000582,obs-gdp-secondary-2003-Q3,period-2003-Q3,AT_TIME,观测统计期,,,,
rel-000583,obs-gdp-secondary-2003-Q3,source-secondary-xlsx,FROM_SOURCE,数据来源,,,,
rel-000584,obs-gdp-tertiary-2003-Q3,indicator-gdp-tertiary,MEASURES,观测对应指标,,,,
rel-000585,obs-gdp-tertiary-2003-Q3,region-zhejiang,OBSERVED_IN,观测空间范围,,,,
rel-000586,obs-gdp-tertiary-2003-Q3,period-2003-Q3,AT_TIME,观测统计期,,,,
rel-000587,obs-gdp-tertiary-2003-Q3,source-tertiary-xlsx,FROM_SOURCE,数据来源,,,,
rel-000588,obs-gdp-primary-2003-Q4,indicator-gdp-primary,MEASURES,观测对应指标,,,,
rel-000589,obs-gdp-primary-2003-Q4,region-zhejiang,OBSERVED_IN,观测空间范围,,,,
rel-000590,obs-gdp-primary-2003-Q4,period-2003-Q4,AT_TIME,观测统计期,,,,
rel-000591,obs-gdp-primary-2003-Q4,source-primary-xlsx,FROM_SOURCE,数据来源,,,,
rel-000592,obs-gdp-secondary-2003-Q4,indicator-gdp-secondary,MEASURES,观测对应指标,,,,
rel-000593,obs-gdp-secondary-2003-Q4,region-zhejiang,OBSERVED_IN,观测空间范围,,,,
rel-000594,obs-gdp-secondary-2003-Q4,period-2003-Q4,AT_TIME,观测统计期,,,,
rel-000595,obs-gdp-secondary-2003-Q4,source-secondary-xlsx,FROM_SOURCE,数据来源,,,,
rel-000596,obs-gdp-tertiary-2003-Q4,indicator-gdp-tertiary,MEASURES,观测对应指标,,,,
rel-000597,obs-gdp-tertiary-2003-Q4,region-zhejiang,OBSERVED_IN,观测空间范围,,,,
rel-000598,obs-gdp-tertiary-2003-Q4,period-2003-Q4,AT_TIME,观测统计期,,,,
rel-000599,obs-gdp-tertiary-2003-Q4,source-tertiary-xlsx,FROM_SOURCE,数据来源,,,,
rel-000600,obs-gdp-primary-2004-Q1,indicator-gdp-primary,MEASURES,观测对应指标,,,,
rel-000601,obs-gdp-primary-2004-Q1,region-zhejiang,OBSERVED_IN,观测空间范围,,,,
rel-000602,obs-gdp-primary-2004-Q1,period-2004-Q1,AT_TIME,观测统计期,,,,
rel-000603,obs-gdp-primary-2004-Q1,source-primary-xlsx,FROM_SOURCE,数据来源,,,,
rel-000604,obs-gdp-secondary-2004-Q1,indicator-gdp-secondary,MEASURES,观测对应指标,,,,
rel-000605,obs-gdp-secondary-2004-Q1,region-zhejiang,OBSERVED_IN,观测空间范围,,,,
rel-000606,obs-gdp-secondary-2004-Q1,period-2004-Q1,AT_TIME,观测统计期,,,,
rel-000607,obs-gdp-secondary-2004-Q1,source-secondary-xlsx,FROM_SOURCE,数据来源,,,,
rel-000608,obs-gdp-tertiary-2004-Q1,indicator-gdp-tertiary,MEASURES,观测对应指标,,,,
rel-000609,obs-gdp-tertiary-2004-Q1,region-zhejiang,OBSERVED_IN,观测空间范围,,,,
rel-000610,obs-gdp-tertiary-2004-Q1,period-2004-Q1,AT_TIME,观测统计期,,,,
rel-000611,obs-gdp-tertiary-2004-Q1,source-tertiary-xlsx,FROM_SOURCE,数据来源,,,,
rel-000612,obs-gdp-primary-2004-Q2,indicator-gdp-primary,MEASURES,观测对应指标,,,,
rel-000613,obs-gdp-primary-2004-Q2,region-zhejiang,OBSERVED_IN,观测空间范围,,,,
rel-000614,obs-gdp-primary-2004-Q2,period-2004-Q2,AT_TIME,观测统计期,,,,
rel-000615,obs-gdp-primary-2004-Q2,source-primary-xlsx,FROM_SOURCE,数据来源,,,,
rel-000616,obs-gdp-secondary-2004-Q2,indicator-gdp-secondary,MEASURES,观测对应指标,,,,
rel-000617,obs-gdp-secondary-2004-Q2,region-zhejiang,OBSERVED_IN,观测空间范围,,,,
rel-000618,obs-gdp-secondary-2004-Q2,period-2004-Q2,AT_TIME,观测统计期,,,,
rel-000619,obs-gdp-secondary-2004-Q2,source-secondary-xlsx,FROM_SOURCE,数据来源,,,,
rel-000620,obs-gdp-tertiary-2004-Q2,indicator-gdp-tertiary,MEASURES,观测对应指标,,,,
rel-000621,obs-gdp-tertiary-2004-Q2,region-zhejiang,OBSERVED_IN,观测空间范围,,,,
rel-000622,obs-gdp-tertiary-2004-Q2,period-2004-Q2,AT_TIME,观测统计期,,,,
rel-000623,obs-gdp-tertiary-2004-Q2,source-tertiary-xlsx,FROM_SOURCE,数据来源,,,,
rel-000624,obs-gdp-primary-2004-Q3,indicator-gdp-primary,MEASURES,观测对应指标,,,,
rel-000625,obs-gdp-primary-2004-Q3,region-zhejiang,OBSERVED_IN,观测空间范围,,,,
rel-000626,obs-gdp-primary-2004-Q3,period-2004-Q3,AT_TIME,观测统计期,,,,
rel-000627,obs-gdp-primary-2004-Q3,source-primary-xlsx,FROM_SOURCE,数据来源,,,,
rel-000628,obs-gdp-secondary-2004-Q3,indicator-gdp-secondary,MEASURES,观测对应指标,,,,
rel-000629,obs-gdp-secondary-2004-Q3,region-zhejiang,OBSERVED_IN,观测空间范围,,,,
rel-000630,obs-gdp-secondary-2004-Q3,period-2004-Q3,AT_TIME,观测统计期,,,,
rel-000631,obs-gdp-secondary-2004-Q3,source-secondary-xlsx,FROM_SOURCE,数据来源,,,,
rel-000632,obs-gdp-tertiary-2004-Q3,indicator-gdp-tertiary,MEASURES,观测对应指标,,,,
rel-000633,obs-gdp-tertiary-2004-Q3,region-zhejiang,OBSERVED_IN,观测空间范围,,,,
rel-000634,obs-gdp-tertiary-2004-Q3,period-2004-Q3,AT_TIME,观测统计期,,,,
rel-000635,obs-gdp-tertiary-2004-Q3,source-tertiary-xlsx,FROM_SOURCE,数据来源,,,,
rel-000636,obs-gdp-primary-2004-Q4,indicator-gdp-primary,MEASURES,观测对应指标,,,,
rel-000637,obs-gdp-primary-2004-Q4,region-zhejiang,OBSERVED_IN,观测空间范围,,,,
rel-000638,obs-gdp-primary-2004-Q4,period-2004-Q4,AT_TIME,观测统计期,,,,
rel-000639,obs-gdp-primary-2004-Q4,source-primary-xlsx,FROM_SOURCE,数据来源,,,,
rel-000640,obs-gdp-secondary-2004-Q4,indicator-gdp-secondary,MEASURES,观测对应指标,,,,
rel-000641,obs-gdp-secondary-2004-Q4,region-zhejiang,OBSERVED_IN,观测空间范围,,,,
rel-000642,obs-gdp-secondary-2004-Q4,period-2004-Q4,AT_TIME,观测统计期,,,,
rel-000643,obs-gdp-secondary-2004-Q4,source-secondary-xlsx,FROM_SOURCE,数据来源,,,,
rel-000644,obs-gdp-tertiary-2004-Q4,indicator-gdp-tertiary,MEASURES,观测对应指标,,,,
rel-000645,obs-gdp-tertiary-2004-Q4,region-zhejiang,OBSERVED_IN,观测空间范围,,,,
rel-000646,obs-gdp-tertiary-2004-Q4,period-2004-Q4,AT_TIME,观测统计期,,,,
rel-000647,obs-gdp-tertiary-2004-Q4,source-tertiary-xlsx,FROM_SOURCE,数据来源,,,,
rel-000648,obs-gdp-primary-2005-Q1,indicator-gdp-primary,MEASURES,观测对应指标,,,,
rel-000649,obs-gdp-primary-2005-Q1,region-zhejiang,OBSERVED_IN,观测空间范围,,,,
rel-000650,obs-gdp-primary-2005-Q1,period-2005-Q1,AT_TIME,观测统计期,,,,
rel-000651,obs-gdp-primary-2005-Q1,source-primary-xlsx,FROM_SOURCE,数据来源,,,,
rel-000652,obs-gdp-secondary-2005-Q1,indicator-gdp-secondary,MEASURES,观测对应指标,,,,
rel-000653,obs-gdp-secondary-2005-Q1,region-zhejiang,OBSERVED_IN,观测空间范围,,,,
rel-000654,obs-gdp-secondary-2005-Q1,period-2005-Q1,AT_TIME,观测统计期,,,,
rel-000655,obs-gdp-secondary-2005-Q1,source-secondary-xlsx,FROM_SOURCE,数据来源,,,,
rel-000656,obs-gdp-tertiary-2005-Q1,indicator-gdp-tertiary,MEASURES,观测对应指标,,,,
rel-000657,obs-gdp-tertiary-2005-Q1,region-zhejiang,OBSERVED_IN,观测空间范围,,,,
rel-000658,obs-gdp-tertiary-2005-Q1,period-2005-Q1,AT_TIME,观测统计期,,,,
rel-000659,obs-gdp-tertiary-2005-Q1,source-tertiary-xlsx,FROM_SOURCE,数据来源,,,,
rel-000660,obs-gdp-primary-2005-Q2,indicator-gdp-primary,MEASURES,观测对应指标,,,,
rel-000661,obs-gdp-primary-2005-Q2,region-zhejiang,OBSERVED_IN,观测空间范围,,,,
rel-000662,obs-gdp-primary-2005-Q2,period-2005-Q2,AT_TIME,观测统计期,,,,
rel-000663,obs-gdp-primary-2005-Q2,source-primary-xlsx,FROM_SOURCE,数据来源,,,,
rel-000664,obs-gdp-secondary-2005-Q2,indicator-gdp-secondary,MEASURES,观测对应指标,,,,
rel-000665,obs-gdp-secondary-2005-Q2,region-zhejiang,OBSERVED_IN,观测空间范围,,,,
rel-000666,obs-gdp-secondary-2005-Q2,period-2005-Q2,AT_TIME,观测统计期,,,,
rel-000667,obs-gdp-secondary-2005-Q2,source-secondary-xlsx,FROM_SOURCE,数据来源,,,,
rel-000668,obs-gdp-tertiary-2005-Q2,indicator-gdp-tertiary,MEASURES,观测对应指标,,,,
rel-000669,obs-gdp-tertiary-2005-Q2,region-zhejiang,OBSERVED_IN,观测空间范围,,,,
rel-000670,obs-gdp-tertiary-2005-Q2,period-2005-Q2,AT_TIME,观测统计期,,,,
rel-000671,obs-gdp-tertiary-2005-Q2,source-tertiary-xlsx,FROM_SOURCE,数据来源,,,,
rel-000672,obs-gdp-primary-2005-Q3,indicator-gdp-primary,MEASURES,观测对应指标,,,,
rel-000673,obs-gdp-primary-2005-Q3,region-zhejiang,OBSERVED_IN,观测空间范围,,,,
rel-000674,obs-gdp-primary-2005-Q3,period-2005-Q3,AT_TIME,观测统计期,,,,
rel-000675,obs-gdp-primary-2005-Q3,source-primary-xlsx,FROM_SOURCE,数据来源,,,,
rel-000676,obs-gdp-secondary-2005-Q3,indicator-gdp-secondary,MEASURES,观测对应指标,,,,
rel-000677,obs-gdp-secondary-2005-Q3,region-zhejiang,OBSERVED_IN,观测空间范围,,,,
rel-000678,obs-gdp-secondary-2005-Q3,period-2005-Q3,AT_TIME,观测统计期,,,,
rel-000679,obs-gdp-secondary-2005-Q3,source-secondary-xlsx,FROM_SOURCE,数据来源,,,,
rel-000680,obs-gdp-tertiary-2005-Q3,indicator-gdp-tertiary,MEASURES,观测对应指标,,,,
rel-000681,obs-gdp-tertiary-2005-Q3,region-zhejiang,OBSERVED_IN,观测空间范围,,,,
rel-000682,obs-gdp-tertiary-2005-Q3,period-2005-Q3,AT_TIME,观测统计期,,,,
rel-000683,obs-gdp-tertiary-2005-Q3,source-tertiary-xlsx,FROM_SOURCE,数据来源,,,,
rel-000684,obs-gdp-primary-2005-Q4,indicator-gdp-primary,MEASURES,观测对应指标,,,,
rel-000685,obs-gdp-primary-2005-Q4,region-zhejiang,OBSERVED_IN,观测空间范围,,,,
rel-000686,obs-gdp-primary-2005-Q4,period-2005-Q4,AT_TIME,观测统计期,,,,
rel-000687,obs-gdp-primary-2005-Q4,source-primary-xlsx,FROM_SOURCE,数据来源,,,,
rel-000688,obs-gdp-secondary-2005-Q4,indicator-gdp-secondary,MEASURES,观测对应指标,,,,
rel-000689,obs-gdp-secondary-2005-Q4,region-zhejiang,OBSERVED_IN,观测空间范围,,,,
rel-000690,obs-gdp-secondary-2005-Q4,period-2005-Q4,AT_TIME,观测统计期,,,,
rel-000691,obs-gdp-secondary-2005-Q4,source-secondary-xlsx,FROM_SOURCE,数据来源,,,,
rel-000692,obs-gdp-tertiary-2005-Q4,indicator-gdp-tertiary,MEASURES,观测对应指标,,,,
rel-000693,obs-gdp-tertiary-2005-Q4,region-zhejiang,OBSERVED_IN,观测空间范围,,,,
rel-000694,obs-gdp-tertiary-2005-Q4,period-2005-Q4,AT_TIME,观测统计期,,,,
rel-000695,obs-gdp-tertiary-2005-Q4,source-tertiary-xlsx,FROM_SOURCE,数据来源,,,,
rel-000696,obs-gdp-primary-2006-Q1,indicator-gdp-primary,MEASURES,观测对应指标,,,,
rel-000697,obs-gdp-primary-2006-Q1,region-zhejiang,OBSERVED_IN,观测空间范围,,,,
rel-000698,obs-gdp-primary-2006-Q1,period-2006-Q1,AT_TIME,观测统计期,,,,
rel-000699,obs-gdp-primary-2006-Q1,source-primary-xlsx,FROM_SOURCE,数据来源,,,,
rel-000700,obs-gdp-secondary-2006-Q1,indicator-gdp-secondary,MEASURES,观测对应指标,,,,
rel-000701,obs-gdp-secondary-2006-Q1,region-zhejiang,OBSERVED_IN,观测空间范围,,,,
rel-000702,obs-gdp-secondary-2006-Q1,period-2006-Q1,AT_TIME,观测统计期,,,,
rel-000703,obs-gdp-secondary-2006-Q1,source-secondary-xlsx,FROM_SOURCE,数据来源,,,,
rel-000704,obs-gdp-tertiary-2006-Q1,indicator-gdp-tertiary,MEASURES,观测对应指标,,,,
rel-000705,obs-gdp-tertiary-2006-Q1,region-zhejiang,OBSERVED_IN,观测空间范围,,,,
rel-000706,obs-gdp-tertiary-2006-Q1,period-2006-Q1,AT_TIME,观测统计期,,,,
rel-000707,obs-gdp-tertiary-2006-Q1,source-tertiary-xlsx,FROM_SOURCE,数据来源,,,,
rel-000708,obs-gdp-primary-2006-Q2,indicator-gdp-primary,MEASURES,观测对应指标,,,,
rel-000709,obs-gdp-primary-2006-Q2,region-zhejiang,OBSERVED_IN,观测空间范围,,,,
rel-000710,obs-gdp-primary-2006-Q2,period-2006-Q2,AT_TIME,观测统计期,,,,
rel-000711,obs-gdp-primary-2006-Q2,source-primary-xlsx,FROM_SOURCE,数据来源,,,,
rel-000712,obs-gdp-secondary-2006-Q2,indicator-gdp-secondary,MEASURES,观测对应指标,,,,
rel-000713,obs-gdp-secondary-2006-Q2,region-zhejiang,OBSERVED_IN,观测空间范围,,,,
rel-000714,obs-gdp-secondary-2006-Q2,period-2006-Q2,AT_TIME,观测统计期,,,,
rel-000715,obs-gdp-secondary-2006-Q2,source-secondary-xlsx,FROM_SOURCE,数据来源,,,,
rel-000716,obs-gdp-tertiary-2006-Q2,indicator-gdp-tertiary,MEASURES,观测对应指标,,,,
rel-000717,obs-gdp-tertiary-2006-Q2,region-zhejiang,OBSERVED_IN,观测空间范围,,,,
rel-000718,obs-gdp-tertiary-2006-Q2,period-2006-Q2,AT_TIME,观测统计期,,,,
rel-000719,obs-gdp-tertiary-2006-Q2,source-tertiary-xlsx,FROM_SOURCE,数据来源,,,,
rel-000720,obs-gdp-primary-2006-Q3,indicator-gdp-primary,MEASURES,观测对应指标,,,,
rel-000721,obs-gdp-primary-2006-Q3,region-zhejiang,OBSERVED_IN,观测空间范围,,,,
rel-000722,obs-gdp-primary-2006-Q3,period-2006-Q3,AT_TIME,观测统计期,,,,
rel-000723,obs-gdp-primary-2006-Q3,source-primary-xlsx,FROM_SOURCE,数据来源,,,,
rel-000724,obs-gdp-secondary-2006-Q3,indicator-gdp-secondary,MEASURES,观测对应指标,,,,
rel-000725,obs-gdp-secondary-2006-Q3,region-zhejiang,OBSERVED_IN,观测空间范围,,,,
rel-000726,obs-gdp-secondary-2006-Q3,period-2006-Q3,AT_TIME,观测统计期,,,,
rel-000727,obs-gdp-secondary-2006-Q3,source-secondary-xlsx,FROM_SOURCE,数据来源,,,,
rel-000728,obs-gdp-tertiary-2006-Q3,indicator-gdp-tertiary,MEASURES,观测对应指标,,,,
rel-000729,obs-gdp-tertiary-2006-Q3,region-zhejiang,OBSERVED_IN,观测空间范围,,,,
rel-000730,obs-gdp-tertiary-2006-Q3,period-2006-Q3,AT_TIME,观测统计期,,,,
rel-000731,obs-gdp-tertiary-2006-Q3,source-tertiary-xlsx,FROM_SOURCE,数据来源,,,,
rel-000732,obs-gdp-primary-2006-Q4,indicator-gdp-primary,MEASURES,观测对应指标,,,,
rel-000733,obs-gdp-primary-2006-Q4,region-zhejiang,OBSERVED_IN,观测空间范围,,,,
rel-000734,obs-gdp-primary-2006-Q4,period-2006-Q4,AT_TIME,观测统计期,,,,
rel-000735,obs-gdp-primary-2006-Q4,source-primary-xlsx,FROM_SOURCE,数据来源,,,,
rel-000736,obs-gdp-secondary-2006-Q4,indicator-gdp-secondary,MEASURES,观测对应指标,,,,
rel-000737,obs-gdp-secondary-2006-Q4,region-zhejiang,OBSERVED_IN,观测空间范围,,,,
rel-000738,obs-gdp-secondary-2006-Q4,period-2006-Q4,AT_TIME,观测统计期,,,,
rel-000739,obs-gdp-secondary-2006-Q4,source-secondary-xlsx,FROM_SOURCE,数据来源,,,,
rel-000740,obs-gdp-tertiary-2006-Q4,indicator-gdp-tertiary,MEASURES,观测对应指标,,,,
rel-000741,obs-gdp-tertiary-2006-Q4,region-zhejiang,OBSERVED_IN,观测空间范围,,,,
rel-000742,obs-gdp-tertiary-2006-Q4,period-2006-Q4,AT_TIME,观测统计期,,,,
rel-000743,obs-gdp-tertiary-2006-Q4,source-tertiary-xlsx,FROM_SOURCE,数据来源,,,,
rel-000744,obs-gdp-primary-2007-Q1,indicator-gdp-primary,MEASURES,观测对应指标,,,,
rel-000745,obs-gdp-primary-2007-Q1,region-zhejiang,OBSERVED_IN,观测空间范围,,,,
rel-000746,obs-gdp-primary-2007-Q1,period-2007-Q1,AT_TIME,观测统计期,,,,
rel-000747,obs-gdp-primary-2007-Q1,source-primary-xlsx,FROM_SOURCE,数据来源,,,,
rel-000748,obs-gdp-secondary-2007-Q1,indicator-gdp-secondary,MEASURES,观测对应指标,,,,
rel-000749,obs-gdp-secondary-2007-Q1,region-zhejiang,OBSERVED_IN,观测空间范围,,,,
rel-000750,obs-gdp-secondary-2007-Q1,period-2007-Q1,AT_TIME,观测统计期,,,,
rel-000751,obs-gdp-secondary-2007-Q1,source-secondary-xlsx,FROM_SOURCE,数据来源,,,,
rel-000752,obs-gdp-tertiary-2007-Q1,indicator-gdp-tertiary,MEASURES,观测对应指标,,,,
rel-000753,obs-gdp-tertiary-2007-Q1,region-zhejiang,OBSERVED_IN,观测空间范围,,,,
rel-000754,obs-gdp-tertiary-2007-Q1,period-2007-Q1,AT_TIME,观测统计期,,,,
rel-000755,obs-gdp-tertiary-2007-Q1,source-tertiary-xlsx,FROM_SOURCE,数据来源,,,,
rel-000756,obs-gdp-primary-2007-Q2,indicator-gdp-primary,MEASURES,观测对应指标,,,,
rel-000757,obs-gdp-primary-2007-Q2,region-zhejiang,OBSERVED_IN,观测空间范围,,,,
rel-000758,obs-gdp-primary-2007-Q2,period-2007-Q2,AT_TIME,观测统计期,,,,
rel-000759,obs-gdp-primary-2007-Q2,source-primary-xlsx,FROM_SOURCE,数据来源,,,,
rel-000760,obs-gdp-secondary-2007-Q2,indicator-gdp-secondary,MEASURES,观测对应指标,,,,
rel-000761,obs-gdp-secondary-2007-Q2,region-zhejiang,OBSERVED_IN,观测空间范围,,,,
rel-000762,obs-gdp-secondary-2007-Q2,period-2007-Q2,AT_TIME,观测统计期,,,,
rel-000763,obs-gdp-secondary-2007-Q2,source-secondary-xlsx,FROM_SOURCE,数据来源,,,,
rel-000764,obs-gdp-tertiary-2007-Q2,indicator-gdp-tertiary,MEASURES,观测对应指标,,,,
rel-000765,obs-gdp-tertiary-2007-Q2,region-zhejiang,OBSERVED_IN,观测空间范围,,,,
rel-000766,obs-gdp-tertiary-2007-Q2,period-2007-Q2,AT_TIME,观测统计期,,,,
rel-000767,obs-gdp-tertiary-2007-Q2,source-tertiary-xlsx,FROM_SOURCE,数据来源,,,,
rel-000768,obs-gdp-primary-2007-Q3,indicator-gdp-primary,MEASURES,观测对应指标,,,,
rel-000769,obs-gdp-primary-2007-Q3,region-zhejiang,OBSERVED_IN,观测空间范围,,,,
rel-000770,obs-gdp-primary-2007-Q3,period-2007-Q3,AT_TIME,观测统计期,,,,
rel-000771,obs-gdp-primary-2007-Q3,source-primary-xlsx,FROM_SOURCE,数据来源,,,,
rel-000772,obs-gdp-secondary-2007-Q3,indicator-gdp-secondary,MEASURES,观测对应指标,,,,
rel-000773,obs-gdp-secondary-2007-Q3,region-zhejiang,OBSERVED_IN,观测空间范围,,,,
rel-000774,obs-gdp-secondary-2007-Q3,period-2007-Q3,AT_TIME,观测统计期,,,,
rel-000775,obs-gdp-secondary-2007-Q3,source-secondary-xlsx,FROM_SOURCE,数据来源,,,,
rel-000776,obs-gdp-tertiary-2007-Q3,indicator-gdp-tertiary,MEASURES,观测对应指标,,,,
rel-000777,obs-gdp-tertiary-2007-Q3,region-zhejiang,OBSERVED_IN,观测空间范围,,,,
rel-000778,obs-gdp-tertiary-2007-Q3,period-2007-Q3,AT_TIME,观测统计期,,,,
rel-000779,obs-gdp-tertiary-2007-Q3,source-tertiary-xlsx,FROM_SOURCE,数据来源,,,,
rel-000780,obs-gdp-primary-2007-Q4,indicator-gdp-primary,MEASURES,观测对应指标,,,,
rel-000781,obs-gdp-primary-2007-Q4,region-zhejiang,OBSERVED_IN,观测空间范围,,,,
rel-000782,obs-gdp-primary-2007-Q4,period-2007-Q4,AT_TIME,观测统计期,,,,
rel-000783,obs-gdp-primary-2007-Q4,source-primary-xlsx,FROM_SOURCE,数据来源,,,,
rel-000784,obs-gdp-secondary-2007-Q4,indicator-gdp-secondary,MEASURES,观测对应指标,,,,
rel-000785,obs-gdp-secondary-2007-Q4,region-zhejiang,OBSERVED_IN,观测空间范围,,,,
rel-000786,obs-gdp-secondary-2007-Q4,period-2007-Q4,AT_TIME,观测统计期,,,,
rel-000787,obs-gdp-secondary-2007-Q4,source-secondary-xlsx,FROM_SOURCE,数据来源,,,,
rel-000788,obs-gdp-tertiary-2007-Q4,indicator-gdp-tertiary,MEASURES,观测对应指标,,,,
rel-000789,obs-gdp-tertiary-2007-Q4,region-zhejiang,OBSERVED_IN,观测空间范围,,,,
rel-000790,obs-gdp-tertiary-2007-Q4,period-2007-Q4,AT_TIME,观测统计期,,,,
rel-000791,obs-gdp-tertiary-2007-Q4,source-tertiary-xlsx,FROM_SOURCE,数据来源,,,,
rel-000792,obs-gdp-primary-2008-Q1,indicator-gdp-primary,MEASURES,观测对应指标,,,,
rel-000793,obs-gdp-primary-2008-Q1,region-zhejiang,OBSERVED_IN,观测空间范围,,,,
rel-000794,obs-gdp-primary-2008-Q1,period-2008-Q1,AT_TIME,观测统计期,,,,
rel-000795,obs-gdp-primary-2008-Q1,source-primary-xlsx,FROM_SOURCE,数据来源,,,,
rel-000796,obs-gdp-secondary-2008-Q1,indicator-gdp-secondary,MEASURES,观测对应指标,,,,
rel-000797,obs-gdp-secondary-2008-Q1,region-zhejiang,OBSERVED_IN,观测空间范围,,,,
rel-000798,obs-gdp-secondary-2008-Q1,period-2008-Q1,AT_TIME,观测统计期,,,,
rel-000799,obs-gdp-secondary-2008-Q1,source-secondary-xlsx,FROM_SOURCE,数据来源,,,,
rel-000800,obs-gdp-tertiary-2008-Q1,indicator-gdp-tertiary,MEASURES,观测对应指标,,,,
rel-000801,obs-gdp-tertiary-2008-Q1,region-zhejiang,OBSERVED_IN,观测空间范围,,,,
rel-000802,obs-gdp-tertiary-2008-Q1,period-2008-Q1,AT_TIME,观测统计期,,,,
rel-000803,obs-gdp-tertiary-2008-Q1,source-tertiary-xlsx,FROM_SOURCE,数据来源,,,,
rel-000804,obs-gdp-primary-2008-Q2,indicator-gdp-primary,MEASURES,观测对应指标,,,,
rel-000805,obs-gdp-primary-2008-Q2,region-zhejiang,OBSERVED_IN,观测空间范围,,,,
rel-000806,obs-gdp-primary-2008-Q2,period-2008-Q2,AT_TIME,观测统计期,,,,
rel-000807,obs-gdp-primary-2008-Q2,source-primary-xlsx,FROM_SOURCE,数据来源,,,,
rel-000808,obs-gdp-secondary-2008-Q2,indicator-gdp-secondary,MEASURES,观测对应指标,,,,
rel-000809,obs-gdp-secondary-2008-Q2,region-zhejiang,OBSERVED_IN,观测空间范围,,,,
rel-000810,obs-gdp-secondary-2008-Q2,period-2008-Q2,AT_TIME,观测统计期,,,,
rel-000811,obs-gdp-secondary-2008-Q2,source-secondary-xlsx,FROM_SOURCE,数据来源,,,,
rel-000812,obs-gdp-tertiary-2008-Q2,indicator-gdp-tertiary,MEASURES,观测对应指标,,,,
rel-000813,obs-gdp-tertiary-2008-Q2,region-zhejiang,OBSERVED_IN,观测空间范围,,,,
rel-000814,obs-gdp-tertiary-2008-Q2,period-2008-Q2,AT_TIME,观测统计期,,,,
rel-000815,obs-gdp-tertiary-2008-Q2,source-tertiary-xlsx,FROM_SOURCE,数据来源,,,,
rel-000816,obs-gdp-primary-2008-Q3,indicator-gdp-primary,MEASURES,观测对应指标,,,,
rel-000817,obs-gdp-primary-2008-Q3,region-zhejiang,OBSERVED_IN,观测空间范围,,,,
rel-000818,obs-gdp-primary-2008-Q3,period-2008-Q3,AT_TIME,观测统计期,,,,
rel-000819,obs-gdp-primary-2008-Q3,source-primary-xlsx,FROM_SOURCE,数据来源,,,,
rel-000820,obs-gdp-secondary-2008-Q3,indicator-gdp-secondary,MEASURES,观测对应指标,,,,
rel-000821,obs-gdp-secondary-2008-Q3,region-zhejiang,OBSERVED_IN,观测空间范围,,,,
rel-000822,obs-gdp-secondary-2008-Q3,period-2008-Q3,AT_TIME,观测统计期,,,,
rel-000823,obs-gdp-secondary-2008-Q3,source-secondary-xlsx,FROM_SOURCE,数据来源,,,,
rel-000824,obs-gdp-tertiary-2008-Q3,indicator-gdp-tertiary,MEASURES,观测对应指标,,,,
rel-000825,obs-gdp-tertiary-2008-Q3,region-zhejiang,OBSERVED_IN,观测空间范围,,,,
rel-000826,obs-gdp-tertiary-2008-Q3,period-2008-Q3,AT_TIME,观测统计期,,,,
rel-000827,obs-gdp-tertiary-2008-Q3,source-tertiary-xlsx,FROM_SOURCE,数据来源,,,,
rel-000828,obs-gdp-primary-2008-Q4,indicator-gdp-primary,MEASURES,观测对应指标,,,,
rel-000829,obs-gdp-primary-2008-Q4,region-zhejiang,OBSERVED_IN,观测空间范围,,,,
rel-000830,obs-gdp-primary-2008-Q4,period-2008-Q4,AT_TIME,观测统计期,,,,
rel-000831,obs-gdp-primary-2008-Q4,source-primary-xlsx,FROM_SOURCE,数据来源,,,,
rel-000832,obs-gdp-secondary-2008-Q4,indicator-gdp-secondary,MEASURES,观测对应指标,,,,
rel-000833,obs-gdp-secondary-2008-Q4,region-zhejiang,OBSERVED_IN,观测空间范围,,,,
rel-000834,obs-gdp-secondary-2008-Q4,period-2008-Q4,AT_TIME,观测统计期,,,,
rel-000835,obs-gdp-secondary-2008-Q4,source-secondary-xlsx,FROM_SOURCE,数据来源,,,,
rel-000836,obs-gdp-tertiary-2008-Q4,indicator-gdp-tertiary,MEASURES,观测对应指标,,,,
rel-000837,obs-gdp-tertiary-2008-Q4,region-zhejiang,OBSERVED_IN,观测空间范围,,,,
rel-000838,obs-gdp-tertiary-2008-Q4,period-2008-Q4,AT_TIME,观测统计期,,,,
rel-000839,obs-gdp-tertiary-2008-Q4,source-tertiary-xlsx,FROM_SOURCE,数据来源,,,,
rel-000840,obs-gdp-primary-2009-Q1,indicator-gdp-primary,MEASURES,观测对应指标,,,,
rel-000841,obs-gdp-primary-2009-Q1,region-zhejiang,OBSERVED_IN,观测空间范围,,,,
rel-000842,obs-gdp-primary-2009-Q1,period-2009-Q1,AT_TIME,观测统计期,,,,
rel-000843,obs-gdp-primary-2009-Q1,source-primary-xlsx,FROM_SOURCE,数据来源,,,,
rel-000844,obs-gdp-secondary-2009-Q1,indicator-gdp-secondary,MEASURES,观测对应指标,,,,
rel-000845,obs-gdp-secondary-2009-Q1,region-zhejiang,OBSERVED_IN,观测空间范围,,,,
rel-000846,obs-gdp-secondary-2009-Q1,period-2009-Q1,AT_TIME,观测统计期,,,,
rel-000847,obs-gdp-secondary-2009-Q1,source-secondary-xlsx,FROM_SOURCE,数据来源,,,,
rel-000848,obs-gdp-tertiary-2009-Q1,indicator-gdp-tertiary,MEASURES,观测对应指标,,,,
rel-000849,obs-gdp-tertiary-2009-Q1,region-zhejiang,OBSERVED_IN,观测空间范围,,,,
rel-000850,obs-gdp-tertiary-2009-Q1,period-2009-Q1,AT_TIME,观测统计期,,,,
rel-000851,obs-gdp-tertiary-2009-Q1,source-tertiary-xlsx,FROM_SOURCE,数据来源,,,,
rel-000852,obs-gdp-primary-2009-Q2,indicator-gdp-primary,MEASURES,观测对应指标,,,,
rel-000853,obs-gdp-primary-2009-Q2,region-zhejiang,OBSERVED_IN,观测空间范围,,,,
rel-000854,obs-gdp-primary-2009-Q2,period-2009-Q2,AT_TIME,观测统计期,,,,
rel-000855,obs-gdp-primary-2009-Q2,source-primary-xlsx,FROM_SOURCE,数据来源,,,,
rel-000856,obs-gdp-secondary-2009-Q2,indicator-gdp-secondary,MEASURES,观测对应指标,,,,
rel-000857,obs-gdp-secondary-2009-Q2,region-zhejiang,OBSERVED_IN,观测空间范围,,,,
rel-000858,obs-gdp-secondary-2009-Q2,period-2009-Q2,AT_TIME,观测统计期,,,,
rel-000859,obs-gdp-secondary-2009-Q2,source-secondary-xlsx,FROM_SOURCE,数据来源,,,,
rel-000860,obs-gdp-tertiary-2009-Q2,indicator-gdp-tertiary,MEASURES,观测对应指标,,,,
rel-000861,obs-gdp-tertiary-2009-Q2,region-zhejiang,OBSERVED_IN,观测空间范围,,,,
rel-000862,obs-gdp-tertiary-2009-Q2,period-2009-Q2,AT_TIME,观测统计期,,,,
rel-000863,obs-gdp-tertiary-2009-Q2,source-tertiary-xlsx,FROM_SOURCE,数据来源,,,,
rel-000864,obs-gdp-primary-2009-Q3,indicator-gdp-primary,MEASURES,观测对应指标,,,,
rel-000865,obs-gdp-primary-2009-Q3,region-zhejiang,OBSERVED_IN,观测空间范围,,,,
rel-000866,obs-gdp-primary-2009-Q3,period-2009-Q3,AT_TIME,观测统计期,,,,
rel-000867,obs-gdp-primary-2009-Q3,source-primary-xlsx,FROM_SOURCE,数据来源,,,,
rel-000868,obs-gdp-secondary-2009-Q3,indicator-gdp-secondary,MEASURES,观测对应指标,,,,
rel-000869,obs-gdp-secondary-2009-Q3,region-zhejiang,OBSERVED_IN,观测空间范围,,,,
rel-000870,obs-gdp-secondary-2009-Q3,period-2009-Q3,AT_TIME,观测统计期,,,,
rel-000871,obs-gdp-secondary-2009-Q3,source-secondary-xlsx,FROM_SOURCE,数据来源,,,,
rel-000872,obs-gdp-tertiary-2009-Q3,indicator-gdp-tertiary,MEASURES,观测对应指标,,,,
rel-000873,obs-gdp-tertiary-2009-Q3,region-zhejiang,OBSERVED_IN,观测空间范围,,,,
rel-000874,obs-gdp-tertiary-2009-Q3,period-2009-Q3,AT_TIME,观测统计期,,,,
rel-000875,obs-gdp-tertiary-2009-Q3,source-tertiary-xlsx,FROM_SOURCE,数据来源,,,,
rel-000876,obs-gdp-primary-2009-Q4,indicator-gdp-primary,MEASURES,观测对应指标,,,,
rel-000877,obs-gdp-primary-2009-Q4,region-zhejiang,OBSERVED_IN,观测空间范围,,,,
rel-000878,obs-gdp-primary-2009-Q4,period-2009-Q4,AT_TIME,观测统计期,,,,
rel-000879,obs-gdp-primary-2009-Q4,source-primary-xlsx,FROM_SOURCE,数据来源,,,,
rel-000880,obs-gdp-secondary-2009-Q4,indicator-gdp-secondary,MEASURES,观测对应指标,,,,
rel-000881,obs-gdp-secondary-2009-Q4,region-zhejiang,OBSERVED_IN,观测空间范围,,,,
rel-000882,obs-gdp-secondary-2009-Q4,period-2009-Q4,AT_TIME,观测统计期,,,,
rel-000883,obs-gdp-secondary-2009-Q4,source-secondary-xlsx,FROM_SOURCE,数据来源,,,,
rel-000884,obs-gdp-tertiary-2009-Q4,indicator-gdp-tertiary,MEASURES,观测对应指标,,,,
rel-000885,obs-gdp-tertiary-2009-Q4,region-zhejiang,OBSERVED_IN,观测空间范围,,,,
rel-000886,obs-gdp-tertiary-2009-Q4,period-2009-Q4,AT_TIME,观测统计期,,,,
rel-000887,obs-gdp-tertiary-2009-Q4,source-tertiary-xlsx,FROM_SOURCE,数据来源,,,,
rel-000888,obs-gdp-primary-2010-Q1,indicator-gdp-primary,MEASURES,观测对应指标,,,,
rel-000889,obs-gdp-primary-2010-Q1,region-zhejiang,OBSERVED_IN,观测空间范围,,,,
rel-000890,obs-gdp-primary-2010-Q1,period-2010-Q1,AT_TIME,观测统计期,,,,
rel-000891,obs-gdp-primary-2010-Q1,source-primary-xlsx,FROM_SOURCE,数据来源,,,,
rel-000892,obs-gdp-secondary-2010-Q1,indicator-gdp-secondary,MEASURES,观测对应指标,,,,
rel-000893,obs-gdp-secondary-2010-Q1,region-zhejiang,OBSERVED_IN,观测空间范围,,,,
rel-000894,obs-gdp-secondary-2010-Q1,period-2010-Q1,AT_TIME,观测统计期,,,,
rel-000895,obs-gdp-secondary-2010-Q1,source-secondary-xlsx,FROM_SOURCE,数据来源,,,,
rel-000896,obs-gdp-tertiary-2010-Q1,indicator-gdp-tertiary,MEASURES,观测对应指标,,,,
rel-000897,obs-gdp-tertiary-2010-Q1,region-zhejiang,OBSERVED_IN,观测空间范围,,,,
rel-000898,obs-gdp-tertiary-2010-Q1,period-2010-Q1,AT_TIME,观测统计期,,,,
rel-000899,obs-gdp-tertiary-2010-Q1,source-tertiary-xlsx,FROM_SOURCE,数据来源,,,,
rel-000900,obs-gdp-primary-2010-Q2,indicator-gdp-primary,MEASURES,观测对应指标,,,,
rel-000901,obs-gdp-primary-2010-Q2,region-zhejiang,OBSERVED_IN,观测空间范围,,,,
rel-000902,obs-gdp-primary-2010-Q2,period-2010-Q2,AT_TIME,观测统计期,,,,
rel-000903,obs-gdp-primary-2010-Q2,source-primary-xlsx,FROM_SOURCE,数据来源,,,,
rel-000904,obs-gdp-secondary-2010-Q2,indicator-gdp-secondary,MEASURES,观测对应指标,,,,
rel-000905,obs-gdp-secondary-2010-Q2,region-zhejiang,OBSERVED_IN,观测空间范围,,,,
rel-000906,obs-gdp-secondary-2010-Q2,period-2010-Q2,AT_TIME,观测统计期,,,,
rel-000907,obs-gdp-secondary-2010-Q2,source-secondary-xlsx,FROM_SOURCE,数据来源,,,,
rel-000908,obs-gdp-tertiary-2010-Q2,indicator-gdp-tertiary,MEASURES,观测对应指标,,,,
rel-000909,obs-gdp-tertiary-2010-Q2,region-zhejiang,OBSERVED_IN,观测空间范围,,,,
rel-000910,obs-gdp-tertiary-2010-Q2,period-2010-Q2,AT_TIME,观测统计期,,,,
rel-000911,obs-gdp-tertiary-2010-Q2,source-tertiary-xlsx,FROM_SOURCE,数据来源,,,,
rel-000912,obs-gdp-primary-2010-Q3,indicator-gdp-primary,MEASURES,观测对应指标,,,,
rel-000913,obs-gdp-primary-2010-Q3,region-zhejiang,OBSERVED_IN,观测空间范围,,,,
rel-000914,obs-gdp-primary-2010-Q3,period-2010-Q3,AT_TIME,观测统计期,,,,
rel-000915,obs-gdp-primary-2010-Q3,source-primary-xlsx,FROM_SOURCE,数据来源,,,,
rel-000916,obs-gdp-secondary-2010-Q3,indicator-gdp-secondary,MEASURES,观测对应指标,,,,
rel-000917,obs-gdp-secondary-2010-Q3,region-zhejiang,OBSERVED_IN,观测空间范围,,,,
rel-000918,obs-gdp-secondary-2010-Q3,period-2010-Q3,AT_TIME,观测统计期,,,,
rel-000919,obs-gdp-secondary-2010-Q3,source-secondary-xlsx,FROM_SOURCE,数据来源,,,,
rel-000920,obs-gdp-tertiary-2010-Q3,indicator-gdp-tertiary,MEASURES,观测对应指标,,,,
rel-000921,obs-gdp-tertiary-2010-Q3,region-zhejiang,OBSERVED_IN,观测空间范围,,,,
rel-000922,obs-gdp-tertiary-2010-Q3,period-2010-Q3,AT_TIME,观测统计期,,,,
rel-000923,obs-gdp-tertiary-2010-Q3,source-tertiary-xlsx,FROM_SOURCE,数据来源,,,,
rel-000924,obs-gdp-primary-2010-Q4,indicator-gdp-primary,MEASURES,观测对应指标,,,,
rel-000925,obs-gdp-primary-2010-Q4,region-zhejiang,OBSERVED_IN,观测空间范围,,,,
rel-000926,obs-gdp-primary-2010-Q4,period-2010-Q4,AT_TIME,观测统计期,,,,
rel-000927,obs-gdp-primary-2010-Q4,source-primary-xlsx,FROM_SOURCE,数据来源,,,,
rel-000928,obs-gdp-secondary-2010-Q4,indicator-gdp-secondary,MEASURES,观测对应指标,,,,
rel-000929,obs-gdp-secondary-2010-Q4,region-zhejiang,OBSERVED_IN,观测空间范围,,,,
rel-000930,obs-gdp-secondary-2010-Q4,period-2010-Q4,AT_TIME,观测统计期,,,,
rel-000931,obs-gdp-secondary-2010-Q4,source-secondary-xlsx,FROM_SOURCE,数据来源,,,,
rel-000932,obs-gdp-tertiary-2010-Q4,indicator-gdp-tertiary,MEASURES,观测对应指标,,,,
rel-000933,obs-gdp-tertiary-2010-Q4,region-zhejiang,OBSERVED_IN,观测空间范围,,,,
rel-000934,obs-gdp-tertiary-2010-Q4,period-2010-Q4,AT_TIME,观测统计期,,,,
rel-000935,obs-gdp-tertiary-2010-Q4,source-tertiary-xlsx,FROM_SOURCE,数据来源,,,,
rel-000936,obs-gdp-primary-2011-Q1,indicator-gdp-primary,MEASURES,观测对应指标,,,,
rel-000937,obs-gdp-primary-2011-Q1,region-zhejiang,OBSERVED_IN,观测空间范围,,,,
rel-000938,obs-gdp-primary-2011-Q1,period-2011-Q1,AT_TIME,观测统计期,,,,
rel-000939,obs-gdp-primary-2011-Q1,source-primary-xlsx,FROM_SOURCE,数据来源,,,,
rel-000940,obs-gdp-secondary-2011-Q1,indicator-gdp-secondary,MEASURES,观测对应指标,,,,
rel-000941,obs-gdp-secondary-2011-Q1,region-zhejiang,OBSERVED_IN,观测空间范围,,,,
rel-000942,obs-gdp-secondary-2011-Q1,period-2011-Q1,AT_TIME,观测统计期,,,,
rel-000943,obs-gdp-secondary-2011-Q1,source-secondary-xlsx,FROM_SOURCE,数据来源,,,,
rel-000944,obs-gdp-tertiary-2011-Q1,indicator-gdp-tertiary,MEASURES,观测对应指标,,,,
rel-000945,obs-gdp-tertiary-2011-Q1,region-zhejiang,OBSERVED_IN,观测空间范围,,,,
rel-000946,obs-gdp-tertiary-2011-Q1,period-2011-Q1,AT_TIME,观测统计期,,,,
rel-000947,obs-gdp-tertiary-2011-Q1,source-tertiary-xlsx,FROM_SOURCE,数据来源,,,,
rel-000948,obs-gdp-primary-2011-Q2,indicator-gdp-primary,MEASURES,观测对应指标,,,,
rel-000949,obs-gdp-primary-2011-Q2,region-zhejiang,OBSERVED_IN,观测空间范围,,,,
rel-000950,obs-gdp-primary-2011-Q2,period-2011-Q2,AT_TIME,观测统计期,,,,
rel-000951,obs-gdp-primary-2011-Q2,source-primary-xlsx,FROM_SOURCE,数据来源,,,,
rel-000952,obs-gdp-secondary-2011-Q2,indicator-gdp-secondary,MEASURES,观测对应指标,,,,
rel-000953,obs-gdp-secondary-2011-Q2,region-zhejiang,OBSERVED_IN,观测空间范围,,,,
rel-000954,obs-gdp-secondary-2011-Q2,period-2011-Q2,AT_TIME,观测统计期,,,,
rel-000955,obs-gdp-secondary-2011-Q2,source-secondary-xlsx,FROM_SOURCE,数据来源,,,,
rel-000956,obs-gdp-tertiary-2011-Q2,indicator-gdp-tertiary,MEASURES,观测对应指标,,,,
rel-000957,obs-gdp-tertiary-2011-Q2,region-zhejiang,OBSERVED_IN,观测空间范围,,,,
rel-000958,obs-gdp-tertiary-2011-Q2,period-2011-Q2,AT_TIME,观测统计期,,,,
rel-000959,obs-gdp-tertiary-2011-Q2,source-tertiary-xlsx,FROM_SOURCE,数据来源,,,,
rel-000960,obs-gdp-primary-2011-Q3,indicator-gdp-primary,MEASURES,观测对应指标,,,,
rel-000961,obs-gdp-primary-2011-Q3,region-zhejiang,OBSERVED_IN,观测空间范围,,,,
rel-000962,obs-gdp-primary-2011-Q3,period-2011-Q3,AT_TIME,观测统计期,,,,
rel-000963,obs-gdp-primary-2011-Q3,source-primary-xlsx,FROM_SOURCE,数据来源,,,,
rel-000964,obs-gdp-secondary-2011-Q3,indicator-gdp-secondary,MEASURES,观测对应指标,,,,
rel-000965,obs-gdp-secondary-2011-Q3,region-zhejiang,OBSERVED_IN,观测空间范围,,,,
rel-000966,obs-gdp-secondary-2011-Q3,period-2011-Q3,AT_TIME,观测统计期,,,,
rel-000967,obs-gdp-secondary-2011-Q3,source-secondary-xlsx,FROM_SOURCE,数据来源,,,,
rel-000968,obs-gdp-tertiary-2011-Q3,indicator-gdp-tertiary,MEASURES,观测对应指标,,,,
rel-000969,obs-gdp-tertiary-2011-Q3,region-zhejiang,OBSERVED_IN,观测空间范围,,,,
rel-000970,obs-gdp-tertiary-2011-Q3,period-2011-Q3,AT_TIME,观测统计期,,,,
rel-000971,obs-gdp-tertiary-2011-Q3,source-tertiary-xlsx,FROM_SOURCE,数据来源,,,,
rel-000972,obs-gdp-primary-2011-Q4,indicator-gdp-primary,MEASURES,观测对应指标,,,,
rel-000973,obs-gdp-primary-2011-Q4,region-zhejiang,OBSERVED_IN,观测空间范围,,,,
rel-000974,obs-gdp-primary-2011-Q4,period-2011-Q4,AT_TIME,观测统计期,,,,
rel-000975,obs-gdp-primary-2011-Q4,source-primary-xlsx,FROM_SOURCE,数据来源,,,,
rel-000976,obs-gdp-secondary-2011-Q4,indicator-gdp-secondary,MEASURES,观测对应指标,,,,
rel-000977,obs-gdp-secondary-2011-Q4,region-zhejiang,OBSERVED_IN,观测空间范围,,,,
rel-000978,obs-gdp-secondary-2011-Q4,period-2011-Q4,AT_TIME,观测统计期,,,,
rel-000979,obs-gdp-secondary-2011-Q4,source-secondary-xlsx,FROM_SOURCE,数据来源,,,,
rel-000980,obs-gdp-tertiary-2011-Q4,indicator-gdp-tertiary,MEASURES,观测对应指标,,,,
rel-000981,obs-gdp-tertiary-2011-Q4,region-zhejiang,OBSERVED_IN,观测空间范围,,,,
rel-000982,obs-gdp-tertiary-2011-Q4,period-2011-Q4,AT_TIME,观测统计期,,,,
rel-000983,obs-gdp-tertiary-2011-Q4,source-tertiary-xlsx,FROM_SOURCE,数据来源,,,,
rel-000984,obs-gdp-primary-2012-Q1,indicator-gdp-primary,MEASURES,观测对应指标,,,,
rel-000985,obs-gdp-primary-2012-Q1,region-zhejiang,OBSERVED_IN,观测空间范围,,,,
rel-000986,obs-gdp-primary-2012-Q1,period-2012-Q1,AT_TIME,观测统计期,,,,
rel-000987,obs-gdp-primary-2012-Q1,source-primary-xlsx,FROM_SOURCE,数据来源,,,,
rel-000988,obs-gdp-secondary-2012-Q1,indicator-gdp-secondary,MEASURES,观测对应指标,,,,
rel-000989,obs-gdp-secondary-2012-Q1,region-zhejiang,OBSERVED_IN,观测空间范围,,,,
rel-000990,obs-gdp-secondary-2012-Q1,period-2012-Q1,AT_TIME,观测统计期,,,,
rel-000991,obs-gdp-secondary-2012-Q1,source-secondary-xlsx,FROM_SOURCE,数据来源,,,,
rel-000992,obs-gdp-tertiary-2012-Q1,indicator-gdp-tertiary,MEASURES,观测对应指标,,,,
rel-000993,obs-gdp-tertiary-2012-Q1,region-zhejiang,OBSERVED_IN,观测空间范围,,,,
rel-000994,obs-gdp-tertiary-2012-Q1,period-2012-Q1,AT_TIME,观测统计期,,,,
rel-000995,obs-gdp-tertiary-2012-Q1,source-tertiary-xlsx,FROM_SOURCE,数据来源,,,,
rel-000996,obs-gdp-primary-2012-Q2,indicator-gdp-primary,MEASURES,观测对应指标,,,,
rel-000997,obs-gdp-primary-2012-Q2,region-zhejiang,OBSERVED_IN,观测空间范围,,,,
rel-000998,obs-gdp-primary-2012-Q2,period-2012-Q2,AT_TIME,观测统计期,,,,
rel-000999,obs-gdp-primary-2012-Q2,source-primary-xlsx,FROM_SOURCE,数据来源,,,,
rel-001000,obs-gdp-secondary-2012-Q2,indicator-gdp-secondary,MEASURES,观测对应指标,,,,
rel-001001,obs-gdp-secondary-2012-Q2,region-zhejiang,OBSERVED_IN,观测空间范围,,,,
rel-001002,obs-gdp-secondary-2012-Q2,period-2012-Q2,AT_TIME,观测统计期,,,,
rel-001003,obs-gdp-secondary-2012-Q2,source-secondary-xlsx,FROM_SOURCE,数据来源,,,,
rel-001004,obs-gdp-tertiary-2012-Q2,indicator-gdp-tertiary,MEASURES,观测对应指标,,,,
rel-001005,obs-gdp-tertiary-2012-Q2,region-zhejiang,OBSERVED_IN,观测空间范围,,,,
rel-001006,obs-gdp-tertiary-2012-Q2,period-2012-Q2,AT_TIME,观测统计期,,,,
rel-001007,obs-gdp-tertiary-2012-Q2,source-tertiary-xlsx,FROM_SOURCE,数据来源,,,,
rel-001008,obs-gdp-primary-2012-Q3,indicator-gdp-primary,MEASURES,观测对应指标,,,,
rel-001009,obs-gdp-primary-2012-Q3,region-zhejiang,OBSERVED_IN,观测空间范围,,,,
rel-001010,obs-gdp-primary-2012-Q3,period-2012-Q3,AT_TIME,观测统计期,,,,
rel-001011,obs-gdp-primary-2012-Q3,source-primary-xlsx,FROM_SOURCE,数据来源,,,,
rel-001012,obs-gdp-secondary-2012-Q3,indicator-gdp-secondary,MEASURES,观测对应指标,,,,
rel-001013,obs-gdp-secondary-2012-Q3,region-zhejiang,OBSERVED_IN,观测空间范围,,,,
rel-001014,obs-gdp-secondary-2012-Q3,period-2012-Q3,AT_TIME,观测统计期,,,,
rel-001015,obs-gdp-secondary-2012-Q3,source-secondary-xlsx,FROM_SOURCE,数据来源,,,,
rel-001016,obs-gdp-tertiary-2012-Q3,indicator-gdp-tertiary,MEASURES,观测对应指标,,,,
rel-001017,obs-gdp-tertiary-2012-Q3,region-zhejiang,OBSERVED_IN,观测空间范围,,,,
rel-001018,obs-gdp-tertiary-2012-Q3,period-2012-Q3,AT_TIME,观测统计期,,,,
rel-001019,obs-gdp-tertiary-2012-Q3,source-tertiary-xlsx,FROM_SOURCE,数据来源,,,,
rel-001020,obs-gdp-primary-2012-Q4,indicator-gdp-primary,MEASURES,观测对应指标,,,,
rel-001021,obs-gdp-primary-2012-Q4,region-zhejiang,OBSERVED_IN,观测空间范围,,,,
rel-001022,obs-gdp-primary-2012-Q4,period-2012-Q4,AT_TIME,观测统计期,,,,
rel-001023,obs-gdp-primary-2012-Q4,source-primary-xlsx,FROM_SOURCE,数据来源,,,,
rel-001024,obs-gdp-secondary-2012-Q4,indicator-gdp-secondary,MEASURES,观测对应指标,,,,
rel-001025,obs-gdp-secondary-2012-Q4,region-zhejiang,OBSERVED_IN,观测空间范围,,,,
rel-001026,obs-gdp-secondary-2012-Q4,period-2012-Q4,AT_TIME,观测统计期,,,,
rel-001027,obs-gdp-secondary-2012-Q4,source-secondary-xlsx,FROM_SOURCE,数据来源,,,,
rel-001028,obs-gdp-tertiary-2012-Q4,indicator-gdp-tertiary,MEASURES,观测对应指标,,,,
rel-001029,obs-gdp-tertiary-2012-Q4,region-zhejiang,OBSERVED_IN,观测空间范围,,,,
rel-001030,obs-gdp-tertiary-2012-Q4,period-2012-Q4,AT_TIME,观测统计期,,,,
rel-001031,obs-gdp-tertiary-2012-Q4,source-tertiary-xlsx,FROM_SOURCE,数据来源,,,,
rel-001032,obs-gdp-primary-2013-Q1,indicator-gdp-primary,MEASURES,观测对应指标,,,,
rel-001033,obs-gdp-primary-2013-Q1,region-zhejiang,OBSERVED_IN,观测空间范围,,,,
rel-001034,obs-gdp-primary-2013-Q1,period-2013-Q1,AT_TIME,观测统计期,,,,
rel-001035,obs-gdp-primary-2013-Q1,source-primary-xlsx,FROM_SOURCE,数据来源,,,,
rel-001036,obs-gdp-secondary-2013-Q1,indicator-gdp-secondary,MEASURES,观测对应指标,,,,
rel-001037,obs-gdp-secondary-2013-Q1,region-zhejiang,OBSERVED_IN,观测空间范围,,,,
rel-001038,obs-gdp-secondary-2013-Q1,period-2013-Q1,AT_TIME,观测统计期,,,,
rel-001039,obs-gdp-secondary-2013-Q1,source-secondary-xlsx,FROM_SOURCE,数据来源,,,,
rel-001040,obs-gdp-tertiary-2013-Q1,indicator-gdp-tertiary,MEASURES,观测对应指标,,,,
rel-001041,obs-gdp-tertiary-2013-Q1,region-zhejiang,OBSERVED_IN,观测空间范围,,,,
rel-001042,obs-gdp-tertiary-2013-Q1,period-2013-Q1,AT_TIME,观测统计期,,,,
rel-001043,obs-gdp-tertiary-2013-Q1,source-tertiary-xlsx,FROM_SOURCE,数据来源,,,,
rel-001044,obs-gdp-primary-2013-Q2,indicator-gdp-primary,MEASURES,观测对应指标,,,,
rel-001045,obs-gdp-primary-2013-Q2,region-zhejiang,OBSERVED_IN,观测空间范围,,,,
rel-001046,obs-gdp-primary-2013-Q2,period-2013-Q2,AT_TIME,观测统计期,,,,
rel-001047,obs-gdp-primary-2013-Q2,source-primary-xlsx,FROM_SOURCE,数据来源,,,,
rel-001048,obs-gdp-secondary-2013-Q2,indicator-gdp-secondary,MEASURES,观测对应指标,,,,
rel-001049,obs-gdp-secondary-2013-Q2,region-zhejiang,OBSERVED_IN,观测空间范围,,,,
rel-001050,obs-gdp-secondary-2013-Q2,period-2013-Q2,AT_TIME,观测统计期,,,,
rel-001051,obs-gdp-secondary-2013-Q2,source-secondary-xlsx,FROM_SOURCE,数据来源,,,,
rel-001052,obs-gdp-tertiary-2013-Q2,indicator-gdp-tertiary,MEASURES,观测对应指标,,,,
rel-001053,obs-gdp-tertiary-2013-Q2,region-zhejiang,OBSERVED_IN,观测空间范围,,,,
rel-001054,obs-gdp-tertiary-2013-Q2,period-2013-Q2,AT_TIME,观测统计期,,,,
rel-001055,obs-gdp-tertiary-2013-Q2,source-tertiary-xlsx,FROM_SOURCE,数据来源,,,,
rel-001056,obs-gdp-primary-2013-Q3,indicator-gdp-primary,MEASURES,观测对应指标,,,,
rel-001057,obs-gdp-primary-2013-Q3,region-zhejiang,OBSERVED_IN,观测空间范围,,,,
rel-001058,obs-gdp-primary-2013-Q3,period-2013-Q3,AT_TIME,观测统计期,,,,
rel-001059,obs-gdp-primary-2013-Q3,source-primary-xlsx,FROM_SOURCE,数据来源,,,,
rel-001060,obs-gdp-secondary-2013-Q3,indicator-gdp-secondary,MEASURES,观测对应指标,,,,
rel-001061,obs-gdp-secondary-2013-Q3,region-zhejiang,OBSERVED_IN,观测空间范围,,,,
rel-001062,obs-gdp-secondary-2013-Q3,period-2013-Q3,AT_TIME,观测统计期,,,,
rel-001063,obs-gdp-secondary-2013-Q3,source-secondary-xlsx,FROM_SOURCE,数据来源,,,,
rel-001064,obs-gdp-tertiary-2013-Q3,indicator-gdp-tertiary,MEASURES,观测对应指标,,,,
rel-001065,obs-gdp-tertiary-2013-Q3,region-zhejiang,OBSERVED_IN,观测空间范围,,,,
rel-001066,obs-gdp-tertiary-2013-Q3,period-2013-Q3,AT_TIME,观测统计期,,,,
rel-001067,obs-gdp-tertiary-2013-Q3,source-tertiary-xlsx,FROM_SOURCE,数据来源,,,,
rel-001068,obs-gdp-primary-2013-Q4,indicator-gdp-primary,MEASURES,观测对应指标,,,,
rel-001069,obs-gdp-primary-2013-Q4,region-zhejiang,OBSERVED_IN,观测空间范围,,,,
rel-001070,obs-gdp-primary-2013-Q4,period-2013-Q4,AT_TIME,观测统计期,,,,
rel-001071,obs-gdp-primary-2013-Q4,source-primary-xlsx,FROM_SOURCE,数据来源,,,,
rel-001072,obs-gdp-secondary-2013-Q4,indicator-gdp-secondary,MEASURES,观测对应指标,,,,
rel-001073,obs-gdp-secondary-2013-Q4,region-zhejiang,OBSERVED_IN,观测空间范围,,,,
rel-001074,obs-gdp-secondary-2013-Q4,period-2013-Q4,AT_TIME,观测统计期,,,,
rel-001075,obs-gdp-secondary-2013-Q4,source-secondary-xlsx,FROM_SOURCE,数据来源,,,,
rel-001076,obs-gdp-tertiary-2013-Q4,indicator-gdp-tertiary,MEASURES,观测对应指标,,,,
rel-001077,obs-gdp-tertiary-2013-Q4,region-zhejiang,OBSERVED_IN,观测空间范围,,,,
rel-001078,obs-gdp-tertiary-2013-Q4,period-2013-Q4,AT_TIME,观测统计期,,,,
rel-001079,obs-gdp-tertiary-2013-Q4,source-tertiary-xlsx,FROM_SOURCE,数据来源,,,,
rel-001080,obs-gdp-primary-2014-Q1,indicator-gdp-primary,MEASURES,观测对应指标,,,,
rel-001081,obs-gdp-primary-2014-Q1,region-zhejiang,OBSERVED_IN,观测空间范围,,,,
rel-001082,obs-gdp-primary-2014-Q1,period-2014-Q1,AT_TIME,观测统计期,,,,
rel-001083,obs-gdp-primary-2014-Q1,source-primary-xlsx,FROM_SOURCE,数据来源,,,,
rel-001084,obs-gdp-secondary-2014-Q1,indicator-gdp-secondary,MEASURES,观测对应指标,,,,
rel-001085,obs-gdp-secondary-2014-Q1,region-zhejiang,OBSERVED_IN,观测空间范围,,,,
rel-001086,obs-gdp-secondary-2014-Q1,period-2014-Q1,AT_TIME,观测统计期,,,,
rel-001087,obs-gdp-secondary-2014-Q1,source-secondary-xlsx,FROM_SOURCE,数据来源,,,,
rel-001088,obs-gdp-tertiary-2014-Q1,indicator-gdp-tertiary,MEASURES,观测对应指标,,,,
rel-001089,obs-gdp-tertiary-2014-Q1,region-zhejiang,OBSERVED_IN,观测空间范围,,,,
rel-001090,obs-gdp-tertiary-2014-Q1,period-2014-Q1,AT_TIME,观测统计期,,,,
rel-001091,obs-gdp-tertiary-2014-Q1,source-tertiary-xlsx,FROM_SOURCE,数据来源,,,,
rel-001092,obs-gdp-primary-2014-Q2,indicator-gdp-primary,MEASURES,观测对应指标,,,,
rel-001093,obs-gdp-primary-2014-Q2,region-zhejiang,OBSERVED_IN,观测空间范围,,,,
rel-001094,obs-gdp-primary-2014-Q2,period-2014-Q2,AT_TIME,观测统计期,,,,
rel-001095,obs-gdp-primary-2014-Q2,source-primary-xlsx,FROM_SOURCE,数据来源,,,,
rel-001096,obs-gdp-secondary-2014-Q2,indicator-gdp-secondary,MEASURES,观测对应指标,,,,
rel-001097,obs-gdp-secondary-2014-Q2,region-zhejiang,OBSERVED_IN,观测空间范围,,,,
rel-001098,obs-gdp-secondary-2014-Q2,period-2014-Q2,AT_TIME,观测统计期,,,,
rel-001099,obs-gdp-secondary-2014-Q2,source-secondary-xlsx,FROM_SOURCE,数据来源,,,,
rel-001100,obs-gdp-tertiary-2014-Q2,indicator-gdp-tertiary,MEASURES,观测对应指标,,,,
rel-001101,obs-gdp-tertiary-2014-Q2,region-zhejiang,OBSERVED_IN,观测空间范围,,,,
rel-001102,obs-gdp-tertiary-2014-Q2,period-2014-Q2,AT_TIME,观测统计期,,,,
rel-001103,obs-gdp-tertiary-2014-Q2,source-tertiary-xlsx,FROM_SOURCE,数据来源,,,,
rel-001104,obs-gdp-primary-2014-Q3,indicator-gdp-primary,MEASURES,观测对应指标,,,,
rel-001105,obs-gdp-primary-2014-Q3,region-zhejiang,OBSERVED_IN,观测空间范围,,,,
rel-001106,obs-gdp-primary-2014-Q3,period-2014-Q3,AT_TIME,观测统计期,,,,
rel-001107,obs-gdp-primary-2014-Q3,source-primary-xlsx,FROM_SOURCE,数据来源,,,,
rel-001108,obs-gdp-secondary-2014-Q3,indicator-gdp-secondary,MEASURES,观测对应指标,,,,
rel-001109,obs-gdp-secondary-2014-Q3,region-zhejiang,OBSERVED_IN,观测空间范围,,,,
rel-001110,obs-gdp-secondary-2014-Q3,period-2014-Q3,AT_TIME,观测统计期,,,,
rel-001111,obs-gdp-secondary-2014-Q3,source-secondary-xlsx,FROM_SOURCE,数据来源,,,,
rel-001112,obs-gdp-tertiary-2014-Q3,indicator-gdp-tertiary,MEASURES,观测对应指标,,,,
rel-001113,obs-gdp-tertiary-2014-Q3,region-zhejiang,OBSERVED_IN,观测空间范围,,,,
rel-001114,obs-gdp-tertiary-2014-Q3,period-2014-Q3,AT_TIME,观测统计期,,,,
rel-001115,obs-gdp-tertiary-2014-Q3,source-tertiary-xlsx,FROM_SOURCE,数据来源,,,,
rel-001116,obs-gdp-primary-2014-Q4,indicator-gdp-primary,MEASURES,观测对应指标,,,,
rel-001117,obs-gdp-primary-2014-Q4,region-zhejiang,OBSERVED_IN,观测空间范围,,,,
rel-001118,obs-gdp-primary-2014-Q4,period-2014-Q4,AT_TIME,观测统计期,,,,
rel-001119,obs-gdp-primary-2014-Q4,source-primary-xlsx,FROM_SOURCE,数据来源,,,,
rel-001120,obs-gdp-secondary-2014-Q4,indicator-gdp-secondary,MEASURES,观测对应指标,,,,
rel-001121,obs-gdp-secondary-2014-Q4,region-zhejiang,OBSERVED_IN,观测空间范围,,,,
rel-001122,obs-gdp-secondary-2014-Q4,period-2014-Q4,AT_TIME,观测统计期,,,,
rel-001123,obs-gdp-secondary-2014-Q4,source-secondary-xlsx,FROM_SOURCE,数据来源,,,,
rel-001124,obs-gdp-tertiary-2014-Q4,indicator-gdp-tertiary,MEASURES,观测对应指标,,,,
rel-001125,obs-gdp-tertiary-2014-Q4,region-zhejiang,OBSERVED_IN,观测空间范围,,,,
rel-001126,obs-gdp-tertiary-2014-Q4,period-2014-Q4,AT_TIME,观测统计期,,,,
rel-001127,obs-gdp-tertiary-2014-Q4,source-tertiary-xlsx,FROM_SOURCE,数据来源,,,,
rel-001128,obs-gdp-primary-2015-Q1,indicator-gdp-primary,MEASURES,观测对应指标,,,,
rel-001129,obs-gdp-primary-2015-Q1,region-zhejiang,OBSERVED_IN,观测空间范围,,,,
rel-001130,obs-gdp-primary-2015-Q1,period-2015-Q1,AT_TIME,观测统计期,,,,
rel-001131,obs-gdp-primary-2015-Q1,source-primary-xlsx,FROM_SOURCE,数据来源,,,,
rel-001132,obs-gdp-secondary-2015-Q1,indicator-gdp-secondary,MEASURES,观测对应指标,,,,
rel-001133,obs-gdp-secondary-2015-Q1,region-zhejiang,OBSERVED_IN,观测空间范围,,,,
rel-001134,obs-gdp-secondary-2015-Q1,period-2015-Q1,AT_TIME,观测统计期,,,,
rel-001135,obs-gdp-secondary-2015-Q1,source-secondary-xlsx,FROM_SOURCE,数据来源,,,,
rel-001136,obs-gdp-tertiary-2015-Q1,indicator-gdp-tertiary,MEASURES,观测对应指标,,,,
rel-001137,obs-gdp-tertiary-2015-Q1,region-zhejiang,OBSERVED_IN,观测空间范围,,,,
rel-001138,obs-gdp-tertiary-2015-Q1,period-2015-Q1,AT_TIME,观测统计期,,,,
rel-001139,obs-gdp-tertiary-2015-Q1,source-tertiary-xlsx,FROM_SOURCE,数据来源,,,,
rel-001140,obs-gdp-primary-2015-Q2,indicator-gdp-primary,MEASURES,观测对应指标,,,,
rel-001141,obs-gdp-primary-2015-Q2,region-zhejiang,OBSERVED_IN,观测空间范围,,,,
rel-001142,obs-gdp-primary-2015-Q2,period-2015-Q2,AT_TIME,观测统计期,,,,
rel-001143,obs-gdp-primary-2015-Q2,source-primary-xlsx,FROM_SOURCE,数据来源,,,,
rel-001144,obs-gdp-secondary-2015-Q2,indicator-gdp-secondary,MEASURES,观测对应指标,,,,
rel-001145,obs-gdp-secondary-2015-Q2,region-zhejiang,OBSERVED_IN,观测空间范围,,,,
rel-001146,obs-gdp-secondary-2015-Q2,period-2015-Q2,AT_TIME,观测统计期,,,,
rel-001147,obs-gdp-secondary-2015-Q2,source-secondary-xlsx,FROM_SOURCE,数据来源,,,,
rel-001148,obs-gdp-tertiary-2015-Q2,indicator-gdp-tertiary,MEASURES,观测对应指标,,,,
rel-001149,obs-gdp-tertiary-2015-Q2,region-zhejiang,OBSERVED_IN,观测空间范围,,,,
rel-001150,obs-gdp-tertiary-2015-Q2,period-2015-Q2,AT_TIME,观测统计期,,,,
rel-001151,obs-gdp-tertiary-2015-Q2,source-tertiary-xlsx,FROM_SOURCE,数据来源,,,,
rel-001152,obs-gdp-primary-2015-Q3,indicator-gdp-primary,MEASURES,观测对应指标,,,,
rel-001153,obs-gdp-primary-2015-Q3,region-zhejiang,OBSERVED_IN,观测空间范围,,,,
rel-001154,obs-gdp-primary-2015-Q3,period-2015-Q3,AT_TIME,观测统计期,,,,
rel-001155,obs-gdp-primary-2015-Q3,source-primary-xlsx,FROM_SOURCE,数据来源,,,,
rel-001156,obs-gdp-secondary-2015-Q3,indicator-gdp-secondary,MEASURES,观测对应指标,,,,
rel-001157,obs-gdp-secondary-2015-Q3,region-zhejiang,OBSERVED_IN,观测空间范围,,,,
rel-001158,obs-gdp-secondary-2015-Q3,period-2015-Q3,AT_TIME,观测统计期,,,,
rel-001159,obs-gdp-secondary-2015-Q3,source-secondary-xlsx,FROM_SOURCE,数据来源,,,,
rel-001160,obs-gdp-tertiary-2015-Q3,indicator-gdp-tertiary,MEASURES,观测对应指标,,,,
rel-001161,obs-gdp-tertiary-2015-Q3,region-zhejiang,OBSERVED_IN,观测空间范围,,,,
rel-001162,obs-gdp-tertiary-2015-Q3,period-2015-Q3,AT_TIME,观测统计期,,,,
rel-001163,obs-gdp-tertiary-2015-Q3,source-tertiary-xlsx,FROM_SOURCE,数据来源,,,,
rel-001164,obs-gdp-primary-2015-Q4,indicator-gdp-primary,MEASURES,观测对应指标,,,,
rel-001165,obs-gdp-primary-2015-Q4,region-zhejiang,OBSERVED_IN,观测空间范围,,,,
rel-001166,obs-gdp-primary-2015-Q4,period-2015-Q4,AT_TIME,观测统计期,,,,
rel-001167,obs-gdp-primary-2015-Q4,source-primary-xlsx,FROM_SOURCE,数据来源,,,,
rel-001168,obs-gdp-secondary-2015-Q4,indicator-gdp-secondary,MEASURES,观测对应指标,,,,
rel-001169,obs-gdp-secondary-2015-Q4,region-zhejiang,OBSERVED_IN,观测空间范围,,,,
rel-001170,obs-gdp-secondary-2015-Q4,period-2015-Q4,AT_TIME,观测统计期,,,,
rel-001171,obs-gdp-secondary-2015-Q4,source-secondary-xlsx,FROM_SOURCE,数据来源,,,,
rel-001172,obs-gdp-tertiary-2015-Q4,indicator-gdp-tertiary,MEASURES,观测对应指标,,,,
rel-001173,obs-gdp-tertiary-2015-Q4,region-zhejiang,OBSERVED_IN,观测空间范围,,,,
rel-001174,obs-gdp-tertiary-2015-Q4,period-2015-Q4,AT_TIME,观测统计期,,,,
rel-001175,obs-gdp-tertiary-2015-Q4,source-tertiary-xlsx,FROM_SOURCE,数据来源,,,,
rel-001176,obs-gdp-primary-2016-Q1,indicator-gdp-primary,MEASURES,观测对应指标,,,,
rel-001177,obs-gdp-primary-2016-Q1,region-zhejiang,OBSERVED_IN,观测空间范围,,,,
rel-001178,obs-gdp-primary-2016-Q1,period-2016-Q1,AT_TIME,观测统计期,,,,
rel-001179,obs-gdp-primary-2016-Q1,source-primary-xlsx,FROM_SOURCE,数据来源,,,,
rel-001180,obs-gdp-secondary-2016-Q1,indicator-gdp-secondary,MEASURES,观测对应指标,,,,
rel-001181,obs-gdp-secondary-2016-Q1,region-zhejiang,OBSERVED_IN,观测空间范围,,,,
rel-001182,obs-gdp-secondary-2016-Q1,period-2016-Q1,AT_TIME,观测统计期,,,,
rel-001183,obs-gdp-secondary-2016-Q1,source-secondary-xlsx,FROM_SOURCE,数据来源,,,,
rel-001184,obs-gdp-tertiary-2016-Q1,indicator-gdp-tertiary,MEASURES,观测对应指标,,,,
rel-001185,obs-gdp-tertiary-2016-Q1,region-zhejiang,OBSERVED_IN,观测空间范围,,,,
rel-001186,obs-gdp-tertiary-2016-Q1,period-2016-Q1,AT_TIME,观测统计期,,,,
rel-001187,obs-gdp-tertiary-2016-Q1,source-tertiary-xlsx,FROM_SOURCE,数据来源,,,,
rel-001188,obs-gdp-primary-2016-Q2,indicator-gdp-primary,MEASURES,观测对应指标,,,,
rel-001189,obs-gdp-primary-2016-Q2,region-zhejiang,OBSERVED_IN,观测空间范围,,,,
rel-001190,obs-gdp-primary-2016-Q2,period-2016-Q2,AT_TIME,观测统计期,,,,
rel-001191,obs-gdp-primary-2016-Q2,source-primary-xlsx,FROM_SOURCE,数据来源,,,,
rel-001192,obs-gdp-secondary-2016-Q2,indicator-gdp-secondary,MEASURES,观测对应指标,,,,
rel-001193,obs-gdp-secondary-2016-Q2,region-zhejiang,OBSERVED_IN,观测空间范围,,,,
rel-001194,obs-gdp-secondary-2016-Q2,period-2016-Q2,AT_TIME,观测统计期,,,,
rel-001195,obs-gdp-secondary-2016-Q2,source-secondary-xlsx,FROM_SOURCE,数据来源,,,,
rel-001196,obs-gdp-tertiary-2016-Q2,indicator-gdp-tertiary,MEASURES,观测对应指标,,,,
rel-001197,obs-gdp-tertiary-2016-Q2,region-zhejiang,OBSERVED_IN,观测空间范围,,,,
rel-001198,obs-gdp-tertiary-2016-Q2,period-2016-Q2,AT_TIME,观测统计期,,,,
rel-001199,obs-gdp-tertiary-2016-Q2,source-tertiary-xlsx,FROM_SOURCE,数据来源,,,,
rel-001200,obs-gdp-primary-2016-Q3,indicator-gdp-primary,MEASURES,观测对应指标,,,,
rel-001201,obs-gdp-primary-2016-Q3,region-zhejiang,OBSERVED_IN,观测空间范围,,,,
rel-001202,obs-gdp-primary-2016-Q3,period-2016-Q3,AT_TIME,观测统计期,,,,
rel-001203,obs-gdp-primary-2016-Q3,source-primary-xlsx,FROM_SOURCE,数据来源,,,,
rel-001204,obs-gdp-secondary-2016-Q3,indicator-gdp-secondary,MEASURES,观测对应指标,,,,
rel-001205,obs-gdp-secondary-2016-Q3,region-zhejiang,OBSERVED_IN,观测空间范围,,,,
rel-001206,obs-gdp-secondary-2016-Q3,period-2016-Q3,AT_TIME,观测统计期,,,,
rel-001207,obs-gdp-secondary-2016-Q3,source-secondary-xlsx,FROM_SOURCE,数据来源,,,,
rel-001208,obs-gdp-tertiary-2016-Q3,indicator-gdp-tertiary,MEASURES,观测对应指标,,,,
rel-001209,obs-gdp-tertiary-2016-Q3,region-zhejiang,OBSERVED_IN,观测空间范围,,,,
rel-001210,obs-gdp-tertiary-2016-Q3,period-2016-Q3,AT_TIME,观测统计期,,,,
rel-001211,obs-gdp-tertiary-2016-Q3,source-tertiary-xlsx,FROM_SOURCE,数据来源,,,,
rel-001212,obs-gdp-primary-2016-Q4,indicator-gdp-primary,MEASURES,观测对应指标,,,,
rel-001213,obs-gdp-primary-2016-Q4,region-zhejiang,OBSERVED_IN,观测空间范围,,,,
rel-001214,obs-gdp-primary-2016-Q4,period-2016-Q4,AT_TIME,观测统计期,,,,
rel-001215,obs-gdp-primary-2016-Q4,source-primary-xlsx,FROM_SOURCE,数据来源,,,,
rel-001216,obs-gdp-secondary-2016-Q4,indicator-gdp-secondary,MEASURES,观测对应指标,,,,
rel-001217,obs-gdp-secondary-2016-Q4,region-zhejiang,OBSERVED_IN,观测空间范围,,,,
rel-001218,obs-gdp-secondary-2016-Q4,period-2016-Q4,AT_TIME,观测统计期,,,,
rel-001219,obs-gdp-secondary-2016-Q4,source-secondary-xlsx,FROM_SOURCE,数据来源,,,,
rel-001220,obs-gdp-tertiary-2016-Q4,indicator-gdp-tertiary,MEASURES,观测对应指标,,,,
rel-001221,obs-gdp-tertiary-2016-Q4,region-zhejiang,OBSERVED_IN,观测空间范围,,,,
rel-001222,obs-gdp-tertiary-2016-Q4,period-2016-Q4,AT_TIME,观测统计期,,,,
rel-001223,obs-gdp-tertiary-2016-Q4,source-tertiary-xlsx,FROM_SOURCE,数据来源,,,,
rel-001224,obs-gdp-primary-2017-Q1,indicator-gdp-primary,MEASURES,观测对应指标,,,,
rel-001225,obs-gdp-primary-2017-Q1,region-zhejiang,OBSERVED_IN,观测空间范围,,,,
rel-001226,obs-gdp-primary-2017-Q1,period-2017-Q1,AT_TIME,观测统计期,,,,
rel-001227,obs-gdp-primary-2017-Q1,source-primary-xlsx,FROM_SOURCE,数据来源,,,,
rel-001228,obs-gdp-secondary-2017-Q1,indicator-gdp-secondary,MEASURES,观测对应指标,,,,
rel-001229,obs-gdp-secondary-2017-Q1,region-zhejiang,OBSERVED_IN,观测空间范围,,,,
rel-001230,obs-gdp-secondary-2017-Q1,period-2017-Q1,AT_TIME,观测统计期,,,,
rel-001231,obs-gdp-secondary-2017-Q1,source-secondary-xlsx,FROM_SOURCE,数据来源,,,,
rel-001232,obs-gdp-tertiary-2017-Q1,indicator-gdp-tertiary,MEASURES,观测对应指标,,,,
rel-001233,obs-gdp-tertiary-2017-Q1,region-zhejiang,OBSERVED_IN,观测空间范围,,,,
rel-001234,obs-gdp-tertiary-2017-Q1,period-2017-Q1,AT_TIME,观测统计期,,,,
rel-001235,obs-gdp-tertiary-2017-Q1,source-tertiary-xlsx,FROM_SOURCE,数据来源,,,,
rel-001236,obs-gdp-primary-2017-Q2,indicator-gdp-primary,MEASURES,观测对应指标,,,,
rel-001237,obs-gdp-primary-2017-Q2,region-zhejiang,OBSERVED_IN,观测空间范围,,,,
rel-001238,obs-gdp-primary-2017-Q2,period-2017-Q2,AT_TIME,观测统计期,,,,
rel-001239,obs-gdp-primary-2017-Q2,source-primary-xlsx,FROM_SOURCE,数据来源,,,,
rel-001240,obs-gdp-secondary-2017-Q2,indicator-gdp-secondary,MEASURES,观测对应指标,,,,
rel-001241,obs-gdp-secondary-2017-Q2,region-zhejiang,OBSERVED_IN,观测空间范围,,,,
rel-001242,obs-gdp-secondary-2017-Q2,period-2017-Q2,AT_TIME,观测统计期,,,,
rel-001243,obs-gdp-secondary-2017-Q2,source-secondary-xlsx,FROM_SOURCE,数据来源,,,,
rel-001244,obs-gdp-tertiary-2017-Q2,indicator-gdp-tertiary,MEASURES,观测对应指标,,,,
rel-001245,obs-gdp-tertiary-2017-Q2,region-zhejiang,OBSERVED_IN,观测空间范围,,,,
rel-001246,obs-gdp-tertiary-2017-Q2,period-2017-Q2,AT_TIME,观测统计期,,,,
rel-001247,obs-gdp-tertiary-2017-Q2,source-tertiary-xlsx,FROM_SOURCE,数据来源,,,,
rel-001248,obs-gdp-primary-2017-Q3,indicator-gdp-primary,MEASURES,观测对应指标,,,,
rel-001249,obs-gdp-primary-2017-Q3,region-zhejiang,OBSERVED_IN,观测空间范围,,,,
rel-001250,obs-gdp-primary-2017-Q3,period-2017-Q3,AT_TIME,观测统计期,,,,
rel-001251,obs-gdp-primary-2017-Q3,source-primary-xlsx,FROM_SOURCE,数据来源,,,,
rel-001252,obs-gdp-secondary-2017-Q3,indicator-gdp-secondary,MEASURES,观测对应指标,,,,
rel-001253,obs-gdp-secondary-2017-Q3,region-zhejiang,OBSERVED_IN,观测空间范围,,,,
rel-001254,obs-gdp-secondary-2017-Q3,period-2017-Q3,AT_TIME,观测统计期,,,,
rel-001255,obs-gdp-secondary-2017-Q3,source-secondary-xlsx,FROM_SOURCE,数据来源,,,,
rel-001256,obs-gdp-tertiary-2017-Q3,indicator-gdp-tertiary,MEASURES,观测对应指标,,,,
rel-001257,obs-gdp-tertiary-2017-Q3,region-zhejiang,OBSERVED_IN,观测空间范围,,,,
rel-001258,obs-gdp-tertiary-2017-Q3,period-2017-Q3,AT_TIME,观测统计期,,,,
rel-001259,obs-gdp-tertiary-2017-Q3,source-tertiary-xlsx,FROM_SOURCE,数据来源,,,,
rel-001260,obs-gdp-primary-2017-Q4,indicator-gdp-primary,MEASURES,观测对应指标,,,,
rel-001261,obs-gdp-primary-2017-Q4,region-zhejiang,OBSERVED_IN,观测空间范围,,,,
rel-001262,obs-gdp-primary-2017-Q4,period-2017-Q4,AT_TIME,观测统计期,,,,
rel-001263,obs-gdp-primary-2017-Q4,source-primary-xlsx,FROM_SOURCE,数据来源,,,,
rel-001264,obs-gdp-secondary-2017-Q4,indicator-gdp-secondary,MEASURES,观测对应指标,,,,
rel-001265,obs-gdp-secondary-2017-Q4,region-zhejiang,OBSERVED_IN,观测空间范围,,,,
rel-001266,obs-gdp-secondary-2017-Q4,period-2017-Q4,AT_TIME,观测统计期,,,,
rel-001267,obs-gdp-secondary-2017-Q4,source-secondary-xlsx,FROM_SOURCE,数据来源,,,,
rel-001268,obs-gdp-tertiary-2017-Q4,indicator-gdp-tertiary,MEASURES,观测对应指标,,,,
rel-001269,obs-gdp-tertiary-2017-Q4,region-zhejiang,OBSERVED_IN,观测空间范围,,,,
rel-001270,obs-gdp-tertiary-2017-Q4,period-2017-Q4,AT_TIME,观测统计期,,,,
rel-001271,obs-gdp-tertiary-2017-Q4,source-tertiary-xlsx,FROM_SOURCE,数据来源,,,,
rel-001272,obs-gdp-primary-2018-Q1,indicator-gdp-primary,MEASURES,观测对应指标,,,,
rel-001273,obs-gdp-primary-2018-Q1,region-zhejiang,OBSERVED_IN,观测空间范围,,,,
rel-001274,obs-gdp-primary-2018-Q1,period-2018-Q1,AT_TIME,观测统计期,,,,
rel-001275,obs-gdp-primary-2018-Q1,source-primary-xlsx,FROM_SOURCE,数据来源,,,,
rel-001276,obs-gdp-secondary-2018-Q1,indicator-gdp-secondary,MEASURES,观测对应指标,,,,
rel-001277,obs-gdp-secondary-2018-Q1,region-zhejiang,OBSERVED_IN,观测空间范围,,,,
rel-001278,obs-gdp-secondary-2018-Q1,period-2018-Q1,AT_TIME,观测统计期,,,,
rel-001279,obs-gdp-secondary-2018-Q1,source-secondary-xlsx,FROM_SOURCE,数据来源,,,,
rel-001280,obs-gdp-tertiary-2018-Q1,indicator-gdp-tertiary,MEASURES,观测对应指标,,,,
rel-001281,obs-gdp-tertiary-2018-Q1,region-zhejiang,OBSERVED_IN,观测空间范围,,,,
rel-001282,obs-gdp-tertiary-2018-Q1,period-2018-Q1,AT_TIME,观测统计期,,,,
rel-001283,obs-gdp-tertiary-2018-Q1,source-tertiary-xlsx,FROM_SOURCE,数据来源,,,,
rel-001284,obs-gdp-primary-2018-Q2,indicator-gdp-primary,MEASURES,观测对应指标,,,,
rel-001285,obs-gdp-primary-2018-Q2,region-zhejiang,OBSERVED_IN,观测空间范围,,,,
rel-001286,obs-gdp-primary-2018-Q2,period-2018-Q2,AT_TIME,观测统计期,,,,
rel-001287,obs-gdp-primary-2018-Q2,source-primary-xlsx,FROM_SOURCE,数据来源,,,,
rel-001288,obs-gdp-secondary-2018-Q2,indicator-gdp-secondary,MEASURES,观测对应指标,,,,
rel-001289,obs-gdp-secondary-2018-Q2,region-zhejiang,OBSERVED_IN,观测空间范围,,,,
rel-001290,obs-gdp-secondary-2018-Q2,period-2018-Q2,AT_TIME,观测统计期,,,,
rel-001291,obs-gdp-secondary-2018-Q2,source-secondary-xlsx,FROM_SOURCE,数据来源,,,,
rel-001292,obs-gdp-tertiary-2018-Q2,indicator-gdp-tertiary,MEASURES,观测对应指标,,,,
rel-001293,obs-gdp-tertiary-2018-Q2,region-zhejiang,OBSERVED_IN,观测空间范围,,,,
rel-001294,obs-gdp-tertiary-2018-Q2,period-2018-Q2,AT_TIME,观测统计期,,,,
rel-001295,obs-gdp-tertiary-2018-Q2,source-tertiary-xlsx,FROM_SOURCE,数据来源,,,,
rel-001296,obs-gdp-primary-2018-Q3,indicator-gdp-primary,MEASURES,观测对应指标,,,,
rel-001297,obs-gdp-primary-2018-Q3,region-zhejiang,OBSERVED_IN,观测空间范围,,,,
rel-001298,obs-gdp-primary-2018-Q3,period-2018-Q3,AT_TIME,观测统计期,,,,
rel-001299,obs-gdp-primary-2018-Q3,source-primary-xlsx,FROM_SOURCE,数据来源,,,,
rel-001300,obs-gdp-secondary-2018-Q3,indicator-gdp-secondary,MEASURES,观测对应指标,,,,
rel-001301,obs-gdp-secondary-2018-Q3,region-zhejiang,OBSERVED_IN,观测空间范围,,,,
rel-001302,obs-gdp-secondary-2018-Q3,period-2018-Q3,AT_TIME,观测统计期,,,,
rel-001303,obs-gdp-secondary-2018-Q3,source-secondary-xlsx,FROM_SOURCE,数据来源,,,,
rel-001304,obs-gdp-tertiary-2018-Q3,indicator-gdp-tertiary,MEASURES,观测对应指标,,,,
rel-001305,obs-gdp-tertiary-2018-Q3,region-zhejiang,OBSERVED_IN,观测空间范围,,,,
rel-001306,obs-gdp-tertiary-2018-Q3,period-2018-Q3,AT_TIME,观测统计期,,,,
rel-001307,obs-gdp-tertiary-2018-Q3,source-tertiary-xlsx,FROM_SOURCE,数据来源,,,,
rel-001308,obs-gdp-primary-2018-Q4,indicator-gdp-primary,MEASURES,观测对应指标,,,,
rel-001309,obs-gdp-primary-2018-Q4,region-zhejiang,OBSERVED_IN,观测空间范围,,,,
rel-001310,obs-gdp-primary-2018-Q4,period-2018-Q4,AT_TIME,观测统计期,,,,
rel-001311,obs-gdp-primary-2018-Q4,source-primary-xlsx,FROM_SOURCE,数据来源,,,,
rel-001312,obs-gdp-secondary-2018-Q4,indicator-gdp-secondary,MEASURES,观测对应指标,,,,
rel-001313,obs-gdp-secondary-2018-Q4,region-zhejiang,OBSERVED_IN,观测空间范围,,,,
rel-001314,obs-gdp-secondary-2018-Q4,period-2018-Q4,AT_TIME,观测统计期,,,,
rel-001315,obs-gdp-secondary-2018-Q4,source-secondary-xlsx,FROM_SOURCE,数据来源,,,,
rel-001316,obs-gdp-tertiary-2018-Q4,indicator-gdp-tertiary,MEASURES,观测对应指标,,,,
rel-001317,obs-gdp-tertiary-2018-Q4,region-zhejiang,OBSERVED_IN,观测空间范围,,,,
rel-001318,obs-gdp-tertiary-2018-Q4,period-2018-Q4,AT_TIME,观测统计期,,,,
rel-001319,obs-gdp-tertiary-2018-Q4,source-tertiary-xlsx,FROM_SOURCE,数据来源,,,,
rel-001320,obs-gdp-primary-2019-Q1,indicator-gdp-primary,MEASURES,观测对应指标,,,,
rel-001321,obs-gdp-primary-2019-Q1,region-zhejiang,OBSERVED_IN,观测空间范围,,,,
rel-001322,obs-gdp-primary-2019-Q1,period-2019-Q1,AT_TIME,观测统计期,,,,
rel-001323,obs-gdp-primary-2019-Q1,source-primary-xlsx,FROM_SOURCE,数据来源,,,,
rel-001324,obs-gdp-secondary-2019-Q1,indicator-gdp-secondary,MEASURES,观测对应指标,,,,
rel-001325,obs-gdp-secondary-2019-Q1,region-zhejiang,OBSERVED_IN,观测空间范围,,,,
rel-001326,obs-gdp-secondary-2019-Q1,period-2019-Q1,AT_TIME,观测统计期,,,,
rel-001327,obs-gdp-secondary-2019-Q1,source-secondary-xlsx,FROM_SOURCE,数据来源,,,,
rel-001328,obs-gdp-tertiary-2019-Q1,indicator-gdp-tertiary,MEASURES,观测对应指标,,,,
rel-001329,obs-gdp-tertiary-2019-Q1,region-zhejiang,OBSERVED_IN,观测空间范围,,,,
rel-001330,obs-gdp-tertiary-2019-Q1,period-2019-Q1,AT_TIME,观测统计期,,,,
rel-001331,obs-gdp-tertiary-2019-Q1,source-tertiary-xlsx,FROM_SOURCE,数据来源,,,,
rel-001332,obs-gdp-primary-2019-Q2,indicator-gdp-primary,MEASURES,观测对应指标,,,,
rel-001333,obs-gdp-primary-2019-Q2,region-zhejiang,OBSERVED_IN,观测空间范围,,,,
rel-001334,obs-gdp-primary-2019-Q2,period-2019-Q2,AT_TIME,观测统计期,,,,
rel-001335,obs-gdp-primary-2019-Q2,source-primary-xlsx,FROM_SOURCE,数据来源,,,,
rel-001336,obs-gdp-secondary-2019-Q2,indicator-gdp-secondary,MEASURES,观测对应指标,,,,
rel-001337,obs-gdp-secondary-2019-Q2,region-zhejiang,OBSERVED_IN,观测空间范围,,,,
rel-001338,obs-gdp-secondary-2019-Q2,period-2019-Q2,AT_TIME,观测统计期,,,,
rel-001339,obs-gdp-secondary-2019-Q2,source-secondary-xlsx,FROM_SOURCE,数据来源,,,,
rel-001340,obs-gdp-tertiary-2019-Q2,indicator-gdp-tertiary,MEASURES,观测对应指标,,,,
rel-001341,obs-gdp-tertiary-2019-Q2,region-zhejiang,OBSERVED_IN,观测空间范围,,,,
rel-001342,obs-gdp-tertiary-2019-Q2,period-2019-Q2,AT_TIME,观测统计期,,,,
rel-001343,obs-gdp-tertiary-2019-Q2,source-tertiary-xlsx,FROM_SOURCE,数据来源,,,,
rel-001344,obs-gdp-primary-2019-Q3,indicator-gdp-primary,MEASURES,观测对应指标,,,,
rel-001345,obs-gdp-primary-2019-Q3,region-zhejiang,OBSERVED_IN,观测空间范围,,,,
rel-001346,obs-gdp-primary-2019-Q3,period-2019-Q3,AT_TIME,观测统计期,,,,
rel-001347,obs-gdp-primary-2019-Q3,source-primary-xlsx,FROM_SOURCE,数据来源,,,,
rel-001348,obs-gdp-secondary-2019-Q3,indicator-gdp-secondary,MEASURES,观测对应指标,,,,
rel-001349,obs-gdp-secondary-2019-Q3,region-zhejiang,OBSERVED_IN,观测空间范围,,,,
rel-001350,obs-gdp-secondary-2019-Q3,period-2019-Q3,AT_TIME,观测统计期,,,,
rel-001351,obs-gdp-secondary-2019-Q3,source-secondary-xlsx,FROM_SOURCE,数据来源,,,,
rel-001352,obs-gdp-tertiary-2019-Q3,indicator-gdp-tertiary,MEASURES,观测对应指标,,,,
rel-001353,obs-gdp-tertiary-2019-Q3,region-zhejiang,OBSERVED_IN,观测空间范围,,,,
rel-001354,obs-gdp-tertiary-2019-Q3,period-2019-Q3,AT_TIME,观测统计期,,,,
rel-001355,obs-gdp-tertiary-2019-Q3,source-tertiary-xlsx,FROM_SOURCE,数据来源,,,,
rel-001356,obs-gdp-primary-2019-Q4,indicator-gdp-primary,MEASURES,观测对应指标,,,,
rel-001357,obs-gdp-primary-2019-Q4,region-zhejiang,OBSERVED_IN,观测空间范围,,,,
rel-001358,obs-gdp-primary-2019-Q4,period-2019-Q4,AT_TIME,观测统计期,,,,
rel-001359,obs-gdp-primary-2019-Q4,source-primary-xlsx,FROM_SOURCE,数据来源,,,,
rel-001360,obs-gdp-secondary-2019-Q4,indicator-gdp-secondary,MEASURES,观测对应指标,,,,
rel-001361,obs-gdp-secondary-2019-Q4,region-zhejiang,OBSERVED_IN,观测空间范围,,,,
rel-001362,obs-gdp-secondary-2019-Q4,period-2019-Q4,AT_TIME,观测统计期,,,,
rel-001363,obs-gdp-secondary-2019-Q4,source-secondary-xlsx,FROM_SOURCE,数据来源,,,,
rel-001364,obs-gdp-tertiary-2019-Q4,indicator-gdp-tertiary,MEASURES,观测对应指标,,,,
rel-001365,obs-gdp-tertiary-2019-Q4,region-zhejiang,OBSERVED_IN,观测空间范围,,,,
rel-001366,obs-gdp-tertiary-2019-Q4,period-2019-Q4,AT_TIME,观测统计期,,,,
rel-001367,obs-gdp-tertiary-2019-Q4,source-tertiary-xlsx,FROM_SOURCE,数据来源,,,,
rel-001368,obs-gdp-primary-2020-Q1,indicator-gdp-primary,MEASURES,观测对应指标,,,,
rel-001369,obs-gdp-primary-2020-Q1,region-zhejiang,OBSERVED_IN,观测空间范围,,,,
rel-001370,obs-gdp-primary-2020-Q1,period-2020-Q1,AT_TIME,观测统计期,,,,
rel-001371,obs-gdp-primary-2020-Q1,source-primary-xlsx,FROM_SOURCE,数据来源,,,,
rel-001372,obs-gdp-secondary-2020-Q1,indicator-gdp-secondary,MEASURES,观测对应指标,,,,
rel-001373,obs-gdp-secondary-2020-Q1,region-zhejiang,OBSERVED_IN,观测空间范围,,,,
rel-001374,obs-gdp-secondary-2020-Q1,period-2020-Q1,AT_TIME,观测统计期,,,,
rel-001375,obs-gdp-secondary-2020-Q1,source-secondary-xlsx,FROM_SOURCE,数据来源,,,,
rel-001376,obs-gdp-tertiary-2020-Q1,indicator-gdp-tertiary,MEASURES,观测对应指标,,,,
rel-001377,obs-gdp-tertiary-2020-Q1,region-zhejiang,OBSERVED_IN,观测空间范围,,,,
rel-001378,obs-gdp-tertiary-2020-Q1,period-2020-Q1,AT_TIME,观测统计期,,,,
rel-001379,obs-gdp-tertiary-2020-Q1,source-tertiary-xlsx,FROM_SOURCE,数据来源,,,,
rel-001380,obs-gdp-primary-2020-Q2,indicator-gdp-primary,MEASURES,观测对应指标,,,,
rel-001381,obs-gdp-primary-2020-Q2,region-zhejiang,OBSERVED_IN,观测空间范围,,,,
rel-001382,obs-gdp-primary-2020-Q2,period-2020-Q2,AT_TIME,观测统计期,,,,
rel-001383,obs-gdp-primary-2020-Q2,source-primary-xlsx,FROM_SOURCE,数据来源,,,,
rel-001384,obs-gdp-secondary-2020-Q2,indicator-gdp-secondary,MEASURES,观测对应指标,,,,
rel-001385,obs-gdp-secondary-2020-Q2,region-zhejiang,OBSERVED_IN,观测空间范围,,,,
rel-001386,obs-gdp-secondary-2020-Q2,period-2020-Q2,AT_TIME,观测统计期,,,,
rel-001387,obs-gdp-secondary-2020-Q2,source-secondary-xlsx,FROM_SOURCE,数据来源,,,,
rel-001388,obs-gdp-tertiary-2020-Q2,indicator-gdp-tertiary,MEASURES,观测对应指标,,,,
rel-001389,obs-gdp-tertiary-2020-Q2,region-zhejiang,OBSERVED_IN,观测空间范围,,,,
rel-001390,obs-gdp-tertiary-2020-Q2,period-2020-Q2,AT_TIME,观测统计期,,,,
rel-001391,obs-gdp-tertiary-2020-Q2,source-tertiary-xlsx,FROM_SOURCE,数据来源,,,,
rel-001392,obs-gdp-primary-2020-Q3,indicator-gdp-primary,MEASURES,观测对应指标,,,,
rel-001393,obs-gdp-primary-2020-Q3,region-zhejiang,OBSERVED_IN,观测空间范围,,,,
rel-001394,obs-gdp-primary-2020-Q3,period-2020-Q3,AT_TIME,观测统计期,,,,
rel-001395,obs-gdp-primary-2020-Q3,source-primary-xlsx,FROM_SOURCE,数据来源,,,,
rel-001396,obs-gdp-secondary-2020-Q3,indicator-gdp-secondary,MEASURES,观测对应指标,,,,
rel-001397,obs-gdp-secondary-2020-Q3,region-zhejiang,OBSERVED_IN,观测空间范围,,,,
rel-001398,obs-gdp-secondary-2020-Q3,period-2020-Q3,AT_TIME,观测统计期,,,,
rel-001399,obs-gdp-secondary-2020-Q3,source-secondary-xlsx,FROM_SOURCE,数据来源,,,,
rel-001400,obs-gdp-tertiary-2020-Q3,indicator-gdp-tertiary,MEASURES,观测对应指标,,,,
rel-001401,obs-gdp-tertiary-2020-Q3,region-zhejiang,OBSERVED_IN,观测空间范围,,,,
rel-001402,obs-gdp-tertiary-2020-Q3,period-2020-Q3,AT_TIME,观测统计期,,,,
rel-001403,obs-gdp-tertiary-2020-Q3,source-tertiary-xlsx,FROM_SOURCE,数据来源,,,,
rel-001404,obs-gdp-primary-2020-Q4,indicator-gdp-primary,MEASURES,观测对应指标,,,,
rel-001405,obs-gdp-primary-2020-Q4,region-zhejiang,OBSERVED_IN,观测空间范围,,,,
rel-001406,obs-gdp-primary-2020-Q4,period-2020-Q4,AT_TIME,观测统计期,,,,
rel-001407,obs-gdp-primary-2020-Q4,source-primary-xlsx,FROM_SOURCE,数据来源,,,,
rel-001408,obs-gdp-secondary-2020-Q4,indicator-gdp-secondary,MEASURES,观测对应指标,,,,
rel-001409,obs-gdp-secondary-2020-Q4,region-zhejiang,OBSERVED_IN,观测空间范围,,,,
rel-001410,obs-gdp-secondary-2020-Q4,period-2020-Q4,AT_TIME,观测统计期,,,,
rel-001411,obs-gdp-secondary-2020-Q4,source-secondary-xlsx,FROM_SOURCE,数据来源,,,,
rel-001412,obs-gdp-tertiary-2020-Q4,indicator-gdp-tertiary,MEASURES,观测对应指标,,,,
rel-001413,obs-gdp-tertiary-2020-Q4,region-zhejiang,OBSERVED_IN,观测空间范围,,,,
rel-001414,obs-gdp-tertiary-2020-Q4,period-2020-Q4,AT_TIME,观测统计期,,,,
rel-001415,obs-gdp-tertiary-2020-Q4,source-tertiary-xlsx,FROM_SOURCE,数据来源,,,,
rel-001416,obs-gdp-primary-2021-Q1,indicator-gdp-primary,MEASURES,观测对应指标,,,,
rel-001417,obs-gdp-primary-2021-Q1,region-zhejiang,OBSERVED_IN,观测空间范围,,,,
rel-001418,obs-gdp-primary-2021-Q1,period-2021-Q1,AT_TIME,观测统计期,,,,
rel-001419,obs-gdp-primary-2021-Q1,source-primary-xlsx,FROM_SOURCE,数据来源,,,,
rel-001420,obs-gdp-secondary-2021-Q1,indicator-gdp-secondary,MEASURES,观测对应指标,,,,
rel-001421,obs-gdp-secondary-2021-Q1,region-zhejiang,OBSERVED_IN,观测空间范围,,,,
rel-001422,obs-gdp-secondary-2021-Q1,period-2021-Q1,AT_TIME,观测统计期,,,,
rel-001423,obs-gdp-secondary-2021-Q1,source-secondary-xlsx,FROM_SOURCE,数据来源,,,,
rel-001424,obs-gdp-tertiary-2021-Q1,indicator-gdp-tertiary,MEASURES,观测对应指标,,,,
rel-001425,obs-gdp-tertiary-2021-Q1,region-zhejiang,OBSERVED_IN,观测空间范围,,,,
rel-001426,obs-gdp-tertiary-2021-Q1,period-2021-Q1,AT_TIME,观测统计期,,,,
rel-001427,obs-gdp-tertiary-2021-Q1,source-tertiary-xlsx,FROM_SOURCE,数据来源,,,,
rel-001428,obs-gdp-primary-2021-Q2,indicator-gdp-primary,MEASURES,观测对应指标,,,,
rel-001429,obs-gdp-primary-2021-Q2,region-zhejiang,OBSERVED_IN,观测空间范围,,,,
rel-001430,obs-gdp-primary-2021-Q2,period-2021-Q2,AT_TIME,观测统计期,,,,
rel-001431,obs-gdp-primary-2021-Q2,source-primary-xlsx,FROM_SOURCE,数据来源,,,,
rel-001432,obs-gdp-secondary-2021-Q2,indicator-gdp-secondary,MEASURES,观测对应指标,,,,
rel-001433,obs-gdp-secondary-2021-Q2,region-zhejiang,OBSERVED_IN,观测空间范围,,,,
rel-001434,obs-gdp-secondary-2021-Q2,period-2021-Q2,AT_TIME,观测统计期,,,,
rel-001435,obs-gdp-secondary-2021-Q2,source-secondary-xlsx,FROM_SOURCE,数据来源,,,,
rel-001436,obs-gdp-tertiary-2021-Q2,indicator-gdp-tertiary,MEASURES,观测对应指标,,,,
rel-001437,obs-gdp-tertiary-2021-Q2,region-zhejiang,OBSERVED_IN,观测空间范围,,,,
rel-001438,obs-gdp-tertiary-2021-Q2,period-2021-Q2,AT_TIME,观测统计期,,,,
rel-001439,obs-gdp-tertiary-2021-Q2,source-tertiary-xlsx,FROM_SOURCE,数据来源,,,,
rel-001440,obs-gdp-primary-2021-Q3,indicator-gdp-primary,MEASURES,观测对应指标,,,,
rel-001441,obs-gdp-primary-2021-Q3,region-zhejiang,OBSERVED_IN,观测空间范围,,,,
rel-001442,obs-gdp-primary-2021-Q3,period-2021-Q3,AT_TIME,观测统计期,,,,
rel-001443,obs-gdp-primary-2021-Q3,source-primary-xlsx,FROM_SOURCE,数据来源,,,,
rel-001444,obs-gdp-secondary-2021-Q3,indicator-gdp-secondary,MEASURES,观测对应指标,,,,
rel-001445,obs-gdp-secondary-2021-Q3,region-zhejiang,OBSERVED_IN,观测空间范围,,,,
rel-001446,obs-gdp-secondary-2021-Q3,period-2021-Q3,AT_TIME,观测统计期,,,,
rel-001447,obs-gdp-secondary-2021-Q3,source-secondary-xlsx,FROM_SOURCE,数据来源,,,,
rel-001448,obs-gdp-tertiary-2021-Q3,indicator-gdp-tertiary,MEASURES,观测对应指标,,,,
rel-001449,obs-gdp-tertiary-2021-Q3,region-zhejiang,OBSERVED_IN,观测空间范围,,,,
rel-001450,obs-gdp-tertiary-2021-Q3,period-2021-Q3,AT_TIME,观测统计期,,,,
rel-001451,obs-gdp-tertiary-2021-Q3,source-tertiary-xlsx,FROM_SOURCE,数据来源,,,,
rel-001452,obs-gdp-primary-2021-Q4,indicator-gdp-primary,MEASURES,观测对应指标,,,,
rel-001453,obs-gdp-primary-2021-Q4,region-zhejiang,OBSERVED_IN,观测空间范围,,,,
rel-001454,obs-gdp-primary-2021-Q4,period-2021-Q4,AT_TIME,观测统计期,,,,
rel-001455,obs-gdp-primary-2021-Q4,source-primary-xlsx,FROM_SOURCE,数据来源,,,,
rel-001456,obs-gdp-secondary-2021-Q4,indicator-gdp-secondary,MEASURES,观测对应指标,,,,
rel-001457,obs-gdp-secondary-2021-Q4,region-zhejiang,OBSERVED_IN,观测空间范围,,,,
rel-001458,obs-gdp-secondary-2021-Q4,period-2021-Q4,AT_TIME,观测统计期,,,,
rel-001459,obs-gdp-secondary-2021-Q4,source-secondary-xlsx,FROM_SOURCE,数据来源,,,,
rel-001460,obs-gdp-tertiary-2021-Q4,indicator-gdp-tertiary,MEASURES,观测对应指标,,,,
rel-001461,obs-gdp-tertiary-2021-Q4,region-zhejiang,OBSERVED_IN,观测空间范围,,,,
rel-001462,obs-gdp-tertiary-2021-Q4,period-2021-Q4,AT_TIME,观测统计期,,,,
rel-001463,obs-gdp-tertiary-2021-Q4,source-tertiary-xlsx,FROM_SOURCE,数据来源,,,,
rel-001464,obs-gdp-primary-2022-Q1,indicator-gdp-primary,MEASURES,观测对应指标,,,,
rel-001465,obs-gdp-primary-2022-Q1,region-zhejiang,OBSERVED_IN,观测空间范围,,,,
rel-001466,obs-gdp-primary-2022-Q1,period-2022-Q1,AT_TIME,观测统计期,,,,
rel-001467,obs-gdp-primary-2022-Q1,source-primary-xlsx,FROM_SOURCE,数据来源,,,,
rel-001468,obs-gdp-secondary-2022-Q1,indicator-gdp-secondary,MEASURES,观测对应指标,,,,
rel-001469,obs-gdp-secondary-2022-Q1,region-zhejiang,OBSERVED_IN,观测空间范围,,,,
rel-001470,obs-gdp-secondary-2022-Q1,period-2022-Q1,AT_TIME,观测统计期,,,,
rel-001471,obs-gdp-secondary-2022-Q1,source-secondary-xlsx,FROM_SOURCE,数据来源,,,,
rel-001472,obs-gdp-tertiary-2022-Q1,indicator-gdp-tertiary,MEASURES,观测对应指标,,,,
rel-001473,obs-gdp-tertiary-2022-Q1,region-zhejiang,OBSERVED_IN,观测空间范围,,,,
rel-001474,obs-gdp-tertiary-2022-Q1,period-2022-Q1,AT_TIME,观测统计期,,,,
rel-001475,obs-gdp-tertiary-2022-Q1,source-tertiary-xlsx,FROM_SOURCE,数据来源,,,,
rel-001476,obs-gdp-primary-2022-Q2,indicator-gdp-primary,MEASURES,观测对应指标,,,,
rel-001477,obs-gdp-primary-2022-Q2,region-zhejiang,OBSERVED_IN,观测空间范围,,,,
rel-001478,obs-gdp-primary-2022-Q2,period-2022-Q2,AT_TIME,观测统计期,,,,
rel-001479,obs-gdp-primary-2022-Q2,source-primary-xlsx,FROM_SOURCE,数据来源,,,,
rel-001480,obs-gdp-secondary-2022-Q2,indicator-gdp-secondary,MEASURES,观测对应指标,,,,
rel-001481,obs-gdp-secondary-2022-Q2,region-zhejiang,OBSERVED_IN,观测空间范围,,,,
rel-001482,obs-gdp-secondary-2022-Q2,period-2022-Q2,AT_TIME,观测统计期,,,,
rel-001483,obs-gdp-secondary-2022-Q2,source-secondary-xlsx,FROM_SOURCE,数据来源,,,,
rel-001484,obs-gdp-tertiary-2022-Q2,indicator-gdp-tertiary,MEASURES,观测对应指标,,,,
rel-001485,obs-gdp-tertiary-2022-Q2,region-zhejiang,OBSERVED_IN,观测空间范围,,,,
rel-001486,obs-gdp-tertiary-2022-Q2,period-2022-Q2,AT_TIME,观测统计期,,,,
rel-001487,obs-gdp-tertiary-2022-Q2,source-tertiary-xlsx,FROM_SOURCE,数据来源,,,,
rel-001488,obs-gdp-primary-2022-Q3,indicator-gdp-primary,MEASURES,观测对应指标,,,,
rel-001489,obs-gdp-primary-2022-Q3,region-zhejiang,OBSERVED_IN,观测空间范围,,,,
rel-001490,obs-gdp-primary-2022-Q3,period-2022-Q3,AT_TIME,观测统计期,,,,
rel-001491,obs-gdp-primary-2022-Q3,source-primary-xlsx,FROM_SOURCE,数据来源,,,,
rel-001492,obs-gdp-secondary-2022-Q3,indicator-gdp-secondary,MEASURES,观测对应指标,,,,
rel-001493,obs-gdp-secondary-2022-Q3,region-zhejiang,OBSERVED_IN,观测空间范围,,,,
rel-001494,obs-gdp-secondary-2022-Q3,period-2022-Q3,AT_TIME,观测统计期,,,,
rel-001495,obs-gdp-secondary-2022-Q3,source-secondary-xlsx,FROM_SOURCE,数据来源,,,,
rel-001496,obs-gdp-tertiary-2022-Q3,indicator-gdp-tertiary,MEASURES,观测对应指标,,,,
rel-001497,obs-gdp-tertiary-2022-Q3,region-zhejiang,OBSERVED_IN,观测空间范围,,,,
rel-001498,obs-gdp-tertiary-2022-Q3,period-2022-Q3,AT_TIME,观测统计期,,,,
rel-001499,obs-gdp-tertiary-2022-Q3,source-tertiary-xlsx,FROM_SOURCE,数据来源,,,,
rel-001500,obs-gdp-primary-2022-Q4,indicator-gdp-primary,MEASURES,观测对应指标,,,,
rel-001501,obs-gdp-primary-2022-Q4,region-zhejiang,OBSERVED_IN,观测空间范围,,,,
rel-001502,obs-gdp-primary-2022-Q4,period-2022-Q4,AT_TIME,观测统计期,,,,
rel-001503,obs-gdp-primary-2022-Q4,source-primary-xlsx,FROM_SOURCE,数据来源,,,,
rel-001504,obs-gdp-secondary-2022-Q4,indicator-gdp-secondary,MEASURES,观测对应指标,,,,
rel-001505,obs-gdp-secondary-2022-Q4,region-zhejiang,OBSERVED_IN,观测空间范围,,,,
rel-001506,obs-gdp-secondary-2022-Q4,period-2022-Q4,AT_TIME,观测统计期,,,,
rel-001507,obs-gdp-secondary-2022-Q4,source-secondary-xlsx,FROM_SOURCE,数据来源,,,,
rel-001508,obs-gdp-tertiary-2022-Q4,indicator-gdp-tertiary,MEASURES,观测对应指标,,,,
rel-001509,obs-gdp-tertiary-2022-Q4,region-zhejiang,OBSERVED_IN,观测空间范围,,,,
rel-001510,obs-gdp-tertiary-2022-Q4,period-2022-Q4,AT_TIME,观测统计期,,,,
rel-001511,obs-gdp-tertiary-2022-Q4,source-tertiary-xlsx,FROM_SOURCE,数据来源,,,,
rel-001512,obs-gdp-primary-2023-Q1,indicator-gdp-primary,MEASURES,观测对应指标,,,,
rel-001513,obs-gdp-primary-2023-Q1,region-zhejiang,OBSERVED_IN,观测空间范围,,,,
rel-001514,obs-gdp-primary-2023-Q1,period-2023-Q1,AT_TIME,观测统计期,,,,
rel-001515,obs-gdp-primary-2023-Q1,source-primary-xlsx,FROM_SOURCE,数据来源,,,,
rel-001516,obs-gdp-secondary-2023-Q1,indicator-gdp-secondary,MEASURES,观测对应指标,,,,
rel-001517,obs-gdp-secondary-2023-Q1,region-zhejiang,OBSERVED_IN,观测空间范围,,,,
rel-001518,obs-gdp-secondary-2023-Q1,period-2023-Q1,AT_TIME,观测统计期,,,,
rel-001519,obs-gdp-secondary-2023-Q1,source-secondary-xlsx,FROM_SOURCE,数据来源,,,,
rel-001520,obs-gdp-tertiary-2023-Q1,indicator-gdp-tertiary,MEASURES,观测对应指标,,,,
rel-001521,obs-gdp-tertiary-2023-Q1,region-zhejiang,OBSERVED_IN,观测空间范围,,,,
rel-001522,obs-gdp-tertiary-2023-Q1,period-2023-Q1,AT_TIME,观测统计期,,,,
rel-001523,obs-gdp-tertiary-2023-Q1,source-tertiary-xlsx,FROM_SOURCE,数据来源,,,,
rel-001524,obs-gdp-primary-2023-Q2,indicator-gdp-primary,MEASURES,观测对应指标,,,,
rel-001525,obs-gdp-primary-2023-Q2,region-zhejiang,OBSERVED_IN,观测空间范围,,,,
rel-001526,obs-gdp-primary-2023-Q2,period-2023-Q2,AT_TIME,观测统计期,,,,
rel-001527,obs-gdp-primary-2023-Q2,source-primary-xlsx,FROM_SOURCE,数据来源,,,,
rel-001528,obs-gdp-secondary-2023-Q2,indicator-gdp-secondary,MEASURES,观测对应指标,,,,
rel-001529,obs-gdp-secondary-2023-Q2,region-zhejiang,OBSERVED_IN,观测空间范围,,,,
rel-001530,obs-gdp-secondary-2023-Q2,period-2023-Q2,AT_TIME,观测统计期,,,,
rel-001531,obs-gdp-secondary-2023-Q2,source-secondary-xlsx,FROM_SOURCE,数据来源,,,,
rel-001532,obs-gdp-tertiary-2023-Q2,indicator-gdp-tertiary,MEASURES,观测对应指标,,,,
rel-001533,obs-gdp-tertiary-2023-Q2,region-zhejiang,OBSERVED_IN,观测空间范围,,,,
rel-001534,obs-gdp-tertiary-2023-Q2,period-2023-Q2,AT_TIME,观测统计期,,,,
rel-001535,obs-gdp-tertiary-2023-Q2,source-tertiary-xlsx,FROM_SOURCE,数据来源,,,,
rel-001536,obs-gdp-primary-2023-Q3,indicator-gdp-primary,MEASURES,观测对应指标,,,,
rel-001537,obs-gdp-primary-2023-Q3,region-zhejiang,OBSERVED_IN,观测空间范围,,,,
rel-001538,obs-gdp-primary-2023-Q3,period-2023-Q3,AT_TIME,观测统计期,,,,
rel-001539,obs-gdp-primary-2023-Q3,source-primary-xlsx,FROM_SOURCE,数据来源,,,,
rel-001540,obs-gdp-secondary-2023-Q3,indicator-gdp-secondary,MEASURES,观测对应指标,,,,
rel-001541,obs-gdp-secondary-2023-Q3,region-zhejiang,OBSERVED_IN,观测空间范围,,,,
rel-001542,obs-gdp-secondary-2023-Q3,period-2023-Q3,AT_TIME,观测统计期,,,,
rel-001543,obs-gdp-secondary-2023-Q3,source-secondary-xlsx,FROM_SOURCE,数据来源,,,,
rel-001544,obs-gdp-tertiary-2023-Q3,indicator-gdp-tertiary,MEASURES,观测对应指标,,,,
rel-001545,obs-gdp-tertiary-2023-Q3,region-zhejiang,OBSERVED_IN,观测空间范围,,,,
rel-001546,obs-gdp-tertiary-2023-Q3,period-2023-Q3,AT_TIME,观测统计期,,,,
rel-001547,obs-gdp-tertiary-2023-Q3,source-tertiary-xlsx,FROM_SOURCE,数据来源,,,,
rel-001548,obs-gdp-primary-2023-Q4,indicator-gdp-primary,MEASURES,观测对应指标,,,,
rel-001549,obs-gdp-primary-2023-Q4,region-zhejiang,OBSERVED_IN,观测空间范围,,,,
rel-001550,obs-gdp-primary-2023-Q4,period-2023-Q4,AT_TIME,观测统计期,,,,
rel-001551,obs-gdp-primary-2023-Q4,source-primary-xlsx,FROM_SOURCE,数据来源,,,,
rel-001552,obs-gdp-secondary-2023-Q4,indicator-gdp-secondary,MEASURES,观测对应指标,,,,
rel-001553,obs-gdp-secondary-2023-Q4,region-zhejiang,OBSERVED_IN,观测空间范围,,,,
rel-001554,obs-gdp-secondary-2023-Q4,period-2023-Q4,AT_TIME,观测统计期,,,,
rel-001555,obs-gdp-secondary-2023-Q4,source-secondary-xlsx,FROM_SOURCE,数据来源,,,,
rel-001556,obs-gdp-tertiary-2023-Q4,indicator-gdp-tertiary,MEASURES,观测对应指标,,,,
rel-001557,obs-gdp-tertiary-2023-Q4,region-zhejiang,OBSERVED_IN,观测空间范围,,,,
rel-001558,obs-gdp-tertiary-2023-Q4,period-2023-Q4,AT_TIME,观测统计期,,,,
rel-001559,obs-gdp-tertiary-2023-Q4,source-tertiary-xlsx,FROM_SOURCE,数据来源,,,,
rel-001560,obs-gdp-primary-2024-Q1,indicator-gdp-primary,MEASURES,观测对应指标,,,,
rel-001561,obs-gdp-primary-2024-Q1,region-zhejiang,OBSERVED_IN,观测空间范围,,,,
rel-001562,obs-gdp-primary-2024-Q1,period-2024-Q1,AT_TIME,观测统计期,,,,
rel-001563,obs-gdp-primary-2024-Q1,source-primary-xlsx,FROM_SOURCE,数据来源,,,,
rel-001564,obs-gdp-secondary-2024-Q1,indicator-gdp-secondary,MEASURES,观测对应指标,,,,
rel-001565,obs-gdp-secondary-2024-Q1,region-zhejiang,OBSERVED_IN,观测空间范围,,,,
rel-001566,obs-gdp-secondary-2024-Q1,period-2024-Q1,AT_TIME,观测统计期,,,,
rel-001567,obs-gdp-secondary-2024-Q1,source-secondary-xlsx,FROM_SOURCE,数据来源,,,,
rel-001568,obs-gdp-tertiary-2024-Q1,indicator-gdp-tertiary,MEASURES,观测对应指标,,,,
rel-001569,obs-gdp-tertiary-2024-Q1,region-zhejiang,OBSERVED_IN,观测空间范围,,,,
rel-001570,obs-gdp-tertiary-2024-Q1,period-2024-Q1,AT_TIME,观测统计期,,,,
rel-001571,obs-gdp-tertiary-2024-Q1,source-tertiary-xlsx,FROM_SOURCE,数据来源,,,,
rel-001572,obs-gdp-primary-2024-Q2,indicator-gdp-primary,MEASURES,观测对应指标,,,,
rel-001573,obs-gdp-primary-2024-Q2,region-zhejiang,OBSERVED_IN,观测空间范围,,,,
rel-001574,obs-gdp-primary-2024-Q2,period-2024-Q2,AT_TIME,观测统计期,,,,
rel-001575,obs-gdp-primary-2024-Q2,source-primary-xlsx,FROM_SOURCE,数据来源,,,,
rel-001576,obs-gdp-secondary-2024-Q2,indicator-gdp-secondary,MEASURES,观测对应指标,,,,
rel-001577,obs-gdp-secondary-2024-Q2,region-zhejiang,OBSERVED_IN,观测空间范围,,,,
rel-001578,obs-gdp-secondary-2024-Q2,period-2024-Q2,AT_TIME,观测统计期,,,,
rel-001579,obs-gdp-secondary-2024-Q2,source-secondary-xlsx,FROM_SOURCE,数据来源,,,,
rel-001580,obs-gdp-tertiary-2024-Q2,indicator-gdp-tertiary,MEASURES,观测对应指标,,,,
rel-001581,obs-gdp-tertiary-2024-Q2,region-zhejiang,OBSERVED_IN,观测空间范围,,,,
rel-001582,obs-gdp-tertiary-2024-Q2,period-2024-Q2,AT_TIME,观测统计期,,,,
rel-001583,obs-gdp-tertiary-2024-Q2,source-tertiary-xlsx,FROM_SOURCE,数据来源,,,,
rel-001584,obs-gdp-primary-2024-Q3,indicator-gdp-primary,MEASURES,观测对应指标,,,,
rel-001585,obs-gdp-primary-2024-Q3,region-zhejiang,OBSERVED_IN,观测空间范围,,,,
rel-001586,obs-gdp-primary-2024-Q3,period-2024-Q3,AT_TIME,观测统计期,,,,
rel-001587,obs-gdp-primary-2024-Q3,source-primary-xlsx,FROM_SOURCE,数据来源,,,,
rel-001588,obs-gdp-secondary-2024-Q3,indicator-gdp-secondary,MEASURES,观测对应指标,,,,
rel-001589,obs-gdp-secondary-2024-Q3,region-zhejiang,OBSERVED_IN,观测空间范围,,,,
rel-001590,obs-gdp-secondary-2024-Q3,period-2024-Q3,AT_TIME,观测统计期,,,,
rel-001591,obs-gdp-secondary-2024-Q3,source-secondary-xlsx,FROM_SOURCE,数据来源,,,,
rel-001592,obs-gdp-tertiary-2024-Q3,indicator-gdp-tertiary,MEASURES,观测对应指标,,,,
rel-001593,obs-gdp-tertiary-2024-Q3,region-zhejiang,OBSERVED_IN,观测空间范围,,,,
rel-001594,obs-gdp-tertiary-2024-Q3,period-2024-Q3,AT_TIME,观测统计期,,,,
rel-001595,obs-gdp-tertiary-2024-Q3,source-tertiary-xlsx,FROM_SOURCE,数据来源,,,,
rel-001596,obs-gdp-primary-2024-Q4,indicator-gdp-primary,MEASURES,观测对应指标,,,,
rel-001597,obs-gdp-primary-2024-Q4,region-zhejiang,OBSERVED_IN,观测空间范围,,,,
rel-001598,obs-gdp-primary-2024-Q4,period-2024-Q4,AT_TIME,观测统计期,,,,
rel-001599,obs-gdp-primary-2024-Q4,source-primary-xlsx,FROM_SOURCE,数据来源,,,,
rel-001600,obs-gdp-secondary-2024-Q4,indicator-gdp-secondary,MEASURES,观测对应指标,,,,
rel-001601,obs-gdp-secondary-2024-Q4,region-zhejiang,OBSERVED_IN,观测空间范围,,,,
rel-001602,obs-gdp-secondary-2024-Q4,period-2024-Q4,AT_TIME,观测统计期,,,,
rel-001603,obs-gdp-secondary-2024-Q4,source-secondary-xlsx,FROM_SOURCE,数据来源,,,,
rel-001604,obs-gdp-tertiary-2024-Q4,indicator-gdp-tertiary,MEASURES,观测对应指标,,,,
rel-001605,obs-gdp-tertiary-2024-Q4,region-zhejiang,OBSERVED_IN,观测空间范围,,,,
rel-001606,obs-gdp-tertiary-2024-Q4,period-2024-Q4,AT_TIME,观测统计期,,,,
rel-001607,obs-gdp-tertiary-2024-Q4,source-tertiary-xlsx,FROM_SOURCE,数据来源,,,,
rel-001608,obs-gdp-primary-2025-Q1,indicator-gdp-primary,MEASURES,观测对应指标,,,,
rel-001609,obs-gdp-primary-2025-Q1,region-zhejiang,OBSERVED_IN,观测空间范围,,,,
rel-001610,obs-gdp-primary-2025-Q1,period-2025-Q1,AT_TIME,观测统计期,,,,
rel-001611,obs-gdp-primary-2025-Q1,source-primary-xlsx,FROM_SOURCE,数据来源,,,,
rel-001612,obs-gdp-secondary-2025-Q1,indicator-gdp-secondary,MEASURES,观测对应指标,,,,
rel-001613,obs-gdp-secondary-2025-Q1,region-zhejiang,OBSERVED_IN,观测空间范围,,,,
rel-001614,obs-gdp-secondary-2025-Q1,period-2025-Q1,AT_TIME,观测统计期,,,,
rel-001615,obs-gdp-secondary-2025-Q1,source-secondary-xlsx,FROM_SOURCE,数据来源,,,,
rel-001616,obs-gdp-tertiary-2025-Q1,indicator-gdp-tertiary,MEASURES,观测对应指标,,,,
rel-001617,obs-gdp-tertiary-2025-Q1,region-zhejiang,OBSERVED_IN,观测空间范围,,,,
rel-001618,obs-gdp-tertiary-2025-Q1,period-2025-Q1,AT_TIME,观测统计期,,,,
rel-001619,obs-gdp-tertiary-2025-Q1,source-tertiary-xlsx,FROM_SOURCE,数据来源,,,,
rel-001620,obs-gdp-primary-2025-Q2,indicator-gdp-primary,MEASURES,观测对应指标,,,,
rel-001621,obs-gdp-primary-2025-Q2,region-zhejiang,OBSERVED_IN,观测空间范围,,,,
rel-001622,obs-gdp-primary-2025-Q2,period-2025-Q2,AT_TIME,观测统计期,,,,
rel-001623,obs-gdp-primary-2025-Q2,source-primary-xlsx,FROM_SOURCE,数据来源,,,,
rel-001624,obs-gdp-secondary-2025-Q2,indicator-gdp-secondary,MEASURES,观测对应指标,,,,
rel-001625,obs-gdp-secondary-2025-Q2,region-zhejiang,OBSERVED_IN,观测空间范围,,,,
rel-001626,obs-gdp-secondary-2025-Q2,period-2025-Q2,AT_TIME,观测统计期,,,,
rel-001627,obs-gdp-secondary-2025-Q2,source-secondary-xlsx,FROM_SOURCE,数据来源,,,,
rel-001628,obs-gdp-tertiary-2025-Q2,indicator-gdp-tertiary,MEASURES,观测对应指标,,,,
rel-001629,obs-gdp-tertiary-2025-Q2,region-zhejiang,OBSERVED_IN,观测空间范围,,,,
rel-001630,obs-gdp-tertiary-2025-Q2,period-2025-Q2,AT_TIME,观测统计期,,,,
rel-001631,obs-gdp-tertiary-2025-Q2,source-tertiary-xlsx,FROM_SOURCE,数据来源,,,,
rel-001632,obs-gdp-primary-2025-Q3,indicator-gdp-primary,MEASURES,观测对应指标,,,,
rel-001633,obs-gdp-primary-2025-Q3,region-zhejiang,OBSERVED_IN,观测空间范围,,,,
rel-001634,obs-gdp-primary-2025-Q3,period-2025-Q3,AT_TIME,观测统计期,,,,
rel-001635,obs-gdp-primary-2025-Q3,source-primary-xlsx,FROM_SOURCE,数据来源,,,,
rel-001636,obs-gdp-secondary-2025-Q3,indicator-gdp-secondary,MEASURES,观测对应指标,,,,
rel-001637,obs-gdp-secondary-2025-Q3,region-zhejiang,OBSERVED_IN,观测空间范围,,,,
rel-001638,obs-gdp-secondary-2025-Q3,period-2025-Q3,AT_TIME,观测统计期,,,,
rel-001639,obs-gdp-secondary-2025-Q3,source-secondary-xlsx,FROM_SOURCE,数据来源,,,,
rel-001640,obs-gdp-tertiary-2025-Q3,indicator-gdp-tertiary,MEASURES,观测对应指标,,,,
rel-001641,obs-gdp-tertiary-2025-Q3,region-zhejiang,OBSERVED_IN,观测空间范围,,,,
rel-001642,obs-gdp-tertiary-2025-Q3,period-2025-Q3,AT_TIME,观测统计期,,,,
rel-001643,obs-gdp-tertiary-2025-Q3,source-tertiary-xlsx,FROM_SOURCE,数据来源,,,,
rel-001644,obs-gdp-primary-2025-Q4,indicator-gdp-primary,MEASURES,观测对应指标,,,,
rel-001645,obs-gdp-primary-2025-Q4,region-zhejiang,OBSERVED_IN,观测空间范围,,,,
rel-001646,obs-gdp-primary-2025-Q4,period-2025-Q4,AT_TIME,观测统计期,,,,
rel-001647,obs-gdp-primary-2025-Q4,source-primary-xlsx,FROM_SOURCE,数据来源,,,,
rel-001648,obs-gdp-secondary-2025-Q4,indicator-gdp-secondary,MEASURES,观测对应指标,,,,
rel-001649,obs-gdp-secondary-2025-Q4,region-zhejiang,OBSERVED_IN,观测空间范围,,,,
rel-001650,obs-gdp-secondary-2025-Q4,period-2025-Q4,AT_TIME,观测统计期,,,,
rel-001651,obs-gdp-secondary-2025-Q4,source-secondary-xlsx,FROM_SOURCE,数据来源,,,,
rel-001652,obs-gdp-tertiary-2025-Q4,indicator-gdp-tertiary,MEASURES,观测对应指标,,,,
rel-001653,obs-gdp-tertiary-2025-Q4,region-zhejiang,OBSERVED_IN,观测空间范围,,,,
rel-001654,obs-gdp-tertiary-2025-Q4,period-2025-Q4,AT_TIME,观测统计期,,,,
rel-001655,obs-gdp-tertiary-2025-Q4,source-tertiary-xlsx,FROM_SOURCE,数据来源,,,,
rel-001656,obs-temp-mean-2021-01,indicator-temp-mean,MEASURES,观测对应指标,,,,
rel-001657,obs-temp-mean-2021-01,region-zhejiang,OBSERVED_IN,观测空间范围,,,,
rel-001658,obs-temp-mean-2021-01,period-2021-01,AT_TIME,观测统计期,,,,
rel-001659,obs-temp-mean-2021-01,source-open-meteo-era5-land,FROM_SOURCE,数据来源,,,,
rel-001660,obs-temp-max-mean-2021-01,indicator-temp-max-mean,MEASURES,观测对应指标,,,,
rel-001661,obs-temp-max-mean-2021-01,region-zhejiang,OBSERVED_IN,观测空间范围,,,,
rel-001662,obs-temp-max-mean-2021-01,period-2021-01,AT_TIME,观测统计期,,,,
rel-001663,obs-temp-max-mean-2021-01,source-open-meteo-era5-land,FROM_SOURCE,数据来源,,,,
rel-001664,obs-temp-min-mean-2021-01,indicator-temp-min-mean,MEASURES,观测对应指标,,,,
rel-001665,obs-temp-min-mean-2021-01,region-zhejiang,OBSERVED_IN,观测空间范围,,,,
rel-001666,obs-temp-min-mean-2021-01,period-2021-01,AT_TIME,观测统计期,,,,
rel-001667,obs-temp-min-mean-2021-01,source-open-meteo-era5-land,FROM_SOURCE,数据来源,,,,
rel-001668,obs-temp-abs-max-2021-01,indicator-temp-abs-max,MEASURES,观测对应指标,,,,
rel-001669,obs-temp-abs-max-2021-01,region-zhejiang,OBSERVED_IN,观测空间范围,,,,
rel-001670,obs-temp-abs-max-2021-01,period-2021-01,AT_TIME,观测统计期,,,,
rel-001671,obs-temp-abs-max-2021-01,source-open-meteo-era5-land,FROM_SOURCE,数据来源,,,,
rel-001672,obs-temp-abs-min-2021-01,indicator-temp-abs-min,MEASURES,观测对应指标,,,,
rel-001673,obs-temp-abs-min-2021-01,region-zhejiang,OBSERVED_IN,观测空间范围,,,,
rel-001674,obs-temp-abs-min-2021-01,period-2021-01,AT_TIME,观测统计期,,,,
rel-001675,obs-temp-abs-min-2021-01,source-open-meteo-era5-land,FROM_SOURCE,数据来源,,,,
rel-001676,obs-cdd18-2021-01,feature-cdd18,MEASURES,观测对应指标,,,,
rel-001677,obs-cdd18-2021-01,region-zhejiang,OBSERVED_IN,观测空间范围,,,,
rel-001678,obs-cdd18-2021-01,period-2021-01,AT_TIME,观测统计期,,,,
rel-001679,obs-cdd18-2021-01,source-open-meteo-era5-land,FROM_SOURCE,数据来源,,,,
rel-001680,obs-hdd18-2021-01,feature-hdd18,MEASURES,观测对应指标,,,,
rel-001681,obs-hdd18-2021-01,region-zhejiang,OBSERVED_IN,观测空间范围,,,,
rel-001682,obs-hdd18-2021-01,period-2021-01,AT_TIME,观测统计期,,,,
rel-001683,obs-hdd18-2021-01,source-open-meteo-era5-land,FROM_SOURCE,数据来源,,,,
rel-001684,obs-hot-days-2021-01,feature-hot-days,MEASURES,观测对应指标,,,,
rel-001685,obs-hot-days-2021-01,region-zhejiang,OBSERVED_IN,观测空间范围,,,,
rel-001686,obs-hot-days-2021-01,period-2021-01,AT_TIME,观测统计期,,,,
rel-001687,obs-hot-days-2021-01,source-open-meteo-era5-land,FROM_SOURCE,数据来源,,,,
rel-001688,obs-cold-days-2021-01,feature-cold-days,MEASURES,观测对应指标,,,,
rel-001689,obs-cold-days-2021-01,region-zhejiang,OBSERVED_IN,观测空间范围,,,,
rel-001690,obs-cold-days-2021-01,period-2021-01,AT_TIME,观测统计期,,,,
rel-001691,obs-cold-days-2021-01,source-open-meteo-era5-land,FROM_SOURCE,数据来源,,,,
rel-001692,obs-temp-mean-2021-02,indicator-temp-mean,MEASURES,观测对应指标,,,,
rel-001693,obs-temp-mean-2021-02,region-zhejiang,OBSERVED_IN,观测空间范围,,,,
rel-001694,obs-temp-mean-2021-02,period-2021-02,AT_TIME,观测统计期,,,,
rel-001695,obs-temp-mean-2021-02,source-open-meteo-era5-land,FROM_SOURCE,数据来源,,,,
rel-001696,obs-temp-max-mean-2021-02,indicator-temp-max-mean,MEASURES,观测对应指标,,,,
rel-001697,obs-temp-max-mean-2021-02,region-zhejiang,OBSERVED_IN,观测空间范围,,,,
rel-001698,obs-temp-max-mean-2021-02,period-2021-02,AT_TIME,观测统计期,,,,
rel-001699,obs-temp-max-mean-2021-02,source-open-meteo-era5-land,FROM_SOURCE,数据来源,,,,
rel-001700,obs-temp-min-mean-2021-02,indicator-temp-min-mean,MEASURES,观测对应指标,,,,
rel-001701,obs-temp-min-mean-2021-02,region-zhejiang,OBSERVED_IN,观测空间范围,,,,
rel-001702,obs-temp-min-mean-2021-02,period-2021-02,AT_TIME,观测统计期,,,,
rel-001703,obs-temp-min-mean-2021-02,source-open-meteo-era5-land,FROM_SOURCE,数据来源,,,,
rel-001704,obs-temp-abs-max-2021-02,indicator-temp-abs-max,MEASURES,观测对应指标,,,,
rel-001705,obs-temp-abs-max-2021-02,region-zhejiang,OBSERVED_IN,观测空间范围,,,,
rel-001706,obs-temp-abs-max-2021-02,period-2021-02,AT_TIME,观测统计期,,,,
rel-001707,obs-temp-abs-max-2021-02,source-open-meteo-era5-land,FROM_SOURCE,数据来源,,,,
rel-001708,obs-temp-abs-min-2021-02,indicator-temp-abs-min,MEASURES,观测对应指标,,,,
rel-001709,obs-temp-abs-min-2021-02,region-zhejiang,OBSERVED_IN,观测空间范围,,,,
rel-001710,obs-temp-abs-min-2021-02,period-2021-02,AT_TIME,观测统计期,,,,
rel-001711,obs-temp-abs-min-2021-02,source-open-meteo-era5-land,FROM_SOURCE,数据来源,,,,
rel-001712,obs-cdd18-2021-02,feature-cdd18,MEASURES,观测对应指标,,,,
rel-001713,obs-cdd18-2021-02,region-zhejiang,OBSERVED_IN,观测空间范围,,,,
rel-001714,obs-cdd18-2021-02,period-2021-02,AT_TIME,观测统计期,,,,
rel-001715,obs-cdd18-2021-02,source-open-meteo-era5-land,FROM_SOURCE,数据来源,,,,
rel-001716,obs-hdd18-2021-02,feature-hdd18,MEASURES,观测对应指标,,,,
rel-001717,obs-hdd18-2021-02,region-zhejiang,OBSERVED_IN,观测空间范围,,,,
rel-001718,obs-hdd18-2021-02,period-2021-02,AT_TIME,观测统计期,,,,
rel-001719,obs-hdd18-2021-02,source-open-meteo-era5-land,FROM_SOURCE,数据来源,,,,
rel-001720,obs-hot-days-2021-02,feature-hot-days,MEASURES,观测对应指标,,,,
rel-001721,obs-hot-days-2021-02,region-zhejiang,OBSERVED_IN,观测空间范围,,,,
rel-001722,obs-hot-days-2021-02,period-2021-02,AT_TIME,观测统计期,,,,
rel-001723,obs-hot-days-2021-02,source-open-meteo-era5-land,FROM_SOURCE,数据来源,,,,
rel-001724,obs-cold-days-2021-02,feature-cold-days,MEASURES,观测对应指标,,,,
rel-001725,obs-cold-days-2021-02,region-zhejiang,OBSERVED_IN,观测空间范围,,,,
rel-001726,obs-cold-days-2021-02,period-2021-02,AT_TIME,观测统计期,,,,
rel-001727,obs-cold-days-2021-02,source-open-meteo-era5-land,FROM_SOURCE,数据来源,,,,
rel-001728,obs-temp-mean-2021-03,indicator-temp-mean,MEASURES,观测对应指标,,,,
rel-001729,obs-temp-mean-2021-03,region-zhejiang,OBSERVED_IN,观测空间范围,,,,
rel-001730,obs-temp-mean-2021-03,period-2021-03,AT_TIME,观测统计期,,,,
rel-001731,obs-temp-mean-2021-03,source-open-meteo-era5-land,FROM_SOURCE,数据来源,,,,
rel-001732,obs-temp-max-mean-2021-03,indicator-temp-max-mean,MEASURES,观测对应指标,,,,
rel-001733,obs-temp-max-mean-2021-03,region-zhejiang,OBSERVED_IN,观测空间范围,,,,
rel-001734,obs-temp-max-mean-2021-03,period-2021-03,AT_TIME,观测统计期,,,,
rel-001735,obs-temp-max-mean-2021-03,source-open-meteo-era5-land,FROM_SOURCE,数据来源,,,,
rel-001736,obs-temp-min-mean-2021-03,indicator-temp-min-mean,MEASURES,观测对应指标,,,,
rel-001737,obs-temp-min-mean-2021-03,region-zhejiang,OBSERVED_IN,观测空间范围,,,,
rel-001738,obs-temp-min-mean-2021-03,period-2021-03,AT_TIME,观测统计期,,,,
rel-001739,obs-temp-min-mean-2021-03,source-open-meteo-era5-land,FROM_SOURCE,数据来源,,,,
rel-001740,obs-temp-abs-max-2021-03,indicator-temp-abs-max,MEASURES,观测对应指标,,,,
rel-001741,obs-temp-abs-max-2021-03,region-zhejiang,OBSERVED_IN,观测空间范围,,,,
rel-001742,obs-temp-abs-max-2021-03,period-2021-03,AT_TIME,观测统计期,,,,
rel-001743,obs-temp-abs-max-2021-03,source-open-meteo-era5-land,FROM_SOURCE,数据来源,,,,
rel-001744,obs-temp-abs-min-2021-03,indicator-temp-abs-min,MEASURES,观测对应指标,,,,
rel-001745,obs-temp-abs-min-2021-03,region-zhejiang,OBSERVED_IN,观测空间范围,,,,
rel-001746,obs-temp-abs-min-2021-03,period-2021-03,AT_TIME,观测统计期,,,,
rel-001747,obs-temp-abs-min-2021-03,source-open-meteo-era5-land,FROM_SOURCE,数据来源,,,,
rel-001748,obs-cdd18-2021-03,feature-cdd18,MEASURES,观测对应指标,,,,
rel-001749,obs-cdd18-2021-03,region-zhejiang,OBSERVED_IN,观测空间范围,,,,
rel-001750,obs-cdd18-2021-03,period-2021-03,AT_TIME,观测统计期,,,,
rel-001751,obs-cdd18-2021-03,source-open-meteo-era5-land,FROM_SOURCE,数据来源,,,,
rel-001752,obs-hdd18-2021-03,feature-hdd18,MEASURES,观测对应指标,,,,
rel-001753,obs-hdd18-2021-03,region-zhejiang,OBSERVED_IN,观测空间范围,,,,
rel-001754,obs-hdd18-2021-03,period-2021-03,AT_TIME,观测统计期,,,,
rel-001755,obs-hdd18-2021-03,source-open-meteo-era5-land,FROM_SOURCE,数据来源,,,,
rel-001756,obs-hot-days-2021-03,feature-hot-days,MEASURES,观测对应指标,,,,
rel-001757,obs-hot-days-2021-03,region-zhejiang,OBSERVED_IN,观测空间范围,,,,
rel-001758,obs-hot-days-2021-03,period-2021-03,AT_TIME,观测统计期,,,,
rel-001759,obs-hot-days-2021-03,source-open-meteo-era5-land,FROM_SOURCE,数据来源,,,,
rel-001760,obs-cold-days-2021-03,feature-cold-days,MEASURES,观测对应指标,,,,
rel-001761,obs-cold-days-2021-03,region-zhejiang,OBSERVED_IN,观测空间范围,,,,
rel-001762,obs-cold-days-2021-03,period-2021-03,AT_TIME,观测统计期,,,,
rel-001763,obs-cold-days-2021-03,source-open-meteo-era5-land,FROM_SOURCE,数据来源,,,,
rel-001764,obs-temp-mean-2021-04,indicator-temp-mean,MEASURES,观测对应指标,,,,
rel-001765,obs-temp-mean-2021-04,region-zhejiang,OBSERVED_IN,观测空间范围,,,,
rel-001766,obs-temp-mean-2021-04,period-2021-04,AT_TIME,观测统计期,,,,
rel-001767,obs-temp-mean-2021-04,source-open-meteo-era5-land,FROM_SOURCE,数据来源,,,,
rel-001768,obs-temp-max-mean-2021-04,indicator-temp-max-mean,MEASURES,观测对应指标,,,,
rel-001769,obs-temp-max-mean-2021-04,region-zhejiang,OBSERVED_IN,观测空间范围,,,,
rel-001770,obs-temp-max-mean-2021-04,period-2021-04,AT_TIME,观测统计期,,,,
rel-001771,obs-temp-max-mean-2021-04,source-open-meteo-era5-land,FROM_SOURCE,数据来源,,,,
rel-001772,obs-temp-min-mean-2021-04,indicator-temp-min-mean,MEASURES,观测对应指标,,,,
rel-001773,obs-temp-min-mean-2021-04,region-zhejiang,OBSERVED_IN,观测空间范围,,,,
rel-001774,obs-temp-min-mean-2021-04,period-2021-04,AT_TIME,观测统计期,,,,
rel-001775,obs-temp-min-mean-2021-04,source-open-meteo-era5-land,FROM_SOURCE,数据来源,,,,
rel-001776,obs-temp-abs-max-2021-04,indicator-temp-abs-max,MEASURES,观测对应指标,,,,
rel-001777,obs-temp-abs-max-2021-04,region-zhejiang,OBSERVED_IN,观测空间范围,,,,
rel-001778,obs-temp-abs-max-2021-04,period-2021-04,AT_TIME,观测统计期,,,,
rel-001779,obs-temp-abs-max-2021-04,source-open-meteo-era5-land,FROM_SOURCE,数据来源,,,,
rel-001780,obs-temp-abs-min-2021-04,indicator-temp-abs-min,MEASURES,观测对应指标,,,,
rel-001781,obs-temp-abs-min-2021-04,region-zhejiang,OBSERVED_IN,观测空间范围,,,,
rel-001782,obs-temp-abs-min-2021-04,period-2021-04,AT_TIME,观测统计期,,,,
rel-001783,obs-temp-abs-min-2021-04,source-open-meteo-era5-land,FROM_SOURCE,数据来源,,,,
rel-001784,obs-cdd18-2021-04,feature-cdd18,MEASURES,观测对应指标,,,,
rel-001785,obs-cdd18-2021-04,region-zhejiang,OBSERVED_IN,观测空间范围,,,,
rel-001786,obs-cdd18-2021-04,period-2021-04,AT_TIME,观测统计期,,,,
rel-001787,obs-cdd18-2021-04,source-open-meteo-era5-land,FROM_SOURCE,数据来源,,,,
rel-001788,obs-hdd18-2021-04,feature-hdd18,MEASURES,观测对应指标,,,,
rel-001789,obs-hdd18-2021-04,region-zhejiang,OBSERVED_IN,观测空间范围,,,,
rel-001790,obs-hdd18-2021-04,period-2021-04,AT_TIME,观测统计期,,,,
rel-001791,obs-hdd18-2021-04,source-open-meteo-era5-land,FROM_SOURCE,数据来源,,,,
rel-001792,obs-hot-days-2021-04,feature-hot-days,MEASURES,观测对应指标,,,,
rel-001793,obs-hot-days-2021-04,region-zhejiang,OBSERVED_IN,观测空间范围,,,,
rel-001794,obs-hot-days-2021-04,period-2021-04,AT_TIME,观测统计期,,,,
rel-001795,obs-hot-days-2021-04,source-open-meteo-era5-land,FROM_SOURCE,数据来源,,,,
rel-001796,obs-cold-days-2021-04,feature-cold-days,MEASURES,观测对应指标,,,,
rel-001797,obs-cold-days-2021-04,region-zhejiang,OBSERVED_IN,观测空间范围,,,,
rel-001798,obs-cold-days-2021-04,period-2021-04,AT_TIME,观测统计期,,,,
rel-001799,obs-cold-days-2021-04,source-open-meteo-era5-land,FROM_SOURCE,数据来源,,,,
rel-001800,obs-temp-mean-2021-05,indicator-temp-mean,MEASURES,观测对应指标,,,,
rel-001801,obs-temp-mean-2021-05,region-zhejiang,OBSERVED_IN,观测空间范围,,,,
rel-001802,obs-temp-mean-2021-05,period-2021-05,AT_TIME,观测统计期,,,,
rel-001803,obs-temp-mean-2021-05,source-open-meteo-era5-land,FROM_SOURCE,数据来源,,,,
rel-001804,obs-temp-max-mean-2021-05,indicator-temp-max-mean,MEASURES,观测对应指标,,,,
rel-001805,obs-temp-max-mean-2021-05,region-zhejiang,OBSERVED_IN,观测空间范围,,,,
rel-001806,obs-temp-max-mean-2021-05,period-2021-05,AT_TIME,观测统计期,,,,
rel-001807,obs-temp-max-mean-2021-05,source-open-meteo-era5-land,FROM_SOURCE,数据来源,,,,
rel-001808,obs-temp-min-mean-2021-05,indicator-temp-min-mean,MEASURES,观测对应指标,,,,
rel-001809,obs-temp-min-mean-2021-05,region-zhejiang,OBSERVED_IN,观测空间范围,,,,
rel-001810,obs-temp-min-mean-2021-05,period-2021-05,AT_TIME,观测统计期,,,,
rel-001811,obs-temp-min-mean-2021-05,source-open-meteo-era5-land,FROM_SOURCE,数据来源,,,,
rel-001812,obs-temp-abs-max-2021-05,indicator-temp-abs-max,MEASURES,观测对应指标,,,,
rel-001813,obs-temp-abs-max-2021-05,region-zhejiang,OBSERVED_IN,观测空间范围,,,,
rel-001814,obs-temp-abs-max-2021-05,period-2021-05,AT_TIME,观测统计期,,,,
rel-001815,obs-temp-abs-max-2021-05,source-open-meteo-era5-land,FROM_SOURCE,数据来源,,,,
rel-001816,obs-temp-abs-min-2021-05,indicator-temp-abs-min,MEASURES,观测对应指标,,,,
rel-001817,obs-temp-abs-min-2021-05,region-zhejiang,OBSERVED_IN,观测空间范围,,,,
rel-001818,obs-temp-abs-min-2021-05,period-2021-05,AT_TIME,观测统计期,,,,
rel-001819,obs-temp-abs-min-2021-05,source-open-meteo-era5-land,FROM_SOURCE,数据来源,,,,
rel-001820,obs-cdd18-2021-05,feature-cdd18,MEASURES,观测对应指标,,,,
rel-001821,obs-cdd18-2021-05,region-zhejiang,OBSERVED_IN,观测空间范围,,,,
rel-001822,obs-cdd18-2021-05,period-2021-05,AT_TIME,观测统计期,,,,
rel-001823,obs-cdd18-2021-05,source-open-meteo-era5-land,FROM_SOURCE,数据来源,,,,
rel-001824,obs-hdd18-2021-05,feature-hdd18,MEASURES,观测对应指标,,,,
rel-001825,obs-hdd18-2021-05,region-zhejiang,OBSERVED_IN,观测空间范围,,,,
rel-001826,obs-hdd18-2021-05,period-2021-05,AT_TIME,观测统计期,,,,
rel-001827,obs-hdd18-2021-05,source-open-meteo-era5-land,FROM_SOURCE,数据来源,,,,
rel-001828,obs-hot-days-2021-05,feature-hot-days,MEASURES,观测对应指标,,,,
rel-001829,obs-hot-days-2021-05,region-zhejiang,OBSERVED_IN,观测空间范围,,,,
rel-001830,obs-hot-days-2021-05,period-2021-05,AT_TIME,观测统计期,,,,
rel-001831,obs-hot-days-2021-05,source-open-meteo-era5-land,FROM_SOURCE,数据来源,,,,
rel-001832,obs-cold-days-2021-05,feature-cold-days,MEASURES,观测对应指标,,,,
rel-001833,obs-cold-days-2021-05,region-zhejiang,OBSERVED_IN,观测空间范围,,,,
rel-001834,obs-cold-days-2021-05,period-2021-05,AT_TIME,观测统计期,,,,
rel-001835,obs-cold-days-2021-05,source-open-meteo-era5-land,FROM_SOURCE,数据来源,,,,
rel-001836,obs-temp-mean-2021-06,indicator-temp-mean,MEASURES,观测对应指标,,,,
rel-001837,obs-temp-mean-2021-06,region-zhejiang,OBSERVED_IN,观测空间范围,,,,
rel-001838,obs-temp-mean-2021-06,period-2021-06,AT_TIME,观测统计期,,,,
rel-001839,obs-temp-mean-2021-06,source-open-meteo-era5-land,FROM_SOURCE,数据来源,,,,
rel-001840,obs-temp-max-mean-2021-06,indicator-temp-max-mean,MEASURES,观测对应指标,,,,
rel-001841,obs-temp-max-mean-2021-06,region-zhejiang,OBSERVED_IN,观测空间范围,,,,
rel-001842,obs-temp-max-mean-2021-06,period-2021-06,AT_TIME,观测统计期,,,,
rel-001843,obs-temp-max-mean-2021-06,source-open-meteo-era5-land,FROM_SOURCE,数据来源,,,,
rel-001844,obs-temp-min-mean-2021-06,indicator-temp-min-mean,MEASURES,观测对应指标,,,,
rel-001845,obs-temp-min-mean-2021-06,region-zhejiang,OBSERVED_IN,观测空间范围,,,,
rel-001846,obs-temp-min-mean-2021-06,period-2021-06,AT_TIME,观测统计期,,,,
rel-001847,obs-temp-min-mean-2021-06,source-open-meteo-era5-land,FROM_SOURCE,数据来源,,,,
rel-001848,obs-temp-abs-max-2021-06,indicator-temp-abs-max,MEASURES,观测对应指标,,,,
rel-001849,obs-temp-abs-max-2021-06,region-zhejiang,OBSERVED_IN,观测空间范围,,,,
rel-001850,obs-temp-abs-max-2021-06,period-2021-06,AT_TIME,观测统计期,,,,
rel-001851,obs-temp-abs-max-2021-06,source-open-meteo-era5-land,FROM_SOURCE,数据来源,,,,
rel-001852,obs-temp-abs-min-2021-06,indicator-temp-abs-min,MEASURES,观测对应指标,,,,
rel-001853,obs-temp-abs-min-2021-06,region-zhejiang,OBSERVED_IN,观测空间范围,,,,
rel-001854,obs-temp-abs-min-2021-06,period-2021-06,AT_TIME,观测统计期,,,,
rel-001855,obs-temp-abs-min-2021-06,source-open-meteo-era5-land,FROM_SOURCE,数据来源,,,,
rel-001856,obs-cdd18-2021-06,feature-cdd18,MEASURES,观测对应指标,,,,
rel-001857,obs-cdd18-2021-06,region-zhejiang,OBSERVED_IN,观测空间范围,,,,
rel-001858,obs-cdd18-2021-06,period-2021-06,AT_TIME,观测统计期,,,,
rel-001859,obs-cdd18-2021-06,source-open-meteo-era5-land,FROM_SOURCE,数据来源,,,,
rel-001860,obs-hdd18-2021-06,feature-hdd18,MEASURES,观测对应指标,,,,
rel-001861,obs-hdd18-2021-06,region-zhejiang,OBSERVED_IN,观测空间范围,,,,
rel-001862,obs-hdd18-2021-06,period-2021-06,AT_TIME,观测统计期,,,,
rel-001863,obs-hdd18-2021-06,source-open-meteo-era5-land,FROM_SOURCE,数据来源,,,,
rel-001864,obs-hot-days-2021-06,feature-hot-days,MEASURES,观测对应指标,,,,
rel-001865,obs-hot-days-2021-06,region-zhejiang,OBSERVED_IN,观测空间范围,,,,
rel-001866,obs-hot-days-2021-06,period-2021-06,AT_TIME,观测统计期,,,,
rel-001867,obs-hot-days-2021-06,source-open-meteo-era5-land,FROM_SOURCE,数据来源,,,,
rel-001868,obs-cold-days-2021-06,feature-cold-days,MEASURES,观测对应指标,,,,
rel-001869,obs-cold-days-2021-06,region-zhejiang,OBSERVED_IN,观测空间范围,,,,
rel-001870,obs-cold-days-2021-06,period-2021-06,AT_TIME,观测统计期,,,,
rel-001871,obs-cold-days-2021-06,source-open-meteo-era5-land,FROM_SOURCE,数据来源,,,,
rel-001872,obs-temp-mean-2021-07,indicator-temp-mean,MEASURES,观测对应指标,,,,
rel-001873,obs-temp-mean-2021-07,region-zhejiang,OBSERVED_IN,观测空间范围,,,,
rel-001874,obs-temp-mean-2021-07,period-2021-07,AT_TIME,观测统计期,,,,
rel-001875,obs-temp-mean-2021-07,source-open-meteo-era5-land,FROM_SOURCE,数据来源,,,,
rel-001876,obs-temp-max-mean-2021-07,indicator-temp-max-mean,MEASURES,观测对应指标,,,,
rel-001877,obs-temp-max-mean-2021-07,region-zhejiang,OBSERVED_IN,观测空间范围,,,,
rel-001878,obs-temp-max-mean-2021-07,period-2021-07,AT_TIME,观测统计期,,,,
rel-001879,obs-temp-max-mean-2021-07,source-open-meteo-era5-land,FROM_SOURCE,数据来源,,,,
rel-001880,obs-temp-min-mean-2021-07,indicator-temp-min-mean,MEASURES,观测对应指标,,,,
rel-001881,obs-temp-min-mean-2021-07,region-zhejiang,OBSERVED_IN,观测空间范围,,,,
rel-001882,obs-temp-min-mean-2021-07,period-2021-07,AT_TIME,观测统计期,,,,
rel-001883,obs-temp-min-mean-2021-07,source-open-meteo-era5-land,FROM_SOURCE,数据来源,,,,
rel-001884,obs-temp-abs-max-2021-07,indicator-temp-abs-max,MEASURES,观测对应指标,,,,
rel-001885,obs-temp-abs-max-2021-07,region-zhejiang,OBSERVED_IN,观测空间范围,,,,
rel-001886,obs-temp-abs-max-2021-07,period-2021-07,AT_TIME,观测统计期,,,,
rel-001887,obs-temp-abs-max-2021-07,source-open-meteo-era5-land,FROM_SOURCE,数据来源,,,,
rel-001888,obs-temp-abs-min-2021-07,indicator-temp-abs-min,MEASURES,观测对应指标,,,,
rel-001889,obs-temp-abs-min-2021-07,region-zhejiang,OBSERVED_IN,观测空间范围,,,,
rel-001890,obs-temp-abs-min-2021-07,period-2021-07,AT_TIME,观测统计期,,,,
rel-001891,obs-temp-abs-min-2021-07,source-open-meteo-era5-land,FROM_SOURCE,数据来源,,,,
rel-001892,obs-cdd18-2021-07,feature-cdd18,MEASURES,观测对应指标,,,,
rel-001893,obs-cdd18-2021-07,region-zhejiang,OBSERVED_IN,观测空间范围,,,,
rel-001894,obs-cdd18-2021-07,period-2021-07,AT_TIME,观测统计期,,,,
rel-001895,obs-cdd18-2021-07,source-open-meteo-era5-land,FROM_SOURCE,数据来源,,,,
rel-001896,obs-hdd18-2021-07,feature-hdd18,MEASURES,观测对应指标,,,,
rel-001897,obs-hdd18-2021-07,region-zhejiang,OBSERVED_IN,观测空间范围,,,,
rel-001898,obs-hdd18-2021-07,period-2021-07,AT_TIME,观测统计期,,,,
rel-001899,obs-hdd18-2021-07,source-open-meteo-era5-land,FROM_SOURCE,数据来源,,,,
rel-001900,obs-hot-days-2021-07,feature-hot-days,MEASURES,观测对应指标,,,,
rel-001901,obs-hot-days-2021-07,region-zhejiang,OBSERVED_IN,观测空间范围,,,,
rel-001902,obs-hot-days-2021-07,period-2021-07,AT_TIME,观测统计期,,,,
rel-001903,obs-hot-days-2021-07,source-open-meteo-era5-land,FROM_SOURCE,数据来源,,,,
rel-001904,obs-cold-days-2021-07,feature-cold-days,MEASURES,观测对应指标,,,,
rel-001905,obs-cold-days-2021-07,region-zhejiang,OBSERVED_IN,观测空间范围,,,,
rel-001906,obs-cold-days-2021-07,period-2021-07,AT_TIME,观测统计期,,,,
rel-001907,obs-cold-days-2021-07,source-open-meteo-era5-land,FROM_SOURCE,数据来源,,,,
rel-001908,obs-temp-mean-2021-08,indicator-temp-mean,MEASURES,观测对应指标,,,,
rel-001909,obs-temp-mean-2021-08,region-zhejiang,OBSERVED_IN,观测空间范围,,,,
rel-001910,obs-temp-mean-2021-08,period-2021-08,AT_TIME,观测统计期,,,,
rel-001911,obs-temp-mean-2021-08,source-open-meteo-era5-land,FROM_SOURCE,数据来源,,,,
rel-001912,obs-temp-max-mean-2021-08,indicator-temp-max-mean,MEASURES,观测对应指标,,,,
rel-001913,obs-temp-max-mean-2021-08,region-zhejiang,OBSERVED_IN,观测空间范围,,,,
rel-001914,obs-temp-max-mean-2021-08,period-2021-08,AT_TIME,观测统计期,,,,
rel-001915,obs-temp-max-mean-2021-08,source-open-meteo-era5-land,FROM_SOURCE,数据来源,,,,
rel-001916,obs-temp-min-mean-2021-08,indicator-temp-min-mean,MEASURES,观测对应指标,,,,
rel-001917,obs-temp-min-mean-2021-08,region-zhejiang,OBSERVED_IN,观测空间范围,,,,
rel-001918,obs-temp-min-mean-2021-08,period-2021-08,AT_TIME,观测统计期,,,,
rel-001919,obs-temp-min-mean-2021-08,source-open-meteo-era5-land,FROM_SOURCE,数据来源,,,,
rel-001920,obs-temp-abs-max-2021-08,indicator-temp-abs-max,MEASURES,观测对应指标,,,,
rel-001921,obs-temp-abs-max-2021-08,region-zhejiang,OBSERVED_IN,观测空间范围,,,,
rel-001922,obs-temp-abs-max-2021-08,period-2021-08,AT_TIME,观测统计期,,,,
rel-001923,obs-temp-abs-max-2021-08,source-open-meteo-era5-land,FROM_SOURCE,数据来源,,,,
rel-001924,obs-temp-abs-min-2021-08,indicator-temp-abs-min,MEASURES,观测对应指标,,,,
rel-001925,obs-temp-abs-min-2021-08,region-zhejiang,OBSERVED_IN,观测空间范围,,,,
rel-001926,obs-temp-abs-min-2021-08,period-2021-08,AT_TIME,观测统计期,,,,
rel-001927,obs-temp-abs-min-2021-08,source-open-meteo-era5-land,FROM_SOURCE,数据来源,,,,
rel-001928,obs-cdd18-2021-08,feature-cdd18,MEASURES,观测对应指标,,,,
rel-001929,obs-cdd18-2021-08,region-zhejiang,OBSERVED_IN,观测空间范围,,,,
rel-001930,obs-cdd18-2021-08,period-2021-08,AT_TIME,观测统计期,,,,
rel-001931,obs-cdd18-2021-08,source-open-meteo-era5-land,FROM_SOURCE,数据来源,,,,
rel-001932,obs-hdd18-2021-08,feature-hdd18,MEASURES,观测对应指标,,,,
rel-001933,obs-hdd18-2021-08,region-zhejiang,OBSERVED_IN,观测空间范围,,,,
rel-001934,obs-hdd18-2021-08,period-2021-08,AT_TIME,观测统计期,,,,
rel-001935,obs-hdd18-2021-08,source-open-meteo-era5-land,FROM_SOURCE,数据来源,,,,
rel-001936,obs-hot-days-2021-08,feature-hot-days,MEASURES,观测对应指标,,,,
rel-001937,obs-hot-days-2021-08,region-zhejiang,OBSERVED_IN,观测空间范围,,,,
rel-001938,obs-hot-days-2021-08,period-2021-08,AT_TIME,观测统计期,,,,
rel-001939,obs-hot-days-2021-08,source-open-meteo-era5-land,FROM_SOURCE,数据来源,,,,
rel-001940,obs-cold-days-2021-08,feature-cold-days,MEASURES,观测对应指标,,,,
rel-001941,obs-cold-days-2021-08,region-zhejiang,OBSERVED_IN,观测空间范围,,,,
rel-001942,obs-cold-days-2021-08,period-2021-08,AT_TIME,观测统计期,,,,
rel-001943,obs-cold-days-2021-08,source-open-meteo-era5-land,FROM_SOURCE,数据来源,,,,
rel-001944,obs-temp-mean-2021-09,indicator-temp-mean,MEASURES,观测对应指标,,,,
rel-001945,obs-temp-mean-2021-09,region-zhejiang,OBSERVED_IN,观测空间范围,,,,
rel-001946,obs-temp-mean-2021-09,period-2021-09,AT_TIME,观测统计期,,,,
rel-001947,obs-temp-mean-2021-09,source-open-meteo-era5-land,FROM_SOURCE,数据来源,,,,
rel-001948,obs-temp-max-mean-2021-09,indicator-temp-max-mean,MEASURES,观测对应指标,,,,
rel-001949,obs-temp-max-mean-2021-09,region-zhejiang,OBSERVED_IN,观测空间范围,,,,
rel-001950,obs-temp-max-mean-2021-09,period-2021-09,AT_TIME,观测统计期,,,,
rel-001951,obs-temp-max-mean-2021-09,source-open-meteo-era5-land,FROM_SOURCE,数据来源,,,,
rel-001952,obs-temp-min-mean-2021-09,indicator-temp-min-mean,MEASURES,观测对应指标,,,,
rel-001953,obs-temp-min-mean-2021-09,region-zhejiang,OBSERVED_IN,观测空间范围,,,,
rel-001954,obs-temp-min-mean-2021-09,period-2021-09,AT_TIME,观测统计期,,,,
rel-001955,obs-temp-min-mean-2021-09,source-open-meteo-era5-land,FROM_SOURCE,数据来源,,,,
rel-001956,obs-temp-abs-max-2021-09,indicator-temp-abs-max,MEASURES,观测对应指标,,,,
rel-001957,obs-temp-abs-max-2021-09,region-zhejiang,OBSERVED_IN,观测空间范围,,,,
rel-001958,obs-temp-abs-max-2021-09,period-2021-09,AT_TIME,观测统计期,,,,
rel-001959,obs-temp-abs-max-2021-09,source-open-meteo-era5-land,FROM_SOURCE,数据来源,,,,
rel-001960,obs-temp-abs-min-2021-09,indicator-temp-abs-min,MEASURES,观测对应指标,,,,
rel-001961,obs-temp-abs-min-2021-09,region-zhejiang,OBSERVED_IN,观测空间范围,,,,
rel-001962,obs-temp-abs-min-2021-09,period-2021-09,AT_TIME,观测统计期,,,,
rel-001963,obs-temp-abs-min-2021-09,source-open-meteo-era5-land,FROM_SOURCE,数据来源,,,,
rel-001964,obs-cdd18-2021-09,feature-cdd18,MEASURES,观测对应指标,,,,
rel-001965,obs-cdd18-2021-09,region-zhejiang,OBSERVED_IN,观测空间范围,,,,
rel-001966,obs-cdd18-2021-09,period-2021-09,AT_TIME,观测统计期,,,,
rel-001967,obs-cdd18-2021-09,source-open-meteo-era5-land,FROM_SOURCE,数据来源,,,,
rel-001968,obs-hdd18-2021-09,feature-hdd18,MEASURES,观测对应指标,,,,
rel-001969,obs-hdd18-2021-09,region-zhejiang,OBSERVED_IN,观测空间范围,,,,
rel-001970,obs-hdd18-2021-09,period-2021-09,AT_TIME,观测统计期,,,,
rel-001971,obs-hdd18-2021-09,source-open-meteo-era5-land,FROM_SOURCE,数据来源,,,,
rel-001972,obs-hot-days-2021-09,feature-hot-days,MEASURES,观测对应指标,,,,
rel-001973,obs-hot-days-2021-09,region-zhejiang,OBSERVED_IN,观测空间范围,,,,
rel-001974,obs-hot-days-2021-09,period-2021-09,AT_TIME,观测统计期,,,,
rel-001975,obs-hot-days-2021-09,source-open-meteo-era5-land,FROM_SOURCE,数据来源,,,,
rel-001976,obs-cold-days-2021-09,feature-cold-days,MEASURES,观测对应指标,,,,
rel-001977,obs-cold-days-2021-09,region-zhejiang,OBSERVED_IN,观测空间范围,,,,
rel-001978,obs-cold-days-2021-09,period-2021-09,AT_TIME,观测统计期,,,,
rel-001979,obs-cold-days-2021-09,source-open-meteo-era5-land,FROM_SOURCE,数据来源,,,,
rel-001980,obs-temp-mean-2021-10,indicator-temp-mean,MEASURES,观测对应指标,,,,
rel-001981,obs-temp-mean-2021-10,region-zhejiang,OBSERVED_IN,观测空间范围,,,,
rel-001982,obs-temp-mean-2021-10,period-2021-10,AT_TIME,观测统计期,,,,
rel-001983,obs-temp-mean-2021-10,source-open-meteo-era5-land,FROM_SOURCE,数据来源,,,,
rel-001984,obs-temp-max-mean-2021-10,indicator-temp-max-mean,MEASURES,观测对应指标,,,,
rel-001985,obs-temp-max-mean-2021-10,region-zhejiang,OBSERVED_IN,观测空间范围,,,,
rel-001986,obs-temp-max-mean-2021-10,period-2021-10,AT_TIME,观测统计期,,,,
rel-001987,obs-temp-max-mean-2021-10,source-open-meteo-era5-land,FROM_SOURCE,数据来源,,,,
rel-001988,obs-temp-min-mean-2021-10,indicator-temp-min-mean,MEASURES,观测对应指标,,,,
rel-001989,obs-temp-min-mean-2021-10,region-zhejiang,OBSERVED_IN,观测空间范围,,,,
rel-001990,obs-temp-min-mean-2021-10,period-2021-10,AT_TIME,观测统计期,,,,
rel-001991,obs-temp-min-mean-2021-10,source-open-meteo-era5-land,FROM_SOURCE,数据来源,,,,
rel-001992,obs-temp-abs-max-2021-10,indicator-temp-abs-max,MEASURES,观测对应指标,,,,
rel-001993,obs-temp-abs-max-2021-10,region-zhejiang,OBSERVED_IN,观测空间范围,,,,
rel-001994,obs-temp-abs-max-2021-10,period-2021-10,AT_TIME,观测统计期,,,,
rel-001995,obs-temp-abs-max-2021-10,source-open-meteo-era5-land,FROM_SOURCE,数据来源,,,,
rel-001996,obs-temp-abs-min-2021-10,indicator-temp-abs-min,MEASURES,观测对应指标,,,,
rel-001997,obs-temp-abs-min-2021-10,region-zhejiang,OBSERVED_IN,观测空间范围,,,,
rel-001998,obs-temp-abs-min-2021-10,period-2021-10,AT_TIME,观测统计期,,,,
rel-001999,obs-temp-abs-min-2021-10,source-open-meteo-era5-land,FROM_SOURCE,数据来源,,,,
rel-002000,obs-cdd18-2021-10,feature-cdd18,MEASURES,观测对应指标,,,,
rel-002001,obs-cdd18-2021-10,region-zhejiang,OBSERVED_IN,观测空间范围,,,,
rel-002002,obs-cdd18-2021-10,period-2021-10,AT_TIME,观测统计期,,,,
rel-002003,obs-cdd18-2021-10,source-open-meteo-era5-land,FROM_SOURCE,数据来源,,,,
rel-002004,obs-hdd18-2021-10,feature-hdd18,MEASURES,观测对应指标,,,,
rel-002005,obs-hdd18-2021-10,region-zhejiang,OBSERVED_IN,观测空间范围,,,,
rel-002006,obs-hdd18-2021-10,period-2021-10,AT_TIME,观测统计期,,,,
rel-002007,obs-hdd18-2021-10,source-open-meteo-era5-land,FROM_SOURCE,数据来源,,,,
rel-002008,obs-hot-days-2021-10,feature-hot-days,MEASURES,观测对应指标,,,,
rel-002009,obs-hot-days-2021-10,region-zhejiang,OBSERVED_IN,观测空间范围,,,,
rel-002010,obs-hot-days-2021-10,period-2021-10,AT_TIME,观测统计期,,,,
rel-002011,obs-hot-days-2021-10,source-open-meteo-era5-land,FROM_SOURCE,数据来源,,,,
rel-002012,obs-cold-days-2021-10,feature-cold-days,MEASURES,观测对应指标,,,,
rel-002013,obs-cold-days-2021-10,region-zhejiang,OBSERVED_IN,观测空间范围,,,,
rel-002014,obs-cold-days-2021-10,period-2021-10,AT_TIME,观测统计期,,,,
rel-002015,obs-cold-days-2021-10,source-open-meteo-era5-land,FROM_SOURCE,数据来源,,,,
rel-002016,obs-temp-mean-2021-11,indicator-temp-mean,MEASURES,观测对应指标,,,,
rel-002017,obs-temp-mean-2021-11,region-zhejiang,OBSERVED_IN,观测空间范围,,,,
rel-002018,obs-temp-mean-2021-11,period-2021-11,AT_TIME,观测统计期,,,,
rel-002019,obs-temp-mean-2021-11,source-open-meteo-era5-land,FROM_SOURCE,数据来源,,,,
rel-002020,obs-temp-max-mean-2021-11,indicator-temp-max-mean,MEASURES,观测对应指标,,,,
rel-002021,obs-temp-max-mean-2021-11,region-zhejiang,OBSERVED_IN,观测空间范围,,,,
rel-002022,obs-temp-max-mean-2021-11,period-2021-11,AT_TIME,观测统计期,,,,
rel-002023,obs-temp-max-mean-2021-11,source-open-meteo-era5-land,FROM_SOURCE,数据来源,,,,
rel-002024,obs-temp-min-mean-2021-11,indicator-temp-min-mean,MEASURES,观测对应指标,,,,
rel-002025,obs-temp-min-mean-2021-11,region-zhejiang,OBSERVED_IN,观测空间范围,,,,
rel-002026,obs-temp-min-mean-2021-11,period-2021-11,AT_TIME,观测统计期,,,,
rel-002027,obs-temp-min-mean-2021-11,source-open-meteo-era5-land,FROM_SOURCE,数据来源,,,,
rel-002028,obs-temp-abs-max-2021-11,indicator-temp-abs-max,MEASURES,观测对应指标,,,,
rel-002029,obs-temp-abs-max-2021-11,region-zhejiang,OBSERVED_IN,观测空间范围,,,,
rel-002030,obs-temp-abs-max-2021-11,period-2021-11,AT_TIME,观测统计期,,,,
rel-002031,obs-temp-abs-max-2021-11,source-open-meteo-era5-land,FROM_SOURCE,数据来源,,,,
rel-002032,obs-temp-abs-min-2021-11,indicator-temp-abs-min,MEASURES,观测对应指标,,,,
rel-002033,obs-temp-abs-min-2021-11,region-zhejiang,OBSERVED_IN,观测空间范围,,,,
rel-002034,obs-temp-abs-min-2021-11,period-2021-11,AT_TIME,观测统计期,,,,
rel-002035,obs-temp-abs-min-2021-11,source-open-meteo-era5-land,FROM_SOURCE,数据来源,,,,
rel-002036,obs-cdd18-2021-11,feature-cdd18,MEASURES,观测对应指标,,,,
rel-002037,obs-cdd18-2021-11,region-zhejiang,OBSERVED_IN,观测空间范围,,,,
rel-002038,obs-cdd18-2021-11,period-2021-11,AT_TIME,观测统计期,,,,
rel-002039,obs-cdd18-2021-11,source-open-meteo-era5-land,FROM_SOURCE,数据来源,,,,
rel-002040,obs-hdd18-2021-11,feature-hdd18,MEASURES,观测对应指标,,,,
rel-002041,obs-hdd18-2021-11,region-zhejiang,OBSERVED_IN,观测空间范围,,,,
rel-002042,obs-hdd18-2021-11,period-2021-11,AT_TIME,观测统计期,,,,
rel-002043,obs-hdd18-2021-11,source-open-meteo-era5-land,FROM_SOURCE,数据来源,,,,
rel-002044,obs-hot-days-2021-11,feature-hot-days,MEASURES,观测对应指标,,,,
rel-002045,obs-hot-days-2021-11,region-zhejiang,OBSERVED_IN,观测空间范围,,,,
rel-002046,obs-hot-days-2021-11,period-2021-11,AT_TIME,观测统计期,,,,
rel-002047,obs-hot-days-2021-11,source-open-meteo-era5-land,FROM_SOURCE,数据来源,,,,
rel-002048,obs-cold-days-2021-11,feature-cold-days,MEASURES,观测对应指标,,,,
rel-002049,obs-cold-days-2021-11,region-zhejiang,OBSERVED_IN,观测空间范围,,,,
rel-002050,obs-cold-days-2021-11,period-2021-11,AT_TIME,观测统计期,,,,
rel-002051,obs-cold-days-2021-11,source-open-meteo-era5-land,FROM_SOURCE,数据来源,,,,
rel-002052,obs-temp-mean-2021-12,indicator-temp-mean,MEASURES,观测对应指标,,,,
rel-002053,obs-temp-mean-2021-12,region-zhejiang,OBSERVED_IN,观测空间范围,,,,
rel-002054,obs-temp-mean-2021-12,period-2021-12,AT_TIME,观测统计期,,,,
rel-002055,obs-temp-mean-2021-12,source-open-meteo-era5-land,FROM_SOURCE,数据来源,,,,
rel-002056,obs-temp-max-mean-2021-12,indicator-temp-max-mean,MEASURES,观测对应指标,,,,
rel-002057,obs-temp-max-mean-2021-12,region-zhejiang,OBSERVED_IN,观测空间范围,,,,
rel-002058,obs-temp-max-mean-2021-12,period-2021-12,AT_TIME,观测统计期,,,,
rel-002059,obs-temp-max-mean-2021-12,source-open-meteo-era5-land,FROM_SOURCE,数据来源,,,,
rel-002060,obs-temp-min-mean-2021-12,indicator-temp-min-mean,MEASURES,观测对应指标,,,,
rel-002061,obs-temp-min-mean-2021-12,region-zhejiang,OBSERVED_IN,观测空间范围,,,,
rel-002062,obs-temp-min-mean-2021-12,period-2021-12,AT_TIME,观测统计期,,,,
rel-002063,obs-temp-min-mean-2021-12,source-open-meteo-era5-land,FROM_SOURCE,数据来源,,,,
rel-002064,obs-temp-abs-max-2021-12,indicator-temp-abs-max,MEASURES,观测对应指标,,,,
rel-002065,obs-temp-abs-max-2021-12,region-zhejiang,OBSERVED_IN,观测空间范围,,,,
rel-002066,obs-temp-abs-max-2021-12,period-2021-12,AT_TIME,观测统计期,,,,
rel-002067,obs-temp-abs-max-2021-12,source-open-meteo-era5-land,FROM_SOURCE,数据来源,,,,
rel-002068,obs-temp-abs-min-2021-12,indicator-temp-abs-min,MEASURES,观测对应指标,,,,
rel-002069,obs-temp-abs-min-2021-12,region-zhejiang,OBSERVED_IN,观测空间范围,,,,
rel-002070,obs-temp-abs-min-2021-12,period-2021-12,AT_TIME,观测统计期,,,,
rel-002071,obs-temp-abs-min-2021-12,source-open-meteo-era5-land,FROM_SOURCE,数据来源,,,,
rel-002072,obs-cdd18-2021-12,feature-cdd18,MEASURES,观测对应指标,,,,
rel-002073,obs-cdd18-2021-12,region-zhejiang,OBSERVED_IN,观测空间范围,,,,
rel-002074,obs-cdd18-2021-12,period-2021-12,AT_TIME,观测统计期,,,,
rel-002075,obs-cdd18-2021-12,source-open-meteo-era5-land,FROM_SOURCE,数据来源,,,,
rel-002076,obs-hdd18-2021-12,feature-hdd18,MEASURES,观测对应指标,,,,
rel-002077,obs-hdd18-2021-12,region-zhejiang,OBSERVED_IN,观测空间范围,,,,
rel-002078,obs-hdd18-2021-12,period-2021-12,AT_TIME,观测统计期,,,,
rel-002079,obs-hdd18-2021-12,source-open-meteo-era5-land,FROM_SOURCE,数据来源,,,,
rel-002080,obs-hot-days-2021-12,feature-hot-days,MEASURES,观测对应指标,,,,
rel-002081,obs-hot-days-2021-12,region-zhejiang,OBSERVED_IN,观测空间范围,,,,
rel-002082,obs-hot-days-2021-12,period-2021-12,AT_TIME,观测统计期,,,,
rel-002083,obs-hot-days-2021-12,source-open-meteo-era5-land,FROM_SOURCE,数据来源,,,,
rel-002084,obs-cold-days-2021-12,feature-cold-days,MEASURES,观测对应指标,,,,
rel-002085,obs-cold-days-2021-12,region-zhejiang,OBSERVED_IN,观测空间范围,,,,
rel-002086,obs-cold-days-2021-12,period-2021-12,AT_TIME,观测统计期,,,,
rel-002087,obs-cold-days-2021-12,source-open-meteo-era5-land,FROM_SOURCE,数据来源,,,,
rel-002088,obs-temp-mean-2022-01,indicator-temp-mean,MEASURES,观测对应指标,,,,
rel-002089,obs-temp-mean-2022-01,region-zhejiang,OBSERVED_IN,观测空间范围,,,,
rel-002090,obs-temp-mean-2022-01,period-2022-01,AT_TIME,观测统计期,,,,
rel-002091,obs-temp-mean-2022-01,source-open-meteo-era5-land,FROM_SOURCE,数据来源,,,,
rel-002092,obs-temp-max-mean-2022-01,indicator-temp-max-mean,MEASURES,观测对应指标,,,,
rel-002093,obs-temp-max-mean-2022-01,region-zhejiang,OBSERVED_IN,观测空间范围,,,,
rel-002094,obs-temp-max-mean-2022-01,period-2022-01,AT_TIME,观测统计期,,,,
rel-002095,obs-temp-max-mean-2022-01,source-open-meteo-era5-land,FROM_SOURCE,数据来源,,,,
rel-002096,obs-temp-min-mean-2022-01,indicator-temp-min-mean,MEASURES,观测对应指标,,,,
rel-002097,obs-temp-min-mean-2022-01,region-zhejiang,OBSERVED_IN,观测空间范围,,,,
rel-002098,obs-temp-min-mean-2022-01,period-2022-01,AT_TIME,观测统计期,,,,
rel-002099,obs-temp-min-mean-2022-01,source-open-meteo-era5-land,FROM_SOURCE,数据来源,,,,
rel-002100,obs-temp-abs-max-2022-01,indicator-temp-abs-max,MEASURES,观测对应指标,,,,
rel-002101,obs-temp-abs-max-2022-01,region-zhejiang,OBSERVED_IN,观测空间范围,,,,
rel-002102,obs-temp-abs-max-2022-01,period-2022-01,AT_TIME,观测统计期,,,,
rel-002103,obs-temp-abs-max-2022-01,source-open-meteo-era5-land,FROM_SOURCE,数据来源,,,,
rel-002104,obs-temp-abs-min-2022-01,indicator-temp-abs-min,MEASURES,观测对应指标,,,,
rel-002105,obs-temp-abs-min-2022-01,region-zhejiang,OBSERVED_IN,观测空间范围,,,,
rel-002106,obs-temp-abs-min-2022-01,period-2022-01,AT_TIME,观测统计期,,,,
rel-002107,obs-temp-abs-min-2022-01,source-open-meteo-era5-land,FROM_SOURCE,数据来源,,,,
rel-002108,obs-cdd18-2022-01,feature-cdd18,MEASURES,观测对应指标,,,,
rel-002109,obs-cdd18-2022-01,region-zhejiang,OBSERVED_IN,观测空间范围,,,,
rel-002110,obs-cdd18-2022-01,period-2022-01,AT_TIME,观测统计期,,,,
rel-002111,obs-cdd18-2022-01,source-open-meteo-era5-land,FROM_SOURCE,数据来源,,,,
rel-002112,obs-hdd18-2022-01,feature-hdd18,MEASURES,观测对应指标,,,,
rel-002113,obs-hdd18-2022-01,region-zhejiang,OBSERVED_IN,观测空间范围,,,,
rel-002114,obs-hdd18-2022-01,period-2022-01,AT_TIME,观测统计期,,,,
rel-002115,obs-hdd18-2022-01,source-open-meteo-era5-land,FROM_SOURCE,数据来源,,,,
rel-002116,obs-hot-days-2022-01,feature-hot-days,MEASURES,观测对应指标,,,,
rel-002117,obs-hot-days-2022-01,region-zhejiang,OBSERVED_IN,观测空间范围,,,,
rel-002118,obs-hot-days-2022-01,period-2022-01,AT_TIME,观测统计期,,,,
rel-002119,obs-hot-days-2022-01,source-open-meteo-era5-land,FROM_SOURCE,数据来源,,,,
rel-002120,obs-cold-days-2022-01,feature-cold-days,MEASURES,观测对应指标,,,,
rel-002121,obs-cold-days-2022-01,region-zhejiang,OBSERVED_IN,观测空间范围,,,,
rel-002122,obs-cold-days-2022-01,period-2022-01,AT_TIME,观测统计期,,,,
rel-002123,obs-cold-days-2022-01,source-open-meteo-era5-land,FROM_SOURCE,数据来源,,,,
rel-002124,obs-temp-mean-2022-02,indicator-temp-mean,MEASURES,观测对应指标,,,,
rel-002125,obs-temp-mean-2022-02,region-zhejiang,OBSERVED_IN,观测空间范围,,,,
rel-002126,obs-temp-mean-2022-02,period-2022-02,AT_TIME,观测统计期,,,,
rel-002127,obs-temp-mean-2022-02,source-open-meteo-era5-land,FROM_SOURCE,数据来源,,,,
rel-002128,obs-temp-max-mean-2022-02,indicator-temp-max-mean,MEASURES,观测对应指标,,,,
rel-002129,obs-temp-max-mean-2022-02,region-zhejiang,OBSERVED_IN,观测空间范围,,,,
rel-002130,obs-temp-max-mean-2022-02,period-2022-02,AT_TIME,观测统计期,,,,
rel-002131,obs-temp-max-mean-2022-02,source-open-meteo-era5-land,FROM_SOURCE,数据来源,,,,
rel-002132,obs-temp-min-mean-2022-02,indicator-temp-min-mean,MEASURES,观测对应指标,,,,
rel-002133,obs-temp-min-mean-2022-02,region-zhejiang,OBSERVED_IN,观测空间范围,,,,
rel-002134,obs-temp-min-mean-2022-02,period-2022-02,AT_TIME,观测统计期,,,,
rel-002135,obs-temp-min-mean-2022-02,source-open-meteo-era5-land,FROM_SOURCE,数据来源,,,,
rel-002136,obs-temp-abs-max-2022-02,indicator-temp-abs-max,MEASURES,观测对应指标,,,,
rel-002137,obs-temp-abs-max-2022-02,region-zhejiang,OBSERVED_IN,观测空间范围,,,,
rel-002138,obs-temp-abs-max-2022-02,period-2022-02,AT_TIME,观测统计期,,,,
rel-002139,obs-temp-abs-max-2022-02,source-open-meteo-era5-land,FROM_SOURCE,数据来源,,,,
rel-002140,obs-temp-abs-min-2022-02,indicator-temp-abs-min,MEASURES,观测对应指标,,,,
rel-002141,obs-temp-abs-min-2022-02,region-zhejiang,OBSERVED_IN,观测空间范围,,,,
rel-002142,obs-temp-abs-min-2022-02,period-2022-02,AT_TIME,观测统计期,,,,
rel-002143,obs-temp-abs-min-2022-02,source-open-meteo-era5-land,FROM_SOURCE,数据来源,,,,
rel-002144,obs-cdd18-2022-02,feature-cdd18,MEASURES,观测对应指标,,,,
rel-002145,obs-cdd18-2022-02,region-zhejiang,OBSERVED_IN,观测空间范围,,,,
rel-002146,obs-cdd18-2022-02,period-2022-02,AT_TIME,观测统计期,,,,
rel-002147,obs-cdd18-2022-02,source-open-meteo-era5-land,FROM_SOURCE,数据来源,,,,
rel-002148,obs-hdd18-2022-02,feature-hdd18,MEASURES,观测对应指标,,,,
rel-002149,obs-hdd18-2022-02,region-zhejiang,OBSERVED_IN,观测空间范围,,,,
rel-002150,obs-hdd18-2022-02,period-2022-02,AT_TIME,观测统计期,,,,
rel-002151,obs-hdd18-2022-02,source-open-meteo-era5-land,FROM_SOURCE,数据来源,,,,
rel-002152,obs-hot-days-2022-02,feature-hot-days,MEASURES,观测对应指标,,,,
rel-002153,obs-hot-days-2022-02,region-zhejiang,OBSERVED_IN,观测空间范围,,,,
rel-002154,obs-hot-days-2022-02,period-2022-02,AT_TIME,观测统计期,,,,
rel-002155,obs-hot-days-2022-02,source-open-meteo-era5-land,FROM_SOURCE,数据来源,,,,
rel-002156,obs-cold-days-2022-02,feature-cold-days,MEASURES,观测对应指标,,,,
rel-002157,obs-cold-days-2022-02,region-zhejiang,OBSERVED_IN,观测空间范围,,,,
rel-002158,obs-cold-days-2022-02,period-2022-02,AT_TIME,观测统计期,,,,
rel-002159,obs-cold-days-2022-02,source-open-meteo-era5-land,FROM_SOURCE,数据来源,,,,
rel-002160,obs-temp-mean-2022-03,indicator-temp-mean,MEASURES,观测对应指标,,,,
rel-002161,obs-temp-mean-2022-03,region-zhejiang,OBSERVED_IN,观测空间范围,,,,
rel-002162,obs-temp-mean-2022-03,period-2022-03,AT_TIME,观测统计期,,,,
rel-002163,obs-temp-mean-2022-03,source-open-meteo-era5-land,FROM_SOURCE,数据来源,,,,
rel-002164,obs-temp-max-mean-2022-03,indicator-temp-max-mean,MEASURES,观测对应指标,,,,
rel-002165,obs-temp-max-mean-2022-03,region-zhejiang,OBSERVED_IN,观测空间范围,,,,
rel-002166,obs-temp-max-mean-2022-03,period-2022-03,AT_TIME,观测统计期,,,,
rel-002167,obs-temp-max-mean-2022-03,source-open-meteo-era5-land,FROM_SOURCE,数据来源,,,,
rel-002168,obs-temp-min-mean-2022-03,indicator-temp-min-mean,MEASURES,观测对应指标,,,,
rel-002169,obs-temp-min-mean-2022-03,region-zhejiang,OBSERVED_IN,观测空间范围,,,,
rel-002170,obs-temp-min-mean-2022-03,period-2022-03,AT_TIME,观测统计期,,,,
rel-002171,obs-temp-min-mean-2022-03,source-open-meteo-era5-land,FROM_SOURCE,数据来源,,,,
rel-002172,obs-temp-abs-max-2022-03,indicator-temp-abs-max,MEASURES,观测对应指标,,,,
rel-002173,obs-temp-abs-max-2022-03,region-zhejiang,OBSERVED_IN,观测空间范围,,,,
rel-002174,obs-temp-abs-max-2022-03,period-2022-03,AT_TIME,观测统计期,,,,
rel-002175,obs-temp-abs-max-2022-03,source-open-meteo-era5-land,FROM_SOURCE,数据来源,,,,
rel-002176,obs-temp-abs-min-2022-03,indicator-temp-abs-min,MEASURES,观测对应指标,,,,
rel-002177,obs-temp-abs-min-2022-03,region-zhejiang,OBSERVED_IN,观测空间范围,,,,
rel-002178,obs-temp-abs-min-2022-03,period-2022-03,AT_TIME,观测统计期,,,,
rel-002179,obs-temp-abs-min-2022-03,source-open-meteo-era5-land,FROM_SOURCE,数据来源,,,,
rel-002180,obs-cdd18-2022-03,feature-cdd18,MEASURES,观测对应指标,,,,
rel-002181,obs-cdd18-2022-03,region-zhejiang,OBSERVED_IN,观测空间范围,,,,
rel-002182,obs-cdd18-2022-03,period-2022-03,AT_TIME,观测统计期,,,,
rel-002183,obs-cdd18-2022-03,source-open-meteo-era5-land,FROM_SOURCE,数据来源,,,,
rel-002184,obs-hdd18-2022-03,feature-hdd18,MEASURES,观测对应指标,,,,
rel-002185,obs-hdd18-2022-03,region-zhejiang,OBSERVED_IN,观测空间范围,,,,
rel-002186,obs-hdd18-2022-03,period-2022-03,AT_TIME,观测统计期,,,,
rel-002187,obs-hdd18-2022-03,source-open-meteo-era5-land,FROM_SOURCE,数据来源,,,,
rel-002188,obs-hot-days-2022-03,feature-hot-days,MEASURES,观测对应指标,,,,
rel-002189,obs-hot-days-2022-03,region-zhejiang,OBSERVED_IN,观测空间范围,,,,
rel-002190,obs-hot-days-2022-03,period-2022-03,AT_TIME,观测统计期,,,,
rel-002191,obs-hot-days-2022-03,source-open-meteo-era5-land,FROM_SOURCE,数据来源,,,,
rel-002192,obs-cold-days-2022-03,feature-cold-days,MEASURES,观测对应指标,,,,
rel-002193,obs-cold-days-2022-03,region-zhejiang,OBSERVED_IN,观测空间范围,,,,
rel-002194,obs-cold-days-2022-03,period-2022-03,AT_TIME,观测统计期,,,,
rel-002195,obs-cold-days-2022-03,source-open-meteo-era5-land,FROM_SOURCE,数据来源,,,,
rel-002196,obs-temp-mean-2022-04,indicator-temp-mean,MEASURES,观测对应指标,,,,
rel-002197,obs-temp-mean-2022-04,region-zhejiang,OBSERVED_IN,观测空间范围,,,,
rel-002198,obs-temp-mean-2022-04,period-2022-04,AT_TIME,观测统计期,,,,
rel-002199,obs-temp-mean-2022-04,source-open-meteo-era5-land,FROM_SOURCE,数据来源,,,,
rel-002200,obs-temp-max-mean-2022-04,indicator-temp-max-mean,MEASURES,观测对应指标,,,,
rel-002201,obs-temp-max-mean-2022-04,region-zhejiang,OBSERVED_IN,观测空间范围,,,,
rel-002202,obs-temp-max-mean-2022-04,period-2022-04,AT_TIME,观测统计期,,,,
rel-002203,obs-temp-max-mean-2022-04,source-open-meteo-era5-land,FROM_SOURCE,数据来源,,,,
rel-002204,obs-temp-min-mean-2022-04,indicator-temp-min-mean,MEASURES,观测对应指标,,,,
rel-002205,obs-temp-min-mean-2022-04,region-zhejiang,OBSERVED_IN,观测空间范围,,,,
rel-002206,obs-temp-min-mean-2022-04,period-2022-04,AT_TIME,观测统计期,,,,
rel-002207,obs-temp-min-mean-2022-04,source-open-meteo-era5-land,FROM_SOURCE,数据来源,,,,
rel-002208,obs-temp-abs-max-2022-04,indicator-temp-abs-max,MEASURES,观测对应指标,,,,
rel-002209,obs-temp-abs-max-2022-04,region-zhejiang,OBSERVED_IN,观测空间范围,,,,
rel-002210,obs-temp-abs-max-2022-04,period-2022-04,AT_TIME,观测统计期,,,,
rel-002211,obs-temp-abs-max-2022-04,source-open-meteo-era5-land,FROM_SOURCE,数据来源,,,,
rel-002212,obs-temp-abs-min-2022-04,indicator-temp-abs-min,MEASURES,观测对应指标,,,,
rel-002213,obs-temp-abs-min-2022-04,region-zhejiang,OBSERVED_IN,观测空间范围,,,,
rel-002214,obs-temp-abs-min-2022-04,period-2022-04,AT_TIME,观测统计期,,,,
rel-002215,obs-temp-abs-min-2022-04,source-open-meteo-era5-land,FROM_SOURCE,数据来源,,,,
rel-002216,obs-cdd18-2022-04,feature-cdd18,MEASURES,观测对应指标,,,,
rel-002217,obs-cdd18-2022-04,region-zhejiang,OBSERVED_IN,观测空间范围,,,,
rel-002218,obs-cdd18-2022-04,period-2022-04,AT_TIME,观测统计期,,,,
rel-002219,obs-cdd18-2022-04,source-open-meteo-era5-land,FROM_SOURCE,数据来源,,,,
rel-002220,obs-hdd18-2022-04,feature-hdd18,MEASURES,观测对应指标,,,,
rel-002221,obs-hdd18-2022-04,region-zhejiang,OBSERVED_IN,观测空间范围,,,,
rel-002222,obs-hdd18-2022-04,period-2022-04,AT_TIME,观测统计期,,,,
rel-002223,obs-hdd18-2022-04,source-open-meteo-era5-land,FROM_SOURCE,数据来源,,,,
rel-002224,obs-hot-days-2022-04,feature-hot-days,MEASURES,观测对应指标,,,,
rel-002225,obs-hot-days-2022-04,region-zhejiang,OBSERVED_IN,观测空间范围,,,,
rel-002226,obs-hot-days-2022-04,period-2022-04,AT_TIME,观测统计期,,,,
rel-002227,obs-hot-days-2022-04,source-open-meteo-era5-land,FROM_SOURCE,数据来源,,,,
rel-002228,obs-cold-days-2022-04,feature-cold-days,MEASURES,观测对应指标,,,,
rel-002229,obs-cold-days-2022-04,region-zhejiang,OBSERVED_IN,观测空间范围,,,,
rel-002230,obs-cold-days-2022-04,period-2022-04,AT_TIME,观测统计期,,,,
rel-002231,obs-cold-days-2022-04,source-open-meteo-era5-land,FROM_SOURCE,数据来源,,,,
rel-002232,obs-temp-mean-2022-05,indicator-temp-mean,MEASURES,观测对应指标,,,,
rel-002233,obs-temp-mean-2022-05,region-zhejiang,OBSERVED_IN,观测空间范围,,,,
rel-002234,obs-temp-mean-2022-05,period-2022-05,AT_TIME,观测统计期,,,,
rel-002235,obs-temp-mean-2022-05,source-open-meteo-era5-land,FROM_SOURCE,数据来源,,,,
rel-002236,obs-temp-max-mean-2022-05,indicator-temp-max-mean,MEASURES,观测对应指标,,,,
rel-002237,obs-temp-max-mean-2022-05,region-zhejiang,OBSERVED_IN,观测空间范围,,,,
rel-002238,obs-temp-max-mean-2022-05,period-2022-05,AT_TIME,观测统计期,,,,
rel-002239,obs-temp-max-mean-2022-05,source-open-meteo-era5-land,FROM_SOURCE,数据来源,,,,
rel-002240,obs-temp-min-mean-2022-05,indicator-temp-min-mean,MEASURES,观测对应指标,,,,
rel-002241,obs-temp-min-mean-2022-05,region-zhejiang,OBSERVED_IN,观测空间范围,,,,
rel-002242,obs-temp-min-mean-2022-05,period-2022-05,AT_TIME,观测统计期,,,,
rel-002243,obs-temp-min-mean-2022-05,source-open-meteo-era5-land,FROM_SOURCE,数据来源,,,,
rel-002244,obs-temp-abs-max-2022-05,indicator-temp-abs-max,MEASURES,观测对应指标,,,,
rel-002245,obs-temp-abs-max-2022-05,region-zhejiang,OBSERVED_IN,观测空间范围,,,,
rel-002246,obs-temp-abs-max-2022-05,period-2022-05,AT_TIME,观测统计期,,,,
rel-002247,obs-temp-abs-max-2022-05,source-open-meteo-era5-land,FROM_SOURCE,数据来源,,,,
rel-002248,obs-temp-abs-min-2022-05,indicator-temp-abs-min,MEASURES,观测对应指标,,,,
rel-002249,obs-temp-abs-min-2022-05,region-zhejiang,OBSERVED_IN,观测空间范围,,,,
rel-002250,obs-temp-abs-min-2022-05,period-2022-05,AT_TIME,观测统计期,,,,
rel-002251,obs-temp-abs-min-2022-05,source-open-meteo-era5-land,FROM_SOURCE,数据来源,,,,
rel-002252,obs-cdd18-2022-05,feature-cdd18,MEASURES,观测对应指标,,,,
rel-002253,obs-cdd18-2022-05,region-zhejiang,OBSERVED_IN,观测空间范围,,,,
rel-002254,obs-cdd18-2022-05,period-2022-05,AT_TIME,观测统计期,,,,
rel-002255,obs-cdd18-2022-05,source-open-meteo-era5-land,FROM_SOURCE,数据来源,,,,
rel-002256,obs-hdd18-2022-05,feature-hdd18,MEASURES,观测对应指标,,,,
rel-002257,obs-hdd18-2022-05,region-zhejiang,OBSERVED_IN,观测空间范围,,,,
rel-002258,obs-hdd18-2022-05,period-2022-05,AT_TIME,观测统计期,,,,
rel-002259,obs-hdd18-2022-05,source-open-meteo-era5-land,FROM_SOURCE,数据来源,,,,
rel-002260,obs-hot-days-2022-05,feature-hot-days,MEASURES,观测对应指标,,,,
rel-002261,obs-hot-days-2022-05,region-zhejiang,OBSERVED_IN,观测空间范围,,,,
rel-002262,obs-hot-days-2022-05,period-2022-05,AT_TIME,观测统计期,,,,
rel-002263,obs-hot-days-2022-05,source-open-meteo-era5-land,FROM_SOURCE,数据来源,,,,
rel-002264,obs-cold-days-2022-05,feature-cold-days,MEASURES,观测对应指标,,,,
rel-002265,obs-cold-days-2022-05,region-zhejiang,OBSERVED_IN,观测空间范围,,,,
rel-002266,obs-cold-days-2022-05,period-2022-05,AT_TIME,观测统计期,,,,
rel-002267,obs-cold-days-2022-05,source-open-meteo-era5-land,FROM_SOURCE,数据来源,,,,
rel-002268,obs-temp-mean-2022-06,indicator-temp-mean,MEASURES,观测对应指标,,,,
rel-002269,obs-temp-mean-2022-06,region-zhejiang,OBSERVED_IN,观测空间范围,,,,
rel-002270,obs-temp-mean-2022-06,period-2022-06,AT_TIME,观测统计期,,,,
rel-002271,obs-temp-mean-2022-06,source-open-meteo-era5-land,FROM_SOURCE,数据来源,,,,
rel-002272,obs-temp-max-mean-2022-06,indicator-temp-max-mean,MEASURES,观测对应指标,,,,
rel-002273,obs-temp-max-mean-2022-06,region-zhejiang,OBSERVED_IN,观测空间范围,,,,
rel-002274,obs-temp-max-mean-2022-06,period-2022-06,AT_TIME,观测统计期,,,,
rel-002275,obs-temp-max-mean-2022-06,source-open-meteo-era5-land,FROM_SOURCE,数据来源,,,,
rel-002276,obs-temp-min-mean-2022-06,indicator-temp-min-mean,MEASURES,观测对应指标,,,,
rel-002277,obs-temp-min-mean-2022-06,region-zhejiang,OBSERVED_IN,观测空间范围,,,,
rel-002278,obs-temp-min-mean-2022-06,period-2022-06,AT_TIME,观测统计期,,,,
rel-002279,obs-temp-min-mean-2022-06,source-open-meteo-era5-land,FROM_SOURCE,数据来源,,,,
rel-002280,obs-temp-abs-max-2022-06,indicator-temp-abs-max,MEASURES,观测对应指标,,,,
rel-002281,obs-temp-abs-max-2022-06,region-zhejiang,OBSERVED_IN,观测空间范围,,,,
rel-002282,obs-temp-abs-max-2022-06,period-2022-06,AT_TIME,观测统计期,,,,
rel-002283,obs-temp-abs-max-2022-06,source-open-meteo-era5-land,FROM_SOURCE,数据来源,,,,
rel-002284,obs-temp-abs-min-2022-06,indicator-temp-abs-min,MEASURES,观测对应指标,,,,
rel-002285,obs-temp-abs-min-2022-06,region-zhejiang,OBSERVED_IN,观测空间范围,,,,
rel-002286,obs-temp-abs-min-2022-06,period-2022-06,AT_TIME,观测统计期,,,,
rel-002287,obs-temp-abs-min-2022-06,source-open-meteo-era5-land,FROM_SOURCE,数据来源,,,,
rel-002288,obs-cdd18-2022-06,feature-cdd18,MEASURES,观测对应指标,,,,
rel-002289,obs-cdd18-2022-06,region-zhejiang,OBSERVED_IN,观测空间范围,,,,
rel-002290,obs-cdd18-2022-06,period-2022-06,AT_TIME,观测统计期,,,,
rel-002291,obs-cdd18-2022-06,source-open-meteo-era5-land,FROM_SOURCE,数据来源,,,,
rel-002292,obs-hdd18-2022-06,feature-hdd18,MEASURES,观测对应指标,,,,
rel-002293,obs-hdd18-2022-06,region-zhejiang,OBSERVED_IN,观测空间范围,,,,
rel-002294,obs-hdd18-2022-06,period-2022-06,AT_TIME,观测统计期,,,,
rel-002295,obs-hdd18-2022-06,source-open-meteo-era5-land,FROM_SOURCE,数据来源,,,,
rel-002296,obs-hot-days-2022-06,feature-hot-days,MEASURES,观测对应指标,,,,
rel-002297,obs-hot-days-2022-06,region-zhejiang,OBSERVED_IN,观测空间范围,,,,
rel-002298,obs-hot-days-2022-06,period-2022-06,AT_TIME,观测统计期,,,,
rel-002299,obs-hot-days-2022-06,source-open-meteo-era5-land,FROM_SOURCE,数据来源,,,,
rel-002300,obs-cold-days-2022-06,feature-cold-days,MEASURES,观测对应指标,,,,
rel-002301,obs-cold-days-2022-06,region-zhejiang,OBSERVED_IN,观测空间范围,,,,
rel-002302,obs-cold-days-2022-06,period-2022-06,AT_TIME,观测统计期,,,,
rel-002303,obs-cold-days-2022-06,source-open-meteo-era5-land,FROM_SOURCE,数据来源,,,,
rel-002304,obs-temp-mean-2022-07,indicator-temp-mean,MEASURES,观测对应指标,,,,
rel-002305,obs-temp-mean-2022-07,region-zhejiang,OBSERVED_IN,观测空间范围,,,,
rel-002306,obs-temp-mean-2022-07,period-2022-07,AT_TIME,观测统计期,,,,
rel-002307,obs-temp-mean-2022-07,source-open-meteo-era5-land,FROM_SOURCE,数据来源,,,,
rel-002308,obs-temp-max-mean-2022-07,indicator-temp-max-mean,MEASURES,观测对应指标,,,,
rel-002309,obs-temp-max-mean-2022-07,region-zhejiang,OBSERVED_IN,观测空间范围,,,,
rel-002310,obs-temp-max-mean-2022-07,period-2022-07,AT_TIME,观测统计期,,,,
rel-002311,obs-temp-max-mean-2022-07,source-open-meteo-era5-land,FROM_SOURCE,数据来源,,,,
rel-002312,obs-temp-min-mean-2022-07,indicator-temp-min-mean,MEASURES,观测对应指标,,,,
rel-002313,obs-temp-min-mean-2022-07,region-zhejiang,OBSERVED_IN,观测空间范围,,,,
rel-002314,obs-temp-min-mean-2022-07,period-2022-07,AT_TIME,观测统计期,,,,
rel-002315,obs-temp-min-mean-2022-07,source-open-meteo-era5-land,FROM_SOURCE,数据来源,,,,
rel-002316,obs-temp-abs-max-2022-07,indicator-temp-abs-max,MEASURES,观测对应指标,,,,
rel-002317,obs-temp-abs-max-2022-07,region-zhejiang,OBSERVED_IN,观测空间范围,,,,
rel-002318,obs-temp-abs-max-2022-07,period-2022-07,AT_TIME,观测统计期,,,,
rel-002319,obs-temp-abs-max-2022-07,source-open-meteo-era5-land,FROM_SOURCE,数据来源,,,,
rel-002320,obs-temp-abs-min-2022-07,indicator-temp-abs-min,MEASURES,观测对应指标,,,,
rel-002321,obs-temp-abs-min-2022-07,region-zhejiang,OBSERVED_IN,观测空间范围,,,,
rel-002322,obs-temp-abs-min-2022-07,period-2022-07,AT_TIME,观测统计期,,,,
rel-002323,obs-temp-abs-min-2022-07,source-open-meteo-era5-land,FROM_SOURCE,数据来源,,,,
rel-002324,obs-cdd18-2022-07,feature-cdd18,MEASURES,观测对应指标,,,,
rel-002325,obs-cdd18-2022-07,region-zhejiang,OBSERVED_IN,观测空间范围,,,,
rel-002326,obs-cdd18-2022-07,period-2022-07,AT_TIME,观测统计期,,,,
rel-002327,obs-cdd18-2022-07,source-open-meteo-era5-land,FROM_SOURCE,数据来源,,,,
rel-002328,obs-hdd18-2022-07,feature-hdd18,MEASURES,观测对应指标,,,,
rel-002329,obs-hdd18-2022-07,region-zhejiang,OBSERVED_IN,观测空间范围,,,,
rel-002330,obs-hdd18-2022-07,period-2022-07,AT_TIME,观测统计期,,,,
rel-002331,obs-hdd18-2022-07,source-open-meteo-era5-land,FROM_SOURCE,数据来源,,,,
rel-002332,obs-hot-days-2022-07,feature-hot-days,MEASURES,观测对应指标,,,,
rel-002333,obs-hot-days-2022-07,region-zhejiang,OBSERVED_IN,观测空间范围,,,,
rel-002334,obs-hot-days-2022-07,period-2022-07,AT_TIME,观测统计期,,,,
rel-002335,obs-hot-days-2022-07,source-open-meteo-era5-land,FROM_SOURCE,数据来源,,,,
rel-002336,obs-cold-days-2022-07,feature-cold-days,MEASURES,观测对应指标,,,,
rel-002337,obs-cold-days-2022-07,region-zhejiang,OBSERVED_IN,观测空间范围,,,,
rel-002338,obs-cold-days-2022-07,period-2022-07,AT_TIME,观测统计期,,,,
rel-002339,obs-cold-days-2022-07,source-open-meteo-era5-land,FROM_SOURCE,数据来源,,,,
rel-002340,obs-temp-mean-2022-08,indicator-temp-mean,MEASURES,观测对应指标,,,,
rel-002341,obs-temp-mean-2022-08,region-zhejiang,OBSERVED_IN,观测空间范围,,,,
rel-002342,obs-temp-mean-2022-08,period-2022-08,AT_TIME,观测统计期,,,,
rel-002343,obs-temp-mean-2022-08,source-open-meteo-era5-land,FROM_SOURCE,数据来源,,,,
rel-002344,obs-temp-max-mean-2022-08,indicator-temp-max-mean,MEASURES,观测对应指标,,,,
rel-002345,obs-temp-max-mean-2022-08,region-zhejiang,OBSERVED_IN,观测空间范围,,,,
rel-002346,obs-temp-max-mean-2022-08,period-2022-08,AT_TIME,观测统计期,,,,
rel-002347,obs-temp-max-mean-2022-08,source-open-meteo-era5-land,FROM_SOURCE,数据来源,,,,
rel-002348,obs-temp-min-mean-2022-08,indicator-temp-min-mean,MEASURES,观测对应指标,,,,
rel-002349,obs-temp-min-mean-2022-08,region-zhejiang,OBSERVED_IN,观测空间范围,,,,
rel-002350,obs-temp-min-mean-2022-08,period-2022-08,AT_TIME,观测统计期,,,,
rel-002351,obs-temp-min-mean-2022-08,source-open-meteo-era5-land,FROM_SOURCE,数据来源,,,,
rel-002352,obs-temp-abs-max-2022-08,indicator-temp-abs-max,MEASURES,观测对应指标,,,,
rel-002353,obs-temp-abs-max-2022-08,region-zhejiang,OBSERVED_IN,观测空间范围,,,,
rel-002354,obs-temp-abs-max-2022-08,period-2022-08,AT_TIME,观测统计期,,,,
rel-002355,obs-temp-abs-max-2022-08,source-open-meteo-era5-land,FROM_SOURCE,数据来源,,,,
rel-002356,obs-temp-abs-min-2022-08,indicator-temp-abs-min,MEASURES,观测对应指标,,,,
rel-002357,obs-temp-abs-min-2022-08,region-zhejiang,OBSERVED_IN,观测空间范围,,,,
rel-002358,obs-temp-abs-min-2022-08,period-2022-08,AT_TIME,观测统计期,,,,
rel-002359,obs-temp-abs-min-2022-08,source-open-meteo-era5-land,FROM_SOURCE,数据来源,,,,
rel-002360,obs-cdd18-2022-08,feature-cdd18,MEASURES,观测对应指标,,,,
rel-002361,obs-cdd18-2022-08,region-zhejiang,OBSERVED_IN,观测空间范围,,,,
rel-002362,obs-cdd18-2022-08,period-2022-08,AT_TIME,观测统计期,,,,
rel-002363,obs-cdd18-2022-08,source-open-meteo-era5-land,FROM_SOURCE,数据来源,,,,
rel-002364,obs-hdd18-2022-08,feature-hdd18,MEASURES,观测对应指标,,,,
rel-002365,obs-hdd18-2022-08,region-zhejiang,OBSERVED_IN,观测空间范围,,,,
rel-002366,obs-hdd18-2022-08,period-2022-08,AT_TIME,观测统计期,,,,
rel-002367,obs-hdd18-2022-08,source-open-meteo-era5-land,FROM_SOURCE,数据来源,,,,
rel-002368,obs-hot-days-2022-08,feature-hot-days,MEASURES,观测对应指标,,,,
rel-002369,obs-hot-days-2022-08,region-zhejiang,OBSERVED_IN,观测空间范围,,,,
rel-002370,obs-hot-days-2022-08,period-2022-08,AT_TIME,观测统计期,,,,
rel-002371,obs-hot-days-2022-08,source-open-meteo-era5-land,FROM_SOURCE,数据来源,,,,
rel-002372,obs-cold-days-2022-08,feature-cold-days,MEASURES,观测对应指标,,,,
rel-002373,obs-cold-days-2022-08,region-zhejiang,OBSERVED_IN,观测空间范围,,,,
rel-002374,obs-cold-days-2022-08,period-2022-08,AT_TIME,观测统计期,,,,
rel-002375,obs-cold-days-2022-08,source-open-meteo-era5-land,FROM_SOURCE,数据来源,,,,
rel-002376,obs-temp-mean-2022-09,indicator-temp-mean,MEASURES,观测对应指标,,,,
rel-002377,obs-temp-mean-2022-09,region-zhejiang,OBSERVED_IN,观测空间范围,,,,
rel-002378,obs-temp-mean-2022-09,period-2022-09,AT_TIME,观测统计期,,,,
rel-002379,obs-temp-mean-2022-09,source-open-meteo-era5-land,FROM_SOURCE,数据来源,,,,
rel-002380,obs-temp-max-mean-2022-09,indicator-temp-max-mean,MEASURES,观测对应指标,,,,
rel-002381,obs-temp-max-mean-2022-09,region-zhejiang,OBSERVED_IN,观测空间范围,,,,
rel-002382,obs-temp-max-mean-2022-09,period-2022-09,AT_TIME,观测统计期,,,,
rel-002383,obs-temp-max-mean-2022-09,source-open-meteo-era5-land,FROM_SOURCE,数据来源,,,,
rel-002384,obs-temp-min-mean-2022-09,indicator-temp-min-mean,MEASURES,观测对应指标,,,,
rel-002385,obs-temp-min-mean-2022-09,region-zhejiang,OBSERVED_IN,观测空间范围,,,,
rel-002386,obs-temp-min-mean-2022-09,period-2022-09,AT_TIME,观测统计期,,,,
rel-002387,obs-temp-min-mean-2022-09,source-open-meteo-era5-land,FROM_SOURCE,数据来源,,,,
rel-002388,obs-temp-abs-max-2022-09,indicator-temp-abs-max,MEASURES,观测对应指标,,,,
rel-002389,obs-temp-abs-max-2022-09,region-zhejiang,OBSERVED_IN,观测空间范围,,,,
rel-002390,obs-temp-abs-max-2022-09,period-2022-09,AT_TIME,观测统计期,,,,
rel-002391,obs-temp-abs-max-2022-09,source-open-meteo-era5-land,FROM_SOURCE,数据来源,,,,
rel-002392,obs-temp-abs-min-2022-09,indicator-temp-abs-min,MEASURES,观测对应指标,,,,
rel-002393,obs-temp-abs-min-2022-09,region-zhejiang,OBSERVED_IN,观测空间范围,,,,
rel-002394,obs-temp-abs-min-2022-09,period-2022-09,AT_TIME,观测统计期,,,,
rel-002395,obs-temp-abs-min-2022-09,source-open-meteo-era5-land,FROM_SOURCE,数据来源,,,,
rel-002396,obs-cdd18-2022-09,feature-cdd18,MEASURES,观测对应指标,,,,
rel-002397,obs-cdd18-2022-09,region-zhejiang,OBSERVED_IN,观测空间范围,,,,
rel-002398,obs-cdd18-2022-09,period-2022-09,AT_TIME,观测统计期,,,,
rel-002399,obs-cdd18-2022-09,source-open-meteo-era5-land,FROM_SOURCE,数据来源,,,,
rel-002400,obs-hdd18-2022-09,feature-hdd18,MEASURES,观测对应指标,,,,
rel-002401,obs-hdd18-2022-09,region-zhejiang,OBSERVED_IN,观测空间范围,,,,
rel-002402,obs-hdd18-2022-09,period-2022-09,AT_TIME,观测统计期,,,,
rel-002403,obs-hdd18-2022-09,source-open-meteo-era5-land,FROM_SOURCE,数据来源,,,,
rel-002404,obs-hot-days-2022-09,feature-hot-days,MEASURES,观测对应指标,,,,
rel-002405,obs-hot-days-2022-09,region-zhejiang,OBSERVED_IN,观测空间范围,,,,
rel-002406,obs-hot-days-2022-09,period-2022-09,AT_TIME,观测统计期,,,,
rel-002407,obs-hot-days-2022-09,source-open-meteo-era5-land,FROM_SOURCE,数据来源,,,,
rel-002408,obs-cold-days-2022-09,feature-cold-days,MEASURES,观测对应指标,,,,
rel-002409,obs-cold-days-2022-09,region-zhejiang,OBSERVED_IN,观测空间范围,,,,
rel-002410,obs-cold-days-2022-09,period-2022-09,AT_TIME,观测统计期,,,,
rel-002411,obs-cold-days-2022-09,source-open-meteo-era5-land,FROM_SOURCE,数据来源,,,,
rel-002412,obs-temp-mean-2022-10,indicator-temp-mean,MEASURES,观测对应指标,,,,
rel-002413,obs-temp-mean-2022-10,region-zhejiang,OBSERVED_IN,观测空间范围,,,,
rel-002414,obs-temp-mean-2022-10,period-2022-10,AT_TIME,观测统计期,,,,
rel-002415,obs-temp-mean-2022-10,source-open-meteo-era5-land,FROM_SOURCE,数据来源,,,,
rel-002416,obs-temp-max-mean-2022-10,indicator-temp-max-mean,MEASURES,观测对应指标,,,,
rel-002417,obs-temp-max-mean-2022-10,region-zhejiang,OBSERVED_IN,观测空间范围,,,,
rel-002418,obs-temp-max-mean-2022-10,period-2022-10,AT_TIME,观测统计期,,,,
rel-002419,obs-temp-max-mean-2022-10,source-open-meteo-era5-land,FROM_SOURCE,数据来源,,,,
rel-002420,obs-temp-min-mean-2022-10,indicator-temp-min-mean,MEASURES,观测对应指标,,,,
rel-002421,obs-temp-min-mean-2022-10,region-zhejiang,OBSERVED_IN,观测空间范围,,,,
rel-002422,obs-temp-min-mean-2022-10,period-2022-10,AT_TIME,观测统计期,,,,
rel-002423,obs-temp-min-mean-2022-10,source-open-meteo-era5-land,FROM_SOURCE,数据来源,,,,
rel-002424,obs-temp-abs-max-2022-10,indicator-temp-abs-max,MEASURES,观测对应指标,,,,
rel-002425,obs-temp-abs-max-2022-10,region-zhejiang,OBSERVED_IN,观测空间范围,,,,
rel-002426,obs-temp-abs-max-2022-10,period-2022-10,AT_TIME,观测统计期,,,,
rel-002427,obs-temp-abs-max-2022-10,source-open-meteo-era5-land,FROM_SOURCE,数据来源,,,,
rel-002428,obs-temp-abs-min-2022-10,indicator-temp-abs-min,MEASURES,观测对应指标,,,,
rel-002429,obs-temp-abs-min-2022-10,region-zhejiang,OBSERVED_IN,观测空间范围,,,,
rel-002430,obs-temp-abs-min-2022-10,period-2022-10,AT_TIME,观测统计期,,,,
rel-002431,obs-temp-abs-min-2022-10,source-open-meteo-era5-land,FROM_SOURCE,数据来源,,,,
rel-002432,obs-cdd18-2022-10,feature-cdd18,MEASURES,观测对应指标,,,,
rel-002433,obs-cdd18-2022-10,region-zhejiang,OBSERVED_IN,观测空间范围,,,,
rel-002434,obs-cdd18-2022-10,period-2022-10,AT_TIME,观测统计期,,,,
rel-002435,obs-cdd18-2022-10,source-open-meteo-era5-land,FROM_SOURCE,数据来源,,,,
rel-002436,obs-hdd18-2022-10,feature-hdd18,MEASURES,观测对应指标,,,,
rel-002437,obs-hdd18-2022-10,region-zhejiang,OBSERVED_IN,观测空间范围,,,,
rel-002438,obs-hdd18-2022-10,period-2022-10,AT_TIME,观测统计期,,,,
rel-002439,obs-hdd18-2022-10,source-open-meteo-era5-land,FROM_SOURCE,数据来源,,,,
rel-002440,obs-hot-days-2022-10,feature-hot-days,MEASURES,观测对应指标,,,,
rel-002441,obs-hot-days-2022-10,region-zhejiang,OBSERVED_IN,观测空间范围,,,,
rel-002442,obs-hot-days-2022-10,period-2022-10,AT_TIME,观测统计期,,,,
rel-002443,obs-hot-days-2022-10,source-open-meteo-era5-land,FROM_SOURCE,数据来源,,,,
rel-002444,obs-cold-days-2022-10,feature-cold-days,MEASURES,观测对应指标,,,,
rel-002445,obs-cold-days-2022-10,region-zhejiang,OBSERVED_IN,观测空间范围,,,,
rel-002446,obs-cold-days-2022-10,period-2022-10,AT_TIME,观测统计期,,,,
rel-002447,obs-cold-days-2022-10,source-open-meteo-era5-land,FROM_SOURCE,数据来源,,,,
rel-002448,obs-temp-mean-2022-11,indicator-temp-mean,MEASURES,观测对应指标,,,,
rel-002449,obs-temp-mean-2022-11,region-zhejiang,OBSERVED_IN,观测空间范围,,,,
rel-002450,obs-temp-mean-2022-11,period-2022-11,AT_TIME,观测统计期,,,,
rel-002451,obs-temp-mean-2022-11,source-open-meteo-era5-land,FROM_SOURCE,数据来源,,,,
rel-002452,obs-temp-max-mean-2022-11,indicator-temp-max-mean,MEASURES,观测对应指标,,,,
rel-002453,obs-temp-max-mean-2022-11,region-zhejiang,OBSERVED_IN,观测空间范围,,,,
rel-002454,obs-temp-max-mean-2022-11,period-2022-11,AT_TIME,观测统计期,,,,
rel-002455,obs-temp-max-mean-2022-11,source-open-meteo-era5-land,FROM_SOURCE,数据来源,,,,
rel-002456,obs-temp-min-mean-2022-11,indicator-temp-min-mean,MEASURES,观测对应指标,,,,
rel-002457,obs-temp-min-mean-2022-11,region-zhejiang,OBSERVED_IN,观测空间范围,,,,
rel-002458,obs-temp-min-mean-2022-11,period-2022-11,AT_TIME,观测统计期,,,,
rel-002459,obs-temp-min-mean-2022-11,source-open-meteo-era5-land,FROM_SOURCE,数据来源,,,,
rel-002460,obs-temp-abs-max-2022-11,indicator-temp-abs-max,MEASURES,观测对应指标,,,,
rel-002461,obs-temp-abs-max-2022-11,region-zhejiang,OBSERVED_IN,观测空间范围,,,,
rel-002462,obs-temp-abs-max-2022-11,period-2022-11,AT_TIME,观测统计期,,,,
rel-002463,obs-temp-abs-max-2022-11,source-open-meteo-era5-land,FROM_SOURCE,数据来源,,,,
rel-002464,obs-temp-abs-min-2022-11,indicator-temp-abs-min,MEASURES,观测对应指标,,,,
rel-002465,obs-temp-abs-min-2022-11,region-zhejiang,OBSERVED_IN,观测空间范围,,,,
rel-002466,obs-temp-abs-min-2022-11,period-2022-11,AT_TIME,观测统计期,,,,
rel-002467,obs-temp-abs-min-2022-11,source-open-meteo-era5-land,FROM_SOURCE,数据来源,,,,
rel-002468,obs-cdd18-2022-11,feature-cdd18,MEASURES,观测对应指标,,,,
rel-002469,obs-cdd18-2022-11,region-zhejiang,OBSERVED_IN,观测空间范围,,,,
rel-002470,obs-cdd18-2022-11,period-2022-11,AT_TIME,观测统计期,,,,
rel-002471,obs-cdd18-2022-11,source-open-meteo-era5-land,FROM_SOURCE,数据来源,,,,
rel-002472,obs-hdd18-2022-11,feature-hdd18,MEASURES,观测对应指标,,,,
rel-002473,obs-hdd18-2022-11,region-zhejiang,OBSERVED_IN,观测空间范围,,,,
rel-002474,obs-hdd18-2022-11,period-2022-11,AT_TIME,观测统计期,,,,
rel-002475,obs-hdd18-2022-11,source-open-meteo-era5-land,FROM_SOURCE,数据来源,,,,
rel-002476,obs-hot-days-2022-11,feature-hot-days,MEASURES,观测对应指标,,,,
rel-002477,obs-hot-days-2022-11,region-zhejiang,OBSERVED_IN,观测空间范围,,,,
rel-002478,obs-hot-days-2022-11,period-2022-11,AT_TIME,观测统计期,,,,
rel-002479,obs-hot-days-2022-11,source-open-meteo-era5-land,FROM_SOURCE,数据来源,,,,
rel-002480,obs-cold-days-2022-11,feature-cold-days,MEASURES,观测对应指标,,,,
rel-002481,obs-cold-days-2022-11,region-zhejiang,OBSERVED_IN,观测空间范围,,,,
rel-002482,obs-cold-days-2022-11,period-2022-11,AT_TIME,观测统计期,,,,
rel-002483,obs-cold-days-2022-11,source-open-meteo-era5-land,FROM_SOURCE,数据来源,,,,
rel-002484,obs-temp-mean-2022-12,indicator-temp-mean,MEASURES,观测对应指标,,,,
rel-002485,obs-temp-mean-2022-12,region-zhejiang,OBSERVED_IN,观测空间范围,,,,
rel-002486,obs-temp-mean-2022-12,period-2022-12,AT_TIME,观测统计期,,,,
rel-002487,obs-temp-mean-2022-12,source-open-meteo-era5-land,FROM_SOURCE,数据来源,,,,
rel-002488,obs-temp-max-mean-2022-12,indicator-temp-max-mean,MEASURES,观测对应指标,,,,
rel-002489,obs-temp-max-mean-2022-12,region-zhejiang,OBSERVED_IN,观测空间范围,,,,
rel-002490,obs-temp-max-mean-2022-12,period-2022-12,AT_TIME,观测统计期,,,,
rel-002491,obs-temp-max-mean-2022-12,source-open-meteo-era5-land,FROM_SOURCE,数据来源,,,,
rel-002492,obs-temp-min-mean-2022-12,indicator-temp-min-mean,MEASURES,观测对应指标,,,,
rel-002493,obs-temp-min-mean-2022-12,region-zhejiang,OBSERVED_IN,观测空间范围,,,,
rel-002494,obs-temp-min-mean-2022-12,period-2022-12,AT_TIME,观测统计期,,,,
rel-002495,obs-temp-min-mean-2022-12,source-open-meteo-era5-land,FROM_SOURCE,数据来源,,,,
rel-002496,obs-temp-abs-max-2022-12,indicator-temp-abs-max,MEASURES,观测对应指标,,,,
rel-002497,obs-temp-abs-max-2022-12,region-zhejiang,OBSERVED_IN,观测空间范围,,,,
rel-002498,obs-temp-abs-max-2022-12,period-2022-12,AT_TIME,观测统计期,,,,
rel-002499,obs-temp-abs-max-2022-12,source-open-meteo-era5-land,FROM_SOURCE,数据来源,,,,
rel-002500,obs-temp-abs-min-2022-12,indicator-temp-abs-min,MEASURES,观测对应指标,,,,
rel-002501,obs-temp-abs-min-2022-12,region-zhejiang,OBSERVED_IN,观测空间范围,,,,
rel-002502,obs-temp-abs-min-2022-12,period-2022-12,AT_TIME,观测统计期,,,,
rel-002503,obs-temp-abs-min-2022-12,source-open-meteo-era5-land,FROM_SOURCE,数据来源,,,,
rel-002504,obs-cdd18-2022-12,feature-cdd18,MEASURES,观测对应指标,,,,
rel-002505,obs-cdd18-2022-12,region-zhejiang,OBSERVED_IN,观测空间范围,,,,
rel-002506,obs-cdd18-2022-12,period-2022-12,AT_TIME,观测统计期,,,,
rel-002507,obs-cdd18-2022-12,source-open-meteo-era5-land,FROM_SOURCE,数据来源,,,,
rel-002508,obs-hdd18-2022-12,feature-hdd18,MEASURES,观测对应指标,,,,
rel-002509,obs-hdd18-2022-12,region-zhejiang,OBSERVED_IN,观测空间范围,,,,
rel-002510,obs-hdd18-2022-12,period-2022-12,AT_TIME,观测统计期,,,,
rel-002511,obs-hdd18-2022-12,source-open-meteo-era5-land,FROM_SOURCE,数据来源,,,,
rel-002512,obs-hot-days-2022-12,feature-hot-days,MEASURES,观测对应指标,,,,
rel-002513,obs-hot-days-2022-12,region-zhejiang,OBSERVED_IN,观测空间范围,,,,
rel-002514,obs-hot-days-2022-12,period-2022-12,AT_TIME,观测统计期,,,,
rel-002515,obs-hot-days-2022-12,source-open-meteo-era5-land,FROM_SOURCE,数据来源,,,,
rel-002516,obs-cold-days-2022-12,feature-cold-days,MEASURES,观测对应指标,,,,
rel-002517,obs-cold-days-2022-12,region-zhejiang,OBSERVED_IN,观测空间范围,,,,
rel-002518,obs-cold-days-2022-12,period-2022-12,AT_TIME,观测统计期,,,,
rel-002519,obs-cold-days-2022-12,source-open-meteo-era5-land,FROM_SOURCE,数据来源,,,,
rel-002520,obs-temp-mean-2023-01,indicator-temp-mean,MEASURES,观测对应指标,,,,
rel-002521,obs-temp-mean-2023-01,region-zhejiang,OBSERVED_IN,观测空间范围,,,,
rel-002522,obs-temp-mean-2023-01,period-2023-01,AT_TIME,观测统计期,,,,
rel-002523,obs-temp-mean-2023-01,source-open-meteo-era5-land,FROM_SOURCE,数据来源,,,,
rel-002524,obs-temp-max-mean-2023-01,indicator-temp-max-mean,MEASURES,观测对应指标,,,,
rel-002525,obs-temp-max-mean-2023-01,region-zhejiang,OBSERVED_IN,观测空间范围,,,,
rel-002526,obs-temp-max-mean-2023-01,period-2023-01,AT_TIME,观测统计期,,,,
rel-002527,obs-temp-max-mean-2023-01,source-open-meteo-era5-land,FROM_SOURCE,数据来源,,,,
rel-002528,obs-temp-min-mean-2023-01,indicator-temp-min-mean,MEASURES,观测对应指标,,,,
rel-002529,obs-temp-min-mean-2023-01,region-zhejiang,OBSERVED_IN,观测空间范围,,,,
rel-002530,obs-temp-min-mean-2023-01,period-2023-01,AT_TIME,观测统计期,,,,
rel-002531,obs-temp-min-mean-2023-01,source-open-meteo-era5-land,FROM_SOURCE,数据来源,,,,
rel-002532,obs-temp-abs-max-2023-01,indicator-temp-abs-max,MEASURES,观测对应指标,,,,
rel-002533,obs-temp-abs-max-2023-01,region-zhejiang,OBSERVED_IN,观测空间范围,,,,
rel-002534,obs-temp-abs-max-2023-01,period-2023-01,AT_TIME,观测统计期,,,,
rel-002535,obs-temp-abs-max-2023-01,source-open-meteo-era5-land,FROM_SOURCE,数据来源,,,,
rel-002536,obs-temp-abs-min-2023-01,indicator-temp-abs-min,MEASURES,观测对应指标,,,,
rel-002537,obs-temp-abs-min-2023-01,region-zhejiang,OBSERVED_IN,观测空间范围,,,,
rel-002538,obs-temp-abs-min-2023-01,period-2023-01,AT_TIME,观测统计期,,,,
rel-002539,obs-temp-abs-min-2023-01,source-open-meteo-era5-land,FROM_SOURCE,数据来源,,,,
rel-002540,obs-cdd18-2023-01,feature-cdd18,MEASURES,观测对应指标,,,,
rel-002541,obs-cdd18-2023-01,region-zhejiang,OBSERVED_IN,观测空间范围,,,,
rel-002542,obs-cdd18-2023-01,period-2023-01,AT_TIME,观测统计期,,,,
rel-002543,obs-cdd18-2023-01,source-open-meteo-era5-land,FROM_SOURCE,数据来源,,,,
rel-002544,obs-hdd18-2023-01,feature-hdd18,MEASURES,观测对应指标,,,,
rel-002545,obs-hdd18-2023-01,region-zhejiang,OBSERVED_IN,观测空间范围,,,,
rel-002546,obs-hdd18-2023-01,period-2023-01,AT_TIME,观测统计期,,,,
rel-002547,obs-hdd18-2023-01,source-open-meteo-era5-land,FROM_SOURCE,数据来源,,,,
rel-002548,obs-hot-days-2023-01,feature-hot-days,MEASURES,观测对应指标,,,,
rel-002549,obs-hot-days-2023-01,region-zhejiang,OBSERVED_IN,观测空间范围,,,,
rel-002550,obs-hot-days-2023-01,period-2023-01,AT_TIME,观测统计期,,,,
rel-002551,obs-hot-days-2023-01,source-open-meteo-era5-land,FROM_SOURCE,数据来源,,,,
rel-002552,obs-cold-days-2023-01,feature-cold-days,MEASURES,观测对应指标,,,,
rel-002553,obs-cold-days-2023-01,region-zhejiang,OBSERVED_IN,观测空间范围,,,,
rel-002554,obs-cold-days-2023-01,period-2023-01,AT_TIME,观测统计期,,,,
rel-002555,obs-cold-days-2023-01,source-open-meteo-era5-land,FROM_SOURCE,数据来源,,,,
rel-002556,obs-temp-mean-2023-02,indicator-temp-mean,MEASURES,观测对应指标,,,,
rel-002557,obs-temp-mean-2023-02,region-zhejiang,OBSERVED_IN,观测空间范围,,,,
rel-002558,obs-temp-mean-2023-02,period-2023-02,AT_TIME,观测统计期,,,,
rel-002559,obs-temp-mean-2023-02,source-open-meteo-era5-land,FROM_SOURCE,数据来源,,,,
rel-002560,obs-temp-max-mean-2023-02,indicator-temp-max-mean,MEASURES,观测对应指标,,,,
rel-002561,obs-temp-max-mean-2023-02,region-zhejiang,OBSERVED_IN,观测空间范围,,,,
rel-002562,obs-temp-max-mean-2023-02,period-2023-02,AT_TIME,观测统计期,,,,
rel-002563,obs-temp-max-mean-2023-02,source-open-meteo-era5-land,FROM_SOURCE,数据来源,,,,
rel-002564,obs-temp-min-mean-2023-02,indicator-temp-min-mean,MEASURES,观测对应指标,,,,
rel-002565,obs-temp-min-mean-2023-02,region-zhejiang,OBSERVED_IN,观测空间范围,,,,
rel-002566,obs-temp-min-mean-2023-02,period-2023-02,AT_TIME,观测统计期,,,,
rel-002567,obs-temp-min-mean-2023-02,source-open-meteo-era5-land,FROM_SOURCE,数据来源,,,,
rel-002568,obs-temp-abs-max-2023-02,indicator-temp-abs-max,MEASURES,观测对应指标,,,,
rel-002569,obs-temp-abs-max-2023-02,region-zhejiang,OBSERVED_IN,观测空间范围,,,,
rel-002570,obs-temp-abs-max-2023-02,period-2023-02,AT_TIME,观测统计期,,,,
rel-002571,obs-temp-abs-max-2023-02,source-open-meteo-era5-land,FROM_SOURCE,数据来源,,,,
rel-002572,obs-temp-abs-min-2023-02,indicator-temp-abs-min,MEASURES,观测对应指标,,,,
rel-002573,obs-temp-abs-min-2023-02,region-zhejiang,OBSERVED_IN,观测空间范围,,,,
rel-002574,obs-temp-abs-min-2023-02,period-2023-02,AT_TIME,观测统计期,,,,
rel-002575,obs-temp-abs-min-2023-02,source-open-meteo-era5-land,FROM_SOURCE,数据来源,,,,
rel-002576,obs-cdd18-2023-02,feature-cdd18,MEASURES,观测对应指标,,,,
rel-002577,obs-cdd18-2023-02,region-zhejiang,OBSERVED_IN,观测空间范围,,,,
rel-002578,obs-cdd18-2023-02,period-2023-02,AT_TIME,观测统计期,,,,
rel-002579,obs-cdd18-2023-02,source-open-meteo-era5-land,FROM_SOURCE,数据来源,,,,
rel-002580,obs-hdd18-2023-02,feature-hdd18,MEASURES,观测对应指标,,,,
rel-002581,obs-hdd18-2023-02,region-zhejiang,OBSERVED_IN,观测空间范围,,,,
rel-002582,obs-hdd18-2023-02,period-2023-02,AT_TIME,观测统计期,,,,
rel-002583,obs-hdd18-2023-02,source-open-meteo-era5-land,FROM_SOURCE,数据来源,,,,
rel-002584,obs-hot-days-2023-02,feature-hot-days,MEASURES,观测对应指标,,,,
rel-002585,obs-hot-days-2023-02,region-zhejiang,OBSERVED_IN,观测空间范围,,,,
rel-002586,obs-hot-days-2023-02,period-2023-02,AT_TIME,观测统计期,,,,
rel-002587,obs-hot-days-2023-02,source-open-meteo-era5-land,FROM_SOURCE,数据来源,,,,
rel-002588,obs-cold-days-2023-02,feature-cold-days,MEASURES,观测对应指标,,,,
rel-002589,obs-cold-days-2023-02,region-zhejiang,OBSERVED_IN,观测空间范围,,,,
rel-002590,obs-cold-days-2023-02,period-2023-02,AT_TIME,观测统计期,,,,
rel-002591,obs-cold-days-2023-02,source-open-meteo-era5-land,FROM_SOURCE,数据来源,,,,
rel-002592,obs-temp-mean-2023-03,indicator-temp-mean,MEASURES,观测对应指标,,,,
rel-002593,obs-temp-mean-2023-03,region-zhejiang,OBSERVED_IN,观测空间范围,,,,
rel-002594,obs-temp-mean-2023-03,period-2023-03,AT_TIME,观测统计期,,,,
rel-002595,obs-temp-mean-2023-03,source-open-meteo-era5-land,FROM_SOURCE,数据来源,,,,
rel-002596,obs-temp-max-mean-2023-03,indicator-temp-max-mean,MEASURES,观测对应指标,,,,
rel-002597,obs-temp-max-mean-2023-03,region-zhejiang,OBSERVED_IN,观测空间范围,,,,
rel-002598,obs-temp-max-mean-2023-03,period-2023-03,AT_TIME,观测统计期,,,,
rel-002599,obs-temp-max-mean-2023-03,source-open-meteo-era5-land,FROM_SOURCE,数据来源,,,,
rel-002600,obs-temp-min-mean-2023-03,indicator-temp-min-mean,MEASURES,观测对应指标,,,,
rel-002601,obs-temp-min-mean-2023-03,region-zhejiang,OBSERVED_IN,观测空间范围,,,,
rel-002602,obs-temp-min-mean-2023-03,period-2023-03,AT_TIME,观测统计期,,,,
rel-002603,obs-temp-min-mean-2023-03,source-open-meteo-era5-land,FROM_SOURCE,数据来源,,,,
rel-002604,obs-temp-abs-max-2023-03,indicator-temp-abs-max,MEASURES,观测对应指标,,,,
rel-002605,obs-temp-abs-max-2023-03,region-zhejiang,OBSERVED_IN,观测空间范围,,,,
rel-002606,obs-temp-abs-max-2023-03,period-2023-03,AT_TIME,观测统计期,,,,
rel-002607,obs-temp-abs-max-2023-03,source-open-meteo-era5-land,FROM_SOURCE,数据来源,,,,
rel-002608,obs-temp-abs-min-2023-03,indicator-temp-abs-min,MEASURES,观测对应指标,,,,
rel-002609,obs-temp-abs-min-2023-03,region-zhejiang,OBSERVED_IN,观测空间范围,,,,
rel-002610,obs-temp-abs-min-2023-03,period-2023-03,AT_TIME,观测统计期,,,,
rel-002611,obs-temp-abs-min-2023-03,source-open-meteo-era5-land,FROM_SOURCE,数据来源,,,,
rel-002612,obs-cdd18-2023-03,feature-cdd18,MEASURES,观测对应指标,,,,
rel-002613,obs-cdd18-2023-03,region-zhejiang,OBSERVED_IN,观测空间范围,,,,
rel-002614,obs-cdd18-2023-03,period-2023-03,AT_TIME,观测统计期,,,,
rel-002615,obs-cdd18-2023-03,source-open-meteo-era5-land,FROM_SOURCE,数据来源,,,,
rel-002616,obs-hdd18-2023-03,feature-hdd18,MEASURES,观测对应指标,,,,
rel-002617,obs-hdd18-2023-03,region-zhejiang,OBSERVED_IN,观测空间范围,,,,
rel-002618,obs-hdd18-2023-03,period-2023-03,AT_TIME,观测统计期,,,,
rel-002619,obs-hdd18-2023-03,source-open-meteo-era5-land,FROM_SOURCE,数据来源,,,,
rel-002620,obs-hot-days-2023-03,feature-hot-days,MEASURES,观测对应指标,,,,
rel-002621,obs-hot-days-2023-03,region-zhejiang,OBSERVED_IN,观测空间范围,,,,
rel-002622,obs-hot-days-2023-03,period-2023-03,AT_TIME,观测统计期,,,,
rel-002623,obs-hot-days-2023-03,source-open-meteo-era5-land,FROM_SOURCE,数据来源,,,,
rel-002624,obs-cold-days-2023-03,feature-cold-days,MEASURES,观测对应指标,,,,
rel-002625,obs-cold-days-2023-03,region-zhejiang,OBSERVED_IN,观测空间范围,,,,
rel-002626,obs-cold-days-2023-03,period-2023-03,AT_TIME,观测统计期,,,,
rel-002627,obs-cold-days-2023-03,source-open-meteo-era5-land,FROM_SOURCE,数据来源,,,,
rel-002628,obs-temp-mean-2023-04,indicator-temp-mean,MEASURES,观测对应指标,,,,
rel-002629,obs-temp-mean-2023-04,region-zhejiang,OBSERVED_IN,观测空间范围,,,,
rel-002630,obs-temp-mean-2023-04,period-2023-04,AT_TIME,观测统计期,,,,
rel-002631,obs-temp-mean-2023-04,source-open-meteo-era5-land,FROM_SOURCE,数据来源,,,,
rel-002632,obs-temp-max-mean-2023-04,indicator-temp-max-mean,MEASURES,观测对应指标,,,,
rel-002633,obs-temp-max-mean-2023-04,region-zhejiang,OBSERVED_IN,观测空间范围,,,,
rel-002634,obs-temp-max-mean-2023-04,period-2023-04,AT_TIME,观测统计期,,,,
rel-002635,obs-temp-max-mean-2023-04,source-open-meteo-era5-land,FROM_SOURCE,数据来源,,,,
rel-002636,obs-temp-min-mean-2023-04,indicator-temp-min-mean,MEASURES,观测对应指标,,,,
rel-002637,obs-temp-min-mean-2023-04,region-zhejiang,OBSERVED_IN,观测空间范围,,,,
rel-002638,obs-temp-min-mean-2023-04,period-2023-04,AT_TIME,观测统计期,,,,
rel-002639,obs-temp-min-mean-2023-04,source-open-meteo-era5-land,FROM_SOURCE,数据来源,,,,
rel-002640,obs-temp-abs-max-2023-04,indicator-temp-abs-max,MEASURES,观测对应指标,,,,
rel-002641,obs-temp-abs-max-2023-04,region-zhejiang,OBSERVED_IN,观测空间范围,,,,
rel-002642,obs-temp-abs-max-2023-04,period-2023-04,AT_TIME,观测统计期,,,,
rel-002643,obs-temp-abs-max-2023-04,source-open-meteo-era5-land,FROM_SOURCE,数据来源,,,,
rel-002644,obs-temp-abs-min-2023-04,indicator-temp-abs-min,MEASURES,观测对应指标,,,,
rel-002645,obs-temp-abs-min-2023-04,region-zhejiang,OBSERVED_IN,观测空间范围,,,,
rel-002646,obs-temp-abs-min-2023-04,period-2023-04,AT_TIME,观测统计期,,,,
rel-002647,obs-temp-abs-min-2023-04,source-open-meteo-era5-land,FROM_SOURCE,数据来源,,,,
rel-002648,obs-cdd18-2023-04,feature-cdd18,MEASURES,观测对应指标,,,,
rel-002649,obs-cdd18-2023-04,region-zhejiang,OBSERVED_IN,观测空间范围,,,,
rel-002650,obs-cdd18-2023-04,period-2023-04,AT_TIME,观测统计期,,,,
rel-002651,obs-cdd18-2023-04,source-open-meteo-era5-land,FROM_SOURCE,数据来源,,,,
rel-002652,obs-hdd18-2023-04,feature-hdd18,MEASURES,观测对应指标,,,,
rel-002653,obs-hdd18-2023-04,region-zhejiang,OBSERVED_IN,观测空间范围,,,,
rel-002654,obs-hdd18-2023-04,period-2023-04,AT_TIME,观测统计期,,,,
rel-002655,obs-hdd18-2023-04,source-open-meteo-era5-land,FROM_SOURCE,数据来源,,,,
rel-002656,obs-hot-days-2023-04,feature-hot-days,MEASURES,观测对应指标,,,,
rel-002657,obs-hot-days-2023-04,region-zhejiang,OBSERVED_IN,观测空间范围,,,,
rel-002658,obs-hot-days-2023-04,period-2023-04,AT_TIME,观测统计期,,,,
rel-002659,obs-hot-days-2023-04,source-open-meteo-era5-land,FROM_SOURCE,数据来源,,,,
rel-002660,obs-cold-days-2023-04,feature-cold-days,MEASURES,观测对应指标,,,,
rel-002661,obs-cold-days-2023-04,region-zhejiang,OBSERVED_IN,观测空间范围,,,,
rel-002662,obs-cold-days-2023-04,period-2023-04,AT_TIME,观测统计期,,,,
rel-002663,obs-cold-days-2023-04,source-open-meteo-era5-land,FROM_SOURCE,数据来源,,,,
rel-002664,obs-temp-mean-2023-05,indicator-temp-mean,MEASURES,观测对应指标,,,,
rel-002665,obs-temp-mean-2023-05,region-zhejiang,OBSERVED_IN,观测空间范围,,,,
rel-002666,obs-temp-mean-2023-05,period-2023-05,AT_TIME,观测统计期,,,,
rel-002667,obs-temp-mean-2023-05,source-open-meteo-era5-land,FROM_SOURCE,数据来源,,,,
rel-002668,obs-temp-max-mean-2023-05,indicator-temp-max-mean,MEASURES,观测对应指标,,,,
rel-002669,obs-temp-max-mean-2023-05,region-zhejiang,OBSERVED_IN,观测空间范围,,,,
rel-002670,obs-temp-max-mean-2023-05,period-2023-05,AT_TIME,观测统计期,,,,
rel-002671,obs-temp-max-mean-2023-05,source-open-meteo-era5-land,FROM_SOURCE,数据来源,,,,
rel-002672,obs-temp-min-mean-2023-05,indicator-temp-min-mean,MEASURES,观测对应指标,,,,
rel-002673,obs-temp-min-mean-2023-05,region-zhejiang,OBSERVED_IN,观测空间范围,,,,
rel-002674,obs-temp-min-mean-2023-05,period-2023-05,AT_TIME,观测统计期,,,,
rel-002675,obs-temp-min-mean-2023-05,source-open-meteo-era5-land,FROM_SOURCE,数据来源,,,,
rel-002676,obs-temp-abs-max-2023-05,indicator-temp-abs-max,MEASURES,观测对应指标,,,,
rel-002677,obs-temp-abs-max-2023-05,region-zhejiang,OBSERVED_IN,观测空间范围,,,,
rel-002678,obs-temp-abs-max-2023-05,period-2023-05,AT_TIME,观测统计期,,,,
rel-002679,obs-temp-abs-max-2023-05,source-open-meteo-era5-land,FROM_SOURCE,数据来源,,,,
rel-002680,obs-temp-abs-min-2023-05,indicator-temp-abs-min,MEASURES,观测对应指标,,,,
rel-002681,obs-temp-abs-min-2023-05,region-zhejiang,OBSERVED_IN,观测空间范围,,,,
rel-002682,obs-temp-abs-min-2023-05,period-2023-05,AT_TIME,观测统计期,,,,
rel-002683,obs-temp-abs-min-2023-05,source-open-meteo-era5-land,FROM_SOURCE,数据来源,,,,
rel-002684,obs-cdd18-2023-05,feature-cdd18,MEASURES,观测对应指标,,,,
rel-002685,obs-cdd18-2023-05,region-zhejiang,OBSERVED_IN,观测空间范围,,,,
rel-002686,obs-cdd18-2023-05,period-2023-05,AT_TIME,观测统计期,,,,
rel-002687,obs-cdd18-2023-05,source-open-meteo-era5-land,FROM_SOURCE,数据来源,,,,
rel-002688,obs-hdd18-2023-05,feature-hdd18,MEASURES,观测对应指标,,,,
rel-002689,obs-hdd18-2023-05,region-zhejiang,OBSERVED_IN,观测空间范围,,,,
rel-002690,obs-hdd18-2023-05,period-2023-05,AT_TIME,观测统计期,,,,
rel-002691,obs-hdd18-2023-05,source-open-meteo-era5-land,FROM_SOURCE,数据来源,,,,
rel-002692,obs-hot-days-2023-05,feature-hot-days,MEASURES,观测对应指标,,,,
rel-002693,obs-hot-days-2023-05,region-zhejiang,OBSERVED_IN,观测空间范围,,,,
rel-002694,obs-hot-days-2023-05,period-2023-05,AT_TIME,观测统计期,,,,
rel-002695,obs-hot-days-2023-05,source-open-meteo-era5-land,FROM_SOURCE,数据来源,,,,
rel-002696,obs-cold-days-2023-05,feature-cold-days,MEASURES,观测对应指标,,,,
rel-002697,obs-cold-days-2023-05,region-zhejiang,OBSERVED_IN,观测空间范围,,,,
rel-002698,obs-cold-days-2023-05,period-2023-05,AT_TIME,观测统计期,,,,
rel-002699,obs-cold-days-2023-05,source-open-meteo-era5-land,FROM_SOURCE,数据来源,,,,
rel-002700,obs-temp-mean-2023-06,indicator-temp-mean,MEASURES,观测对应指标,,,,
rel-002701,obs-temp-mean-2023-06,region-zhejiang,OBSERVED_IN,观测空间范围,,,,
rel-002702,obs-temp-mean-2023-06,period-2023-06,AT_TIME,观测统计期,,,,
rel-002703,obs-temp-mean-2023-06,source-open-meteo-era5-land,FROM_SOURCE,数据来源,,,,
rel-002704,obs-temp-max-mean-2023-06,indicator-temp-max-mean,MEASURES,观测对应指标,,,,
rel-002705,obs-temp-max-mean-2023-06,region-zhejiang,OBSERVED_IN,观测空间范围,,,,
rel-002706,obs-temp-max-mean-2023-06,period-2023-06,AT_TIME,观测统计期,,,,
rel-002707,obs-temp-max-mean-2023-06,source-open-meteo-era5-land,FROM_SOURCE,数据来源,,,,
rel-002708,obs-temp-min-mean-2023-06,indicator-temp-min-mean,MEASURES,观测对应指标,,,,
rel-002709,obs-temp-min-mean-2023-06,region-zhejiang,OBSERVED_IN,观测空间范围,,,,
rel-002710,obs-temp-min-mean-2023-06,period-2023-06,AT_TIME,观测统计期,,,,
rel-002711,obs-temp-min-mean-2023-06,source-open-meteo-era5-land,FROM_SOURCE,数据来源,,,,
rel-002712,obs-temp-abs-max-2023-06,indicator-temp-abs-max,MEASURES,观测对应指标,,,,
rel-002713,obs-temp-abs-max-2023-06,region-zhejiang,OBSERVED_IN,观测空间范围,,,,
rel-002714,obs-temp-abs-max-2023-06,period-2023-06,AT_TIME,观测统计期,,,,
rel-002715,obs-temp-abs-max-2023-06,source-open-meteo-era5-land,FROM_SOURCE,数据来源,,,,
rel-002716,obs-temp-abs-min-2023-06,indicator-temp-abs-min,MEASURES,观测对应指标,,,,
rel-002717,obs-temp-abs-min-2023-06,region-zhejiang,OBSERVED_IN,观测空间范围,,,,
rel-002718,obs-temp-abs-min-2023-06,period-2023-06,AT_TIME,观测统计期,,,,
rel-002719,obs-temp-abs-min-2023-06,source-open-meteo-era5-land,FROM_SOURCE,数据来源,,,,
rel-002720,obs-cdd18-2023-06,feature-cdd18,MEASURES,观测对应指标,,,,
rel-002721,obs-cdd18-2023-06,region-zhejiang,OBSERVED_IN,观测空间范围,,,,
rel-002722,obs-cdd18-2023-06,period-2023-06,AT_TIME,观测统计期,,,,
rel-002723,obs-cdd18-2023-06,source-open-meteo-era5-land,FROM_SOURCE,数据来源,,,,
rel-002724,obs-hdd18-2023-06,feature-hdd18,MEASURES,观测对应指标,,,,
rel-002725,obs-hdd18-2023-06,region-zhejiang,OBSERVED_IN,观测空间范围,,,,
rel-002726,obs-hdd18-2023-06,period-2023-06,AT_TIME,观测统计期,,,,
rel-002727,obs-hdd18-2023-06,source-open-meteo-era5-land,FROM_SOURCE,数据来源,,,,
rel-002728,obs-hot-days-2023-06,feature-hot-days,MEASURES,观测对应指标,,,,
rel-002729,obs-hot-days-2023-06,region-zhejiang,OBSERVED_IN,观测空间范围,,,,
rel-002730,obs-hot-days-2023-06,period-2023-06,AT_TIME,观测统计期,,,,
rel-002731,obs-hot-days-2023-06,source-open-meteo-era5-land,FROM_SOURCE,数据来源,,,,
rel-002732,obs-cold-days-2023-06,feature-cold-days,MEASURES,观测对应指标,,,,
rel-002733,obs-cold-days-2023-06,region-zhejiang,OBSERVED_IN,观测空间范围,,,,
rel-002734,obs-cold-days-2023-06,period-2023-06,AT_TIME,观测统计期,,,,
rel-002735,obs-cold-days-2023-06,source-open-meteo-era5-land,FROM_SOURCE,数据来源,,,,
rel-002736,obs-temp-mean-2023-07,indicator-temp-mean,MEASURES,观测对应指标,,,,
rel-002737,obs-temp-mean-2023-07,region-zhejiang,OBSERVED_IN,观测空间范围,,,,
rel-002738,obs-temp-mean-2023-07,period-2023-07,AT_TIME,观测统计期,,,,
rel-002739,obs-temp-mean-2023-07,source-open-meteo-era5-land,FROM_SOURCE,数据来源,,,,
rel-002740,obs-temp-max-mean-2023-07,indicator-temp-max-mean,MEASURES,观测对应指标,,,,
rel-002741,obs-temp-max-mean-2023-07,region-zhejiang,OBSERVED_IN,观测空间范围,,,,
rel-002742,obs-temp-max-mean-2023-07,period-2023-07,AT_TIME,观测统计期,,,,
rel-002743,obs-temp-max-mean-2023-07,source-open-meteo-era5-land,FROM_SOURCE,数据来源,,,,
rel-002744,obs-temp-min-mean-2023-07,indicator-temp-min-mean,MEASURES,观测对应指标,,,,
rel-002745,obs-temp-min-mean-2023-07,region-zhejiang,OBSERVED_IN,观测空间范围,,,,
rel-002746,obs-temp-min-mean-2023-07,period-2023-07,AT_TIME,观测统计期,,,,
rel-002747,obs-temp-min-mean-2023-07,source-open-meteo-era5-land,FROM_SOURCE,数据来源,,,,
rel-002748,obs-temp-abs-max-2023-07,indicator-temp-abs-max,MEASURES,观测对应指标,,,,
rel-002749,obs-temp-abs-max-2023-07,region-zhejiang,OBSERVED_IN,观测空间范围,,,,
rel-002750,obs-temp-abs-max-2023-07,period-2023-07,AT_TIME,观测统计期,,,,
rel-002751,obs-temp-abs-max-2023-07,source-open-meteo-era5-land,FROM_SOURCE,数据来源,,,,
rel-002752,obs-temp-abs-min-2023-07,indicator-temp-abs-min,MEASURES,观测对应指标,,,,
rel-002753,obs-temp-abs-min-2023-07,region-zhejiang,OBSERVED_IN,观测空间范围,,,,
rel-002754,obs-temp-abs-min-2023-07,period-2023-07,AT_TIME,观测统计期,,,,
rel-002755,obs-temp-abs-min-2023-07,source-open-meteo-era5-land,FROM_SOURCE,数据来源,,,,
rel-002756,obs-cdd18-2023-07,feature-cdd18,MEASURES,观测对应指标,,,,
rel-002757,obs-cdd18-2023-07,region-zhejiang,OBSERVED_IN,观测空间范围,,,,
rel-002758,obs-cdd18-2023-07,period-2023-07,AT_TIME,观测统计期,,,,
rel-002759,obs-cdd18-2023-07,source-open-meteo-era5-land,FROM_SOURCE,数据来源,,,,
rel-002760,obs-hdd18-2023-07,feature-hdd18,MEASURES,观测对应指标,,,,
rel-002761,obs-hdd18-2023-07,region-zhejiang,OBSERVED_IN,观测空间范围,,,,
rel-002762,obs-hdd18-2023-07,period-2023-07,AT_TIME,观测统计期,,,,
rel-002763,obs-hdd18-2023-07,source-open-meteo-era5-land,FROM_SOURCE,数据来源,,,,
rel-002764,obs-hot-days-2023-07,feature-hot-days,MEASURES,观测对应指标,,,,
rel-002765,obs-hot-days-2023-07,region-zhejiang,OBSERVED_IN,观测空间范围,,,,
rel-002766,obs-hot-days-2023-07,period-2023-07,AT_TIME,观测统计期,,,,
rel-002767,obs-hot-days-2023-07,source-open-meteo-era5-land,FROM_SOURCE,数据来源,,,,
rel-002768,obs-cold-days-2023-07,feature-cold-days,MEASURES,观测对应指标,,,,
rel-002769,obs-cold-days-2023-07,region-zhejiang,OBSERVED_IN,观测空间范围,,,,
rel-002770,obs-cold-days-2023-07,period-2023-07,AT_TIME,观测统计期,,,,
rel-002771,obs-cold-days-2023-07,source-open-meteo-era5-land,FROM_SOURCE,数据来源,,,,
rel-002772,obs-temp-mean-2023-08,indicator-temp-mean,MEASURES,观测对应指标,,,,
rel-002773,obs-temp-mean-2023-08,region-zhejiang,OBSERVED_IN,观测空间范围,,,,
rel-002774,obs-temp-mean-2023-08,period-2023-08,AT_TIME,观测统计期,,,,
rel-002775,obs-temp-mean-2023-08,source-open-meteo-era5-land,FROM_SOURCE,数据来源,,,,
rel-002776,obs-temp-max-mean-2023-08,indicator-temp-max-mean,MEASURES,观测对应指标,,,,
rel-002777,obs-temp-max-mean-2023-08,region-zhejiang,OBSERVED_IN,观测空间范围,,,,
rel-002778,obs-temp-max-mean-2023-08,period-2023-08,AT_TIME,观测统计期,,,,
rel-002779,obs-temp-max-mean-2023-08,source-open-meteo-era5-land,FROM_SOURCE,数据来源,,,,
rel-002780,obs-temp-min-mean-2023-08,indicator-temp-min-mean,MEASURES,观测对应指标,,,,
rel-002781,obs-temp-min-mean-2023-08,region-zhejiang,OBSERVED_IN,观测空间范围,,,,
rel-002782,obs-temp-min-mean-2023-08,period-2023-08,AT_TIME,观测统计期,,,,
rel-002783,obs-temp-min-mean-2023-08,source-open-meteo-era5-land,FROM_SOURCE,数据来源,,,,
rel-002784,obs-temp-abs-max-2023-08,indicator-temp-abs-max,MEASURES,观测对应指标,,,,
rel-002785,obs-temp-abs-max-2023-08,region-zhejiang,OBSERVED_IN,观测空间范围,,,,
rel-002786,obs-temp-abs-max-2023-08,period-2023-08,AT_TIME,观测统计期,,,,
rel-002787,obs-temp-abs-max-2023-08,source-open-meteo-era5-land,FROM_SOURCE,数据来源,,,,
rel-002788,obs-temp-abs-min-2023-08,indicator-temp-abs-min,MEASURES,观测对应指标,,,,
rel-002789,obs-temp-abs-min-2023-08,region-zhejiang,OBSERVED_IN,观测空间范围,,,,
rel-002790,obs-temp-abs-min-2023-08,period-2023-08,AT_TIME,观测统计期,,,,
rel-002791,obs-temp-abs-min-2023-08,source-open-meteo-era5-land,FROM_SOURCE,数据来源,,,,
rel-002792,obs-cdd18-2023-08,feature-cdd18,MEASURES,观测对应指标,,,,
rel-002793,obs-cdd18-2023-08,region-zhejiang,OBSERVED_IN,观测空间范围,,,,
rel-002794,obs-cdd18-2023-08,period-2023-08,AT_TIME,观测统计期,,,,
rel-002795,obs-cdd18-2023-08,source-open-meteo-era5-land,FROM_SOURCE,数据来源,,,,
rel-002796,obs-hdd18-2023-08,feature-hdd18,MEASURES,观测对应指标,,,,
rel-002797,obs-hdd18-2023-08,region-zhejiang,OBSERVED_IN,观测空间范围,,,,
rel-002798,obs-hdd18-2023-08,period-2023-08,AT_TIME,观测统计期,,,,
rel-002799,obs-hdd18-2023-08,source-open-meteo-era5-land,FROM_SOURCE,数据来源,,,,
rel-002800,obs-hot-days-2023-08,feature-hot-days,MEASURES,观测对应指标,,,,
rel-002801,obs-hot-days-2023-08,region-zhejiang,OBSERVED_IN,观测空间范围,,,,
rel-002802,obs-hot-days-2023-08,period-2023-08,AT_TIME,观测统计期,,,,
rel-002803,obs-hot-days-2023-08,source-open-meteo-era5-land,FROM_SOURCE,数据来源,,,,
rel-002804,obs-cold-days-2023-08,feature-cold-days,MEASURES,观测对应指标,,,,
rel-002805,obs-cold-days-2023-08,region-zhejiang,OBSERVED_IN,观测空间范围,,,,
rel-002806,obs-cold-days-2023-08,period-2023-08,AT_TIME,观测统计期,,,,
rel-002807,obs-cold-days-2023-08,source-open-meteo-era5-land,FROM_SOURCE,数据来源,,,,
rel-002808,obs-temp-mean-2023-09,indicator-temp-mean,MEASURES,观测对应指标,,,,
rel-002809,obs-temp-mean-2023-09,region-zhejiang,OBSERVED_IN,观测空间范围,,,,
rel-002810,obs-temp-mean-2023-09,period-2023-09,AT_TIME,观测统计期,,,,
rel-002811,obs-temp-mean-2023-09,source-open-meteo-era5-land,FROM_SOURCE,数据来源,,,,
rel-002812,obs-temp-max-mean-2023-09,indicator-temp-max-mean,MEASURES,观测对应指标,,,,
rel-002813,obs-temp-max-mean-2023-09,region-zhejiang,OBSERVED_IN,观测空间范围,,,,
rel-002814,obs-temp-max-mean-2023-09,period-2023-09,AT_TIME,观测统计期,,,,
rel-002815,obs-temp-max-mean-2023-09,source-open-meteo-era5-land,FROM_SOURCE,数据来源,,,,
rel-002816,obs-temp-min-mean-2023-09,indicator-temp-min-mean,MEASURES,观测对应指标,,,,
rel-002817,obs-temp-min-mean-2023-09,region-zhejiang,OBSERVED_IN,观测空间范围,,,,
rel-002818,obs-temp-min-mean-2023-09,period-2023-09,AT_TIME,观测统计期,,,,
rel-002819,obs-temp-min-mean-2023-09,source-open-meteo-era5-land,FROM_SOURCE,数据来源,,,,
rel-002820,obs-temp-abs-max-2023-09,indicator-temp-abs-max,MEASURES,观测对应指标,,,,
rel-002821,obs-temp-abs-max-2023-09,region-zhejiang,OBSERVED_IN,观测空间范围,,,,
rel-002822,obs-temp-abs-max-2023-09,period-2023-09,AT_TIME,观测统计期,,,,
rel-002823,obs-temp-abs-max-2023-09,source-open-meteo-era5-land,FROM_SOURCE,数据来源,,,,
rel-002824,obs-temp-abs-min-2023-09,indicator-temp-abs-min,MEASURES,观测对应指标,,,,
rel-002825,obs-temp-abs-min-2023-09,region-zhejiang,OBSERVED_IN,观测空间范围,,,,
rel-002826,obs-temp-abs-min-2023-09,period-2023-09,AT_TIME,观测统计期,,,,
rel-002827,obs-temp-abs-min-2023-09,source-open-meteo-era5-land,FROM_SOURCE,数据来源,,,,
rel-002828,obs-cdd18-2023-09,feature-cdd18,MEASURES,观测对应指标,,,,
rel-002829,obs-cdd18-2023-09,region-zhejiang,OBSERVED_IN,观测空间范围,,,,
rel-002830,obs-cdd18-2023-09,period-2023-09,AT_TIME,观测统计期,,,,
rel-002831,obs-cdd18-2023-09,source-open-meteo-era5-land,FROM_SOURCE,数据来源,,,,
rel-002832,obs-hdd18-2023-09,feature-hdd18,MEASURES,观测对应指标,,,,
rel-002833,obs-hdd18-2023-09,region-zhejiang,OBSERVED_IN,观测空间范围,,,,
rel-002834,obs-hdd18-2023-09,period-2023-09,AT_TIME,观测统计期,,,,
rel-002835,obs-hdd18-2023-09,source-open-meteo-era5-land,FROM_SOURCE,数据来源,,,,
rel-002836,obs-hot-days-2023-09,feature-hot-days,MEASURES,观测对应指标,,,,
rel-002837,obs-hot-days-2023-09,region-zhejiang,OBSERVED_IN,观测空间范围,,,,
rel-002838,obs-hot-days-2023-09,period-2023-09,AT_TIME,观测统计期,,,,
rel-002839,obs-hot-days-2023-09,source-open-meteo-era5-land,FROM_SOURCE,数据来源,,,,
rel-002840,obs-cold-days-2023-09,feature-cold-days,MEASURES,观测对应指标,,,,
rel-002841,obs-cold-days-2023-09,region-zhejiang,OBSERVED_IN,观测空间范围,,,,
rel-002842,obs-cold-days-2023-09,period-2023-09,AT_TIME,观测统计期,,,,
rel-002843,obs-cold-days-2023-09,source-open-meteo-era5-land,FROM_SOURCE,数据来源,,,,
rel-002844,obs-temp-mean-2023-10,indicator-temp-mean,MEASURES,观测对应指标,,,,
rel-002845,obs-temp-mean-2023-10,region-zhejiang,OBSERVED_IN,观测空间范围,,,,
rel-002846,obs-temp-mean-2023-10,period-2023-10,AT_TIME,观测统计期,,,,
rel-002847,obs-temp-mean-2023-10,source-open-meteo-era5-land,FROM_SOURCE,数据来源,,,,
rel-002848,obs-temp-max-mean-2023-10,indicator-temp-max-mean,MEASURES,观测对应指标,,,,
rel-002849,obs-temp-max-mean-2023-10,region-zhejiang,OBSERVED_IN,观测空间范围,,,,
rel-002850,obs-temp-max-mean-2023-10,period-2023-10,AT_TIME,观测统计期,,,,
rel-002851,obs-temp-max-mean-2023-10,source-open-meteo-era5-land,FROM_SOURCE,数据来源,,,,
rel-002852,obs-temp-min-mean-2023-10,indicator-temp-min-mean,MEASURES,观测对应指标,,,,
rel-002853,obs-temp-min-mean-2023-10,region-zhejiang,OBSERVED_IN,观测空间范围,,,,
rel-002854,obs-temp-min-mean-2023-10,period-2023-10,AT_TIME,观测统计期,,,,
rel-002855,obs-temp-min-mean-2023-10,source-open-meteo-era5-land,FROM_SOURCE,数据来源,,,,
rel-002856,obs-temp-abs-max-2023-10,indicator-temp-abs-max,MEASURES,观测对应指标,,,,
rel-002857,obs-temp-abs-max-2023-10,region-zhejiang,OBSERVED_IN,观测空间范围,,,,
rel-002858,obs-temp-abs-max-2023-10,period-2023-10,AT_TIME,观测统计期,,,,
rel-002859,obs-temp-abs-max-2023-10,source-open-meteo-era5-land,FROM_SOURCE,数据来源,,,,
rel-002860,obs-temp-abs-min-2023-10,indicator-temp-abs-min,MEASURES,观测对应指标,,,,
rel-002861,obs-temp-abs-min-2023-10,region-zhejiang,OBSERVED_IN,观测空间范围,,,,
rel-002862,obs-temp-abs-min-2023-10,period-2023-10,AT_TIME,观测统计期,,,,
rel-002863,obs-temp-abs-min-2023-10,source-open-meteo-era5-land,FROM_SOURCE,数据来源,,,,
rel-002864,obs-cdd18-2023-10,feature-cdd18,MEASURES,观测对应指标,,,,
rel-002865,obs-cdd18-2023-10,region-zhejiang,OBSERVED_IN,观测空间范围,,,,
rel-002866,obs-cdd18-2023-10,period-2023-10,AT_TIME,观测统计期,,,,
rel-002867,obs-cdd18-2023-10,source-open-meteo-era5-land,FROM_SOURCE,数据来源,,,,
rel-002868,obs-hdd18-2023-10,feature-hdd18,MEASURES,观测对应指标,,,,
rel-002869,obs-hdd18-2023-10,region-zhejiang,OBSERVED_IN,观测空间范围,,,,
rel-002870,obs-hdd18-2023-10,period-2023-10,AT_TIME,观测统计期,,,,
rel-002871,obs-hdd18-2023-10,source-open-meteo-era5-land,FROM_SOURCE,数据来源,,,,
rel-002872,obs-hot-days-2023-10,feature-hot-days,MEASURES,观测对应指标,,,,
rel-002873,obs-hot-days-2023-10,region-zhejiang,OBSERVED_IN,观测空间范围,,,,
rel-002874,obs-hot-days-2023-10,period-2023-10,AT_TIME,观测统计期,,,,
rel-002875,obs-hot-days-2023-10,source-open-meteo-era5-land,FROM_SOURCE,数据来源,,,,
rel-002876,obs-cold-days-2023-10,feature-cold-days,MEASURES,观测对应指标,,,,
rel-002877,obs-cold-days-2023-10,region-zhejiang,OBSERVED_IN,观测空间范围,,,,
rel-002878,obs-cold-days-2023-10,period-2023-10,AT_TIME,观测统计期,,,,
rel-002879,obs-cold-days-2023-10,source-open-meteo-era5-land,FROM_SOURCE,数据来源,,,,
rel-002880,obs-temp-mean-2023-11,indicator-temp-mean,MEASURES,观测对应指标,,,,
rel-002881,obs-temp-mean-2023-11,region-zhejiang,OBSERVED_IN,观测空间范围,,,,
rel-002882,obs-temp-mean-2023-11,period-2023-11,AT_TIME,观测统计期,,,,
rel-002883,obs-temp-mean-2023-11,source-open-meteo-era5-land,FROM_SOURCE,数据来源,,,,
rel-002884,obs-temp-max-mean-2023-11,indicator-temp-max-mean,MEASURES,观测对应指标,,,,
rel-002885,obs-temp-max-mean-2023-11,region-zhejiang,OBSERVED_IN,观测空间范围,,,,
rel-002886,obs-temp-max-mean-2023-11,period-2023-11,AT_TIME,观测统计期,,,,
rel-002887,obs-temp-max-mean-2023-11,source-open-meteo-era5-land,FROM_SOURCE,数据来源,,,,
rel-002888,obs-temp-min-mean-2023-11,indicator-temp-min-mean,MEASURES,观测对应指标,,,,
rel-002889,obs-temp-min-mean-2023-11,region-zhejiang,OBSERVED_IN,观测空间范围,,,,
rel-002890,obs-temp-min-mean-2023-11,period-2023-11,AT_TIME,观测统计期,,,,
rel-002891,obs-temp-min-mean-2023-11,source-open-meteo-era5-land,FROM_SOURCE,数据来源,,,,
rel-002892,obs-temp-abs-max-2023-11,indicator-temp-abs-max,MEASURES,观测对应指标,,,,
rel-002893,obs-temp-abs-max-2023-11,region-zhejiang,OBSERVED_IN,观测空间范围,,,,
rel-002894,obs-temp-abs-max-2023-11,period-2023-11,AT_TIME,观测统计期,,,,
rel-002895,obs-temp-abs-max-2023-11,source-open-meteo-era5-land,FROM_SOURCE,数据来源,,,,
rel-002896,obs-temp-abs-min-2023-11,indicator-temp-abs-min,MEASURES,观测对应指标,,,,
rel-002897,obs-temp-abs-min-2023-11,region-zhejiang,OBSERVED_IN,观测空间范围,,,,
rel-002898,obs-temp-abs-min-2023-11,period-2023-11,AT_TIME,观测统计期,,,,
rel-002899,obs-temp-abs-min-2023-11,source-open-meteo-era5-land,FROM_SOURCE,数据来源,,,,
rel-002900,obs-cdd18-2023-11,feature-cdd18,MEASURES,观测对应指标,,,,
rel-002901,obs-cdd18-2023-11,region-zhejiang,OBSERVED_IN,观测空间范围,,,,
rel-002902,obs-cdd18-2023-11,period-2023-11,AT_TIME,观测统计期,,,,
rel-002903,obs-cdd18-2023-11,source-open-meteo-era5-land,FROM_SOURCE,数据来源,,,,
rel-002904,obs-hdd18-2023-11,feature-hdd18,MEASURES,观测对应指标,,,,
rel-002905,obs-hdd18-2023-11,region-zhejiang,OBSERVED_IN,观测空间范围,,,,
rel-002906,obs-hdd18-2023-11,period-2023-11,AT_TIME,观测统计期,,,,
rel-002907,obs-hdd18-2023-11,source-open-meteo-era5-land,FROM_SOURCE,数据来源,,,,
rel-002908,obs-hot-days-2023-11,feature-hot-days,MEASURES,观测对应指标,,,,
rel-002909,obs-hot-days-2023-11,region-zhejiang,OBSERVED_IN,观测空间范围,,,,
rel-002910,obs-hot-days-2023-11,period-2023-11,AT_TIME,观测统计期,,,,
rel-002911,obs-hot-days-2023-11,source-open-meteo-era5-land,FROM_SOURCE,数据来源,,,,
rel-002912,obs-cold-days-2023-11,feature-cold-days,MEASURES,观测对应指标,,,,
rel-002913,obs-cold-days-2023-11,region-zhejiang,OBSERVED_IN,观测空间范围,,,,
rel-002914,obs-cold-days-2023-11,period-2023-11,AT_TIME,观测统计期,,,,
rel-002915,obs-cold-days-2023-11,source-open-meteo-era5-land,FROM_SOURCE,数据来源,,,,
rel-002916,obs-temp-mean-2023-12,indicator-temp-mean,MEASURES,观测对应指标,,,,
rel-002917,obs-temp-mean-2023-12,region-zhejiang,OBSERVED_IN,观测空间范围,,,,
rel-002918,obs-temp-mean-2023-12,period-2023-12,AT_TIME,观测统计期,,,,
rel-002919,obs-temp-mean-2023-12,source-open-meteo-era5-land,FROM_SOURCE,数据来源,,,,
rel-002920,obs-temp-max-mean-2023-12,indicator-temp-max-mean,MEASURES,观测对应指标,,,,
rel-002921,obs-temp-max-mean-2023-12,region-zhejiang,OBSERVED_IN,观测空间范围,,,,
rel-002922,obs-temp-max-mean-2023-12,period-2023-12,AT_TIME,观测统计期,,,,
rel-002923,obs-temp-max-mean-2023-12,source-open-meteo-era5-land,FROM_SOURCE,数据来源,,,,
rel-002924,obs-temp-min-mean-2023-12,indicator-temp-min-mean,MEASURES,观测对应指标,,,,
rel-002925,obs-temp-min-mean-2023-12,region-zhejiang,OBSERVED_IN,观测空间范围,,,,
rel-002926,obs-temp-min-mean-2023-12,period-2023-12,AT_TIME,观测统计期,,,,
rel-002927,obs-temp-min-mean-2023-12,source-open-meteo-era5-land,FROM_SOURCE,数据来源,,,,
rel-002928,obs-temp-abs-max-2023-12,indicator-temp-abs-max,MEASURES,观测对应指标,,,,
rel-002929,obs-temp-abs-max-2023-12,region-zhejiang,OBSERVED_IN,观测空间范围,,,,
rel-002930,obs-temp-abs-max-2023-12,period-2023-12,AT_TIME,观测统计期,,,,
rel-002931,obs-temp-abs-max-2023-12,source-open-meteo-era5-land,FROM_SOURCE,数据来源,,,,
rel-002932,obs-temp-abs-min-2023-12,indicator-temp-abs-min,MEASURES,观测对应指标,,,,
rel-002933,obs-temp-abs-min-2023-12,region-zhejiang,OBSERVED_IN,观测空间范围,,,,
rel-002934,obs-temp-abs-min-2023-12,period-2023-12,AT_TIME,观测统计期,,,,
rel-002935,obs-temp-abs-min-2023-12,source-open-meteo-era5-land,FROM_SOURCE,数据来源,,,,
rel-002936,obs-cdd18-2023-12,feature-cdd18,MEASURES,观测对应指标,,,,
rel-002937,obs-cdd18-2023-12,region-zhejiang,OBSERVED_IN,观测空间范围,,,,
rel-002938,obs-cdd18-2023-12,period-2023-12,AT_TIME,观测统计期,,,,
rel-002939,obs-cdd18-2023-12,source-open-meteo-era5-land,FROM_SOURCE,数据来源,,,,
rel-002940,obs-hdd18-2023-12,feature-hdd18,MEASURES,观测对应指标,,,,
rel-002941,obs-hdd18-2023-12,region-zhejiang,OBSERVED_IN,观测空间范围,,,,
rel-002942,obs-hdd18-2023-12,period-2023-12,AT_TIME,观测统计期,,,,
rel-002943,obs-hdd18-2023-12,source-open-meteo-era5-land,FROM_SOURCE,数据来源,,,,
rel-002944,obs-hot-days-2023-12,feature-hot-days,MEASURES,观测对应指标,,,,
rel-002945,obs-hot-days-2023-12,region-zhejiang,OBSERVED_IN,观测空间范围,,,,
rel-002946,obs-hot-days-2023-12,period-2023-12,AT_TIME,观测统计期,,,,
rel-002947,obs-hot-days-2023-12,source-open-meteo-era5-land,FROM_SOURCE,数据来源,,,,
rel-002948,obs-cold-days-2023-12,feature-cold-days,MEASURES,观测对应指标,,,,
rel-002949,obs-cold-days-2023-12,region-zhejiang,OBSERVED_IN,观测空间范围,,,,
rel-002950,obs-cold-days-2023-12,period-2023-12,AT_TIME,观测统计期,,,,
rel-002951,obs-cold-days-2023-12,source-open-meteo-era5-land,FROM_SOURCE,数据来源,,,,
rel-002952,obs-temp-mean-2024-01,indicator-temp-mean,MEASURES,观测对应指标,,,,
rel-002953,obs-temp-mean-2024-01,region-zhejiang,OBSERVED_IN,观测空间范围,,,,
rel-002954,obs-temp-mean-2024-01,period-2024-01,AT_TIME,观测统计期,,,,
rel-002955,obs-temp-mean-2024-01,source-open-meteo-era5-land,FROM_SOURCE,数据来源,,,,
rel-002956,obs-temp-max-mean-2024-01,indicator-temp-max-mean,MEASURES,观测对应指标,,,,
rel-002957,obs-temp-max-mean-2024-01,region-zhejiang,OBSERVED_IN,观测空间范围,,,,
rel-002958,obs-temp-max-mean-2024-01,period-2024-01,AT_TIME,观测统计期,,,,
rel-002959,obs-temp-max-mean-2024-01,source-open-meteo-era5-land,FROM_SOURCE,数据来源,,,,
rel-002960,obs-temp-min-mean-2024-01,indicator-temp-min-mean,MEASURES,观测对应指标,,,,
rel-002961,obs-temp-min-mean-2024-01,region-zhejiang,OBSERVED_IN,观测空间范围,,,,
rel-002962,obs-temp-min-mean-2024-01,period-2024-01,AT_TIME,观测统计期,,,,
rel-002963,obs-temp-min-mean-2024-01,source-open-meteo-era5-land,FROM_SOURCE,数据来源,,,,
rel-002964,obs-temp-abs-max-2024-01,indicator-temp-abs-max,MEASURES,观测对应指标,,,,
rel-002965,obs-temp-abs-max-2024-01,region-zhejiang,OBSERVED_IN,观测空间范围,,,,
rel-002966,obs-temp-abs-max-2024-01,period-2024-01,AT_TIME,观测统计期,,,,
rel-002967,obs-temp-abs-max-2024-01,source-open-meteo-era5-land,FROM_SOURCE,数据来源,,,,
rel-002968,obs-temp-abs-min-2024-01,indicator-temp-abs-min,MEASURES,观测对应指标,,,,
rel-002969,obs-temp-abs-min-2024-01,region-zhejiang,OBSERVED_IN,观测空间范围,,,,
rel-002970,obs-temp-abs-min-2024-01,period-2024-01,AT_TIME,观测统计期,,,,
rel-002971,obs-temp-abs-min-2024-01,source-open-meteo-era5-land,FROM_SOURCE,数据来源,,,,
rel-002972,obs-cdd18-2024-01,feature-cdd18,MEASURES,观测对应指标,,,,
rel-002973,obs-cdd18-2024-01,region-zhejiang,OBSERVED_IN,观测空间范围,,,,
rel-002974,obs-cdd18-2024-01,period-2024-01,AT_TIME,观测统计期,,,,
rel-002975,obs-cdd18-2024-01,source-open-meteo-era5-land,FROM_SOURCE,数据来源,,,,
rel-002976,obs-hdd18-2024-01,feature-hdd18,MEASURES,观测对应指标,,,,
rel-002977,obs-hdd18-2024-01,region-zhejiang,OBSERVED_IN,观测空间范围,,,,
rel-002978,obs-hdd18-2024-01,period-2024-01,AT_TIME,观测统计期,,,,
rel-002979,obs-hdd18-2024-01,source-open-meteo-era5-land,FROM_SOURCE,数据来源,,,,
rel-002980,obs-hot-days-2024-01,feature-hot-days,MEASURES,观测对应指标,,,,
rel-002981,obs-hot-days-2024-01,region-zhejiang,OBSERVED_IN,观测空间范围,,,,
rel-002982,obs-hot-days-2024-01,period-2024-01,AT_TIME,观测统计期,,,,
rel-002983,obs-hot-days-2024-01,source-open-meteo-era5-land,FROM_SOURCE,数据来源,,,,
rel-002984,obs-cold-days-2024-01,feature-cold-days,MEASURES,观测对应指标,,,,
rel-002985,obs-cold-days-2024-01,region-zhejiang,OBSERVED_IN,观测空间范围,,,,
rel-002986,obs-cold-days-2024-01,period-2024-01,AT_TIME,观测统计期,,,,
rel-002987,obs-cold-days-2024-01,source-open-meteo-era5-land,FROM_SOURCE,数据来源,,,,
rel-002988,obs-temp-mean-2024-02,indicator-temp-mean,MEASURES,观测对应指标,,,,
rel-002989,obs-temp-mean-2024-02,region-zhejiang,OBSERVED_IN,观测空间范围,,,,
rel-002990,obs-temp-mean-2024-02,period-2024-02,AT_TIME,观测统计期,,,,
rel-002991,obs-temp-mean-2024-02,source-open-meteo-era5-land,FROM_SOURCE,数据来源,,,,
rel-002992,obs-temp-max-mean-2024-02,indicator-temp-max-mean,MEASURES,观测对应指标,,,,
rel-002993,obs-temp-max-mean-2024-02,region-zhejiang,OBSERVED_IN,观测空间范围,,,,
rel-002994,obs-temp-max-mean-2024-02,period-2024-02,AT_TIME,观测统计期,,,,
rel-002995,obs-temp-max-mean-2024-02,source-open-meteo-era5-land,FROM_SOURCE,数据来源,,,,
rel-002996,obs-temp-min-mean-2024-02,indicator-temp-min-mean,MEASURES,观测对应指标,,,,
rel-002997,obs-temp-min-mean-2024-02,region-zhejiang,OBSERVED_IN,观测空间范围,,,,
rel-002998,obs-temp-min-mean-2024-02,period-2024-02,AT_TIME,观测统计期,,,,
rel-002999,obs-temp-min-mean-2024-02,source-open-meteo-era5-land,FROM_SOURCE,数据来源,,,,
rel-003000,obs-temp-abs-max-2024-02,indicator-temp-abs-max,MEASURES,观测对应指标,,,,
rel-003001,obs-temp-abs-max-2024-02,region-zhejiang,OBSERVED_IN,观测空间范围,,,,
rel-003002,obs-temp-abs-max-2024-02,period-2024-02,AT_TIME,观测统计期,,,,
rel-003003,obs-temp-abs-max-2024-02,source-open-meteo-era5-land,FROM_SOURCE,数据来源,,,,
rel-003004,obs-temp-abs-min-2024-02,indicator-temp-abs-min,MEASURES,观测对应指标,,,,
rel-003005,obs-temp-abs-min-2024-02,region-zhejiang,OBSERVED_IN,观测空间范围,,,,
rel-003006,obs-temp-abs-min-2024-02,period-2024-02,AT_TIME,观测统计期,,,,
rel-003007,obs-temp-abs-min-2024-02,source-open-meteo-era5-land,FROM_SOURCE,数据来源,,,,
rel-003008,obs-cdd18-2024-02,feature-cdd18,MEASURES,观测对应指标,,,,
rel-003009,obs-cdd18-2024-02,region-zhejiang,OBSERVED_IN,观测空间范围,,,,
rel-003010,obs-cdd18-2024-02,period-2024-02,AT_TIME,观测统计期,,,,
rel-003011,obs-cdd18-2024-02,source-open-meteo-era5-land,FROM_SOURCE,数据来源,,,,
rel-003012,obs-hdd18-2024-02,feature-hdd18,MEASURES,观测对应指标,,,,
rel-003013,obs-hdd18-2024-02,region-zhejiang,OBSERVED_IN,观测空间范围,,,,
rel-003014,obs-hdd18-2024-02,period-2024-02,AT_TIME,观测统计期,,,,
rel-003015,obs-hdd18-2024-02,source-open-meteo-era5-land,FROM_SOURCE,数据来源,,,,
rel-003016,obs-hot-days-2024-02,feature-hot-days,MEASURES,观测对应指标,,,,
rel-003017,obs-hot-days-2024-02,region-zhejiang,OBSERVED_IN,观测空间范围,,,,
rel-003018,obs-hot-days-2024-02,period-2024-02,AT_TIME,观测统计期,,,,
rel-003019,obs-hot-days-2024-02,source-open-meteo-era5-land,FROM_SOURCE,数据来源,,,,
rel-003020,obs-cold-days-2024-02,feature-cold-days,MEASURES,观测对应指标,,,,
rel-003021,obs-cold-days-2024-02,region-zhejiang,OBSERVED_IN,观测空间范围,,,,
rel-003022,obs-cold-days-2024-02,period-2024-02,AT_TIME,观测统计期,,,,
rel-003023,obs-cold-days-2024-02,source-open-meteo-era5-land,FROM_SOURCE,数据来源,,,,
rel-003024,obs-temp-mean-2024-03,indicator-temp-mean,MEASURES,观测对应指标,,,,
rel-003025,obs-temp-mean-2024-03,region-zhejiang,OBSERVED_IN,观测空间范围,,,,
rel-003026,obs-temp-mean-2024-03,period-2024-03,AT_TIME,观测统计期,,,,
rel-003027,obs-temp-mean-2024-03,source-open-meteo-era5-land,FROM_SOURCE,数据来源,,,,
rel-003028,obs-temp-max-mean-2024-03,indicator-temp-max-mean,MEASURES,观测对应指标,,,,
rel-003029,obs-temp-max-mean-2024-03,region-zhejiang,OBSERVED_IN,观测空间范围,,,,
rel-003030,obs-temp-max-mean-2024-03,period-2024-03,AT_TIME,观测统计期,,,,
rel-003031,obs-temp-max-mean-2024-03,source-open-meteo-era5-land,FROM_SOURCE,数据来源,,,,
rel-003032,obs-temp-min-mean-2024-03,indicator-temp-min-mean,MEASURES,观测对应指标,,,,
rel-003033,obs-temp-min-mean-2024-03,region-zhejiang,OBSERVED_IN,观测空间范围,,,,
rel-003034,obs-temp-min-mean-2024-03,period-2024-03,AT_TIME,观测统计期,,,,
rel-003035,obs-temp-min-mean-2024-03,source-open-meteo-era5-land,FROM_SOURCE,数据来源,,,,
rel-003036,obs-temp-abs-max-2024-03,indicator-temp-abs-max,MEASURES,观测对应指标,,,,
rel-003037,obs-temp-abs-max-2024-03,region-zhejiang,OBSERVED_IN,观测空间范围,,,,
rel-003038,obs-temp-abs-max-2024-03,period-2024-03,AT_TIME,观测统计期,,,,
rel-003039,obs-temp-abs-max-2024-03,source-open-meteo-era5-land,FROM_SOURCE,数据来源,,,,
rel-003040,obs-temp-abs-min-2024-03,indicator-temp-abs-min,MEASURES,观测对应指标,,,,
rel-003041,obs-temp-abs-min-2024-03,region-zhejiang,OBSERVED_IN,观测空间范围,,,,
rel-003042,obs-temp-abs-min-2024-03,period-2024-03,AT_TIME,观测统计期,,,,
rel-003043,obs-temp-abs-min-2024-03,source-open-meteo-era5-land,FROM_SOURCE,数据来源,,,,
rel-003044,obs-cdd18-2024-03,feature-cdd18,MEASURES,观测对应指标,,,,
rel-003045,obs-cdd18-2024-03,region-zhejiang,OBSERVED_IN,观测空间范围,,,,
rel-003046,obs-cdd18-2024-03,period-2024-03,AT_TIME,观测统计期,,,,
rel-003047,obs-cdd18-2024-03,source-open-meteo-era5-land,FROM_SOURCE,数据来源,,,,
rel-003048,obs-hdd18-2024-03,feature-hdd18,MEASURES,观测对应指标,,,,
rel-003049,obs-hdd18-2024-03,region-zhejiang,OBSERVED_IN,观测空间范围,,,,
rel-003050,obs-hdd18-2024-03,period-2024-03,AT_TIME,观测统计期,,,,
rel-003051,obs-hdd18-2024-03,source-open-meteo-era5-land,FROM_SOURCE,数据来源,,,,
rel-003052,obs-hot-days-2024-03,feature-hot-days,MEASURES,观测对应指标,,,,
rel-003053,obs-hot-days-2024-03,region-zhejiang,OBSERVED_IN,观测空间范围,,,,
rel-003054,obs-hot-days-2024-03,period-2024-03,AT_TIME,观测统计期,,,,
rel-003055,obs-hot-days-2024-03,source-open-meteo-era5-land,FROM_SOURCE,数据来源,,,,
rel-003056,obs-cold-days-2024-03,feature-cold-days,MEASURES,观测对应指标,,,,
rel-003057,obs-cold-days-2024-03,region-zhejiang,OBSERVED_IN,观测空间范围,,,,
rel-003058,obs-cold-days-2024-03,period-2024-03,AT_TIME,观测统计期,,,,
rel-003059,obs-cold-days-2024-03,source-open-meteo-era5-land,FROM_SOURCE,数据来源,,,,
rel-003060,obs-temp-mean-2024-04,indicator-temp-mean,MEASURES,观测对应指标,,,,
rel-003061,obs-temp-mean-2024-04,region-zhejiang,OBSERVED_IN,观测空间范围,,,,
rel-003062,obs-temp-mean-2024-04,period-2024-04,AT_TIME,观测统计期,,,,
rel-003063,obs-temp-mean-2024-04,source-open-meteo-era5-land,FROM_SOURCE,数据来源,,,,
rel-003064,obs-temp-max-mean-2024-04,indicator-temp-max-mean,MEASURES,观测对应指标,,,,
rel-003065,obs-temp-max-mean-2024-04,region-zhejiang,OBSERVED_IN,观测空间范围,,,,
rel-003066,obs-temp-max-mean-2024-04,period-2024-04,AT_TIME,观测统计期,,,,
rel-003067,obs-temp-max-mean-2024-04,source-open-meteo-era5-land,FROM_SOURCE,数据来源,,,,
rel-003068,obs-temp-min-mean-2024-04,indicator-temp-min-mean,MEASURES,观测对应指标,,,,
rel-003069,obs-temp-min-mean-2024-04,region-zhejiang,OBSERVED_IN,观测空间范围,,,,
rel-003070,obs-temp-min-mean-2024-04,period-2024-04,AT_TIME,观测统计期,,,,
rel-003071,obs-temp-min-mean-2024-04,source-open-meteo-era5-land,FROM_SOURCE,数据来源,,,,
rel-003072,obs-temp-abs-max-2024-04,indicator-temp-abs-max,MEASURES,观测对应指标,,,,
rel-003073,obs-temp-abs-max-2024-04,region-zhejiang,OBSERVED_IN,观测空间范围,,,,
rel-003074,obs-temp-abs-max-2024-04,period-2024-04,AT_TIME,观测统计期,,,,
rel-003075,obs-temp-abs-max-2024-04,source-open-meteo-era5-land,FROM_SOURCE,数据来源,,,,
rel-003076,obs-temp-abs-min-2024-04,indicator-temp-abs-min,MEASURES,观测对应指标,,,,
rel-003077,obs-temp-abs-min-2024-04,region-zhejiang,OBSERVED_IN,观测空间范围,,,,
rel-003078,obs-temp-abs-min-2024-04,period-2024-04,AT_TIME,观测统计期,,,,
rel-003079,obs-temp-abs-min-2024-04,source-open-meteo-era5-land,FROM_SOURCE,数据来源,,,,
rel-003080,obs-cdd18-2024-04,feature-cdd18,MEASURES,观测对应指标,,,,
rel-003081,obs-cdd18-2024-04,region-zhejiang,OBSERVED_IN,观测空间范围,,,,
rel-003082,obs-cdd18-2024-04,period-2024-04,AT_TIME,观测统计期,,,,
rel-003083,obs-cdd18-2024-04,source-open-meteo-era5-land,FROM_SOURCE,数据来源,,,,
rel-003084,obs-hdd18-2024-04,feature-hdd18,MEASURES,观测对应指标,,,,
rel-003085,obs-hdd18-2024-04,region-zhejiang,OBSERVED_IN,观测空间范围,,,,
rel-003086,obs-hdd18-2024-04,period-2024-04,AT_TIME,观测统计期,,,,
rel-003087,obs-hdd18-2024-04,source-open-meteo-era5-land,FROM_SOURCE,数据来源,,,,
rel-003088,obs-hot-days-2024-04,feature-hot-days,MEASURES,观测对应指标,,,,
rel-003089,obs-hot-days-2024-04,region-zhejiang,OBSERVED_IN,观测空间范围,,,,
rel-003090,obs-hot-days-2024-04,period-2024-04,AT_TIME,观测统计期,,,,
rel-003091,obs-hot-days-2024-04,source-open-meteo-era5-land,FROM_SOURCE,数据来源,,,,
rel-003092,obs-cold-days-2024-04,feature-cold-days,MEASURES,观测对应指标,,,,
rel-003093,obs-cold-days-2024-04,region-zhejiang,OBSERVED_IN,观测空间范围,,,,
rel-003094,obs-cold-days-2024-04,period-2024-04,AT_TIME,观测统计期,,,,
rel-003095,obs-cold-days-2024-04,source-open-meteo-era5-land,FROM_SOURCE,数据来源,,,,
rel-003096,obs-temp-mean-2024-05,indicator-temp-mean,MEASURES,观测对应指标,,,,
rel-003097,obs-temp-mean-2024-05,region-zhejiang,OBSERVED_IN,观测空间范围,,,,
rel-003098,obs-temp-mean-2024-05,period-2024-05,AT_TIME,观测统计期,,,,
rel-003099,obs-temp-mean-2024-05,source-open-meteo-era5-land,FROM_SOURCE,数据来源,,,,
rel-003100,obs-temp-max-mean-2024-05,indicator-temp-max-mean,MEASURES,观测对应指标,,,,
rel-003101,obs-temp-max-mean-2024-05,region-zhejiang,OBSERVED_IN,观测空间范围,,,,
rel-003102,obs-temp-max-mean-2024-05,period-2024-05,AT_TIME,观测统计期,,,,
rel-003103,obs-temp-max-mean-2024-05,source-open-meteo-era5-land,FROM_SOURCE,数据来源,,,,
rel-003104,obs-temp-min-mean-2024-05,indicator-temp-min-mean,MEASURES,观测对应指标,,,,
rel-003105,obs-temp-min-mean-2024-05,region-zhejiang,OBSERVED_IN,观测空间范围,,,,
rel-003106,obs-temp-min-mean-2024-05,period-2024-05,AT_TIME,观测统计期,,,,
rel-003107,obs-temp-min-mean-2024-05,source-open-meteo-era5-land,FROM_SOURCE,数据来源,,,,
rel-003108,obs-temp-abs-max-2024-05,indicator-temp-abs-max,MEASURES,观测对应指标,,,,
rel-003109,obs-temp-abs-max-2024-05,region-zhejiang,OBSERVED_IN,观测空间范围,,,,
rel-003110,obs-temp-abs-max-2024-05,period-2024-05,AT_TIME,观测统计期,,,,
rel-003111,obs-temp-abs-max-2024-05,source-open-meteo-era5-land,FROM_SOURCE,数据来源,,,,
rel-003112,obs-temp-abs-min-2024-05,indicator-temp-abs-min,MEASURES,观测对应指标,,,,
rel-003113,obs-temp-abs-min-2024-05,region-zhejiang,OBSERVED_IN,观测空间范围,,,,
rel-003114,obs-temp-abs-min-2024-05,period-2024-05,AT_TIME,观测统计期,,,,
rel-003115,obs-temp-abs-min-2024-05,source-open-meteo-era5-land,FROM_SOURCE,数据来源,,,,
rel-003116,obs-cdd18-2024-05,feature-cdd18,MEASURES,观测对应指标,,,,
rel-003117,obs-cdd18-2024-05,region-zhejiang,OBSERVED_IN,观测空间范围,,,,
rel-003118,obs-cdd18-2024-05,period-2024-05,AT_TIME,观测统计期,,,,
rel-003119,obs-cdd18-2024-05,source-open-meteo-era5-land,FROM_SOURCE,数据来源,,,,
rel-003120,obs-hdd18-2024-05,feature-hdd18,MEASURES,观测对应指标,,,,
rel-003121,obs-hdd18-2024-05,region-zhejiang,OBSERVED_IN,观测空间范围,,,,
rel-003122,obs-hdd18-2024-05,period-2024-05,AT_TIME,观测统计期,,,,
rel-003123,obs-hdd18-2024-05,source-open-meteo-era5-land,FROM_SOURCE,数据来源,,,,
rel-003124,obs-hot-days-2024-05,feature-hot-days,MEASURES,观测对应指标,,,,
rel-003125,obs-hot-days-2024-05,region-zhejiang,OBSERVED_IN,观测空间范围,,,,
rel-003126,obs-hot-days-2024-05,period-2024-05,AT_TIME,观测统计期,,,,
rel-003127,obs-hot-days-2024-05,source-open-meteo-era5-land,FROM_SOURCE,数据来源,,,,
rel-003128,obs-cold-days-2024-05,feature-cold-days,MEASURES,观测对应指标,,,,
rel-003129,obs-cold-days-2024-05,region-zhejiang,OBSERVED_IN,观测空间范围,,,,
rel-003130,obs-cold-days-2024-05,period-2024-05,AT_TIME,观测统计期,,,,
rel-003131,obs-cold-days-2024-05,source-open-meteo-era5-land,FROM_SOURCE,数据来源,,,,
rel-003132,obs-temp-mean-2024-06,indicator-temp-mean,MEASURES,观测对应指标,,,,
rel-003133,obs-temp-mean-2024-06,region-zhejiang,OBSERVED_IN,观测空间范围,,,,
rel-003134,obs-temp-mean-2024-06,period-2024-06,AT_TIME,观测统计期,,,,
rel-003135,obs-temp-mean-2024-06,source-open-meteo-era5-land,FROM_SOURCE,数据来源,,,,
rel-003136,obs-temp-max-mean-2024-06,indicator-temp-max-mean,MEASURES,观测对应指标,,,,
rel-003137,obs-temp-max-mean-2024-06,region-zhejiang,OBSERVED_IN,观测空间范围,,,,
rel-003138,obs-temp-max-mean-2024-06,period-2024-06,AT_TIME,观测统计期,,,,
rel-003139,obs-temp-max-mean-2024-06,source-open-meteo-era5-land,FROM_SOURCE,数据来源,,,,
rel-003140,obs-temp-min-mean-2024-06,indicator-temp-min-mean,MEASURES,观测对应指标,,,,
rel-003141,obs-temp-min-mean-2024-06,region-zhejiang,OBSERVED_IN,观测空间范围,,,,
rel-003142,obs-temp-min-mean-2024-06,period-2024-06,AT_TIME,观测统计期,,,,
rel-003143,obs-temp-min-mean-2024-06,source-open-meteo-era5-land,FROM_SOURCE,数据来源,,,,
rel-003144,obs-temp-abs-max-2024-06,indicator-temp-abs-max,MEASURES,观测对应指标,,,,
rel-003145,obs-temp-abs-max-2024-06,region-zhejiang,OBSERVED_IN,观测空间范围,,,,
rel-003146,obs-temp-abs-max-2024-06,period-2024-06,AT_TIME,观测统计期,,,,
rel-003147,obs-temp-abs-max-2024-06,source-open-meteo-era5-land,FROM_SOURCE,数据来源,,,,
rel-003148,obs-temp-abs-min-2024-06,indicator-temp-abs-min,MEASURES,观测对应指标,,,,
rel-003149,obs-temp-abs-min-2024-06,region-zhejiang,OBSERVED_IN,观测空间范围,,,,
rel-003150,obs-temp-abs-min-2024-06,period-2024-06,AT_TIME,观测统计期,,,,
rel-003151,obs-temp-abs-min-2024-06,source-open-meteo-era5-land,FROM_SOURCE,数据来源,,,,
rel-003152,obs-cdd18-2024-06,feature-cdd18,MEASURES,观测对应指标,,,,
rel-003153,obs-cdd18-2024-06,region-zhejiang,OBSERVED_IN,观测空间范围,,,,
rel-003154,obs-cdd18-2024-06,period-2024-06,AT_TIME,观测统计期,,,,
rel-003155,obs-cdd18-2024-06,source-open-meteo-era5-land,FROM_SOURCE,数据来源,,,,
rel-003156,obs-hdd18-2024-06,feature-hdd18,MEASURES,观测对应指标,,,,
rel-003157,obs-hdd18-2024-06,region-zhejiang,OBSERVED_IN,观测空间范围,,,,
rel-003158,obs-hdd18-2024-06,period-2024-06,AT_TIME,观测统计期,,,,
rel-003159,obs-hdd18-2024-06,source-open-meteo-era5-land,FROM_SOURCE,数据来源,,,,
rel-003160,obs-hot-days-2024-06,feature-hot-days,MEASURES,观测对应指标,,,,
rel-003161,obs-hot-days-2024-06,region-zhejiang,OBSERVED_IN,观测空间范围,,,,
rel-003162,obs-hot-days-2024-06,period-2024-06,AT_TIME,观测统计期,,,,
rel-003163,obs-hot-days-2024-06,source-open-meteo-era5-land,FROM_SOURCE,数据来源,,,,
rel-003164,obs-cold-days-2024-06,feature-cold-days,MEASURES,观测对应指标,,,,
rel-003165,obs-cold-days-2024-06,region-zhejiang,OBSERVED_IN,观测空间范围,,,,
rel-003166,obs-cold-days-2024-06,period-2024-06,AT_TIME,观测统计期,,,,
rel-003167,obs-cold-days-2024-06,source-open-meteo-era5-land,FROM_SOURCE,数据来源,,,,
rel-003168,obs-temp-mean-2024-07,indicator-temp-mean,MEASURES,观测对应指标,,,,
rel-003169,obs-temp-mean-2024-07,region-zhejiang,OBSERVED_IN,观测空间范围,,,,
rel-003170,obs-temp-mean-2024-07,period-2024-07,AT_TIME,观测统计期,,,,
rel-003171,obs-temp-mean-2024-07,source-open-meteo-era5-land,FROM_SOURCE,数据来源,,,,
rel-003172,obs-temp-max-mean-2024-07,indicator-temp-max-mean,MEASURES,观测对应指标,,,,
rel-003173,obs-temp-max-mean-2024-07,region-zhejiang,OBSERVED_IN,观测空间范围,,,,
rel-003174,obs-temp-max-mean-2024-07,period-2024-07,AT_TIME,观测统计期,,,,
rel-003175,obs-temp-max-mean-2024-07,source-open-meteo-era5-land,FROM_SOURCE,数据来源,,,,
rel-003176,obs-temp-min-mean-2024-07,indicator-temp-min-mean,MEASURES,观测对应指标,,,,
rel-003177,obs-temp-min-mean-2024-07,region-zhejiang,OBSERVED_IN,观测空间范围,,,,
rel-003178,obs-temp-min-mean-2024-07,period-2024-07,AT_TIME,观测统计期,,,,
rel-003179,obs-temp-min-mean-2024-07,source-open-meteo-era5-land,FROM_SOURCE,数据来源,,,,
rel-003180,obs-temp-abs-max-2024-07,indicator-temp-abs-max,MEASURES,观测对应指标,,,,
rel-003181,obs-temp-abs-max-2024-07,region-zhejiang,OBSERVED_IN,观测空间范围,,,,
rel-003182,obs-temp-abs-max-2024-07,period-2024-07,AT_TIME,观测统计期,,,,
rel-003183,obs-temp-abs-max-2024-07,source-open-meteo-era5-land,FROM_SOURCE,数据来源,,,,
rel-003184,obs-temp-abs-min-2024-07,indicator-temp-abs-min,MEASURES,观测对应指标,,,,
rel-003185,obs-temp-abs-min-2024-07,region-zhejiang,OBSERVED_IN,观测空间范围,,,,
rel-003186,obs-temp-abs-min-2024-07,period-2024-07,AT_TIME,观测统计期,,,,
rel-003187,obs-temp-abs-min-2024-07,source-open-meteo-era5-land,FROM_SOURCE,数据来源,,,,
rel-003188,obs-cdd18-2024-07,feature-cdd18,MEASURES,观测对应指标,,,,
rel-003189,obs-cdd18-2024-07,region-zhejiang,OBSERVED_IN,观测空间范围,,,,
rel-003190,obs-cdd18-2024-07,period-2024-07,AT_TIME,观测统计期,,,,
rel-003191,obs-cdd18-2024-07,source-open-meteo-era5-land,FROM_SOURCE,数据来源,,,,
rel-003192,obs-hdd18-2024-07,feature-hdd18,MEASURES,观测对应指标,,,,
rel-003193,obs-hdd18-2024-07,region-zhejiang,OBSERVED_IN,观测空间范围,,,,
rel-003194,obs-hdd18-2024-07,period-2024-07,AT_TIME,观测统计期,,,,
rel-003195,obs-hdd18-2024-07,source-open-meteo-era5-land,FROM_SOURCE,数据来源,,,,
rel-003196,obs-hot-days-2024-07,feature-hot-days,MEASURES,观测对应指标,,,,
rel-003197,obs-hot-days-2024-07,region-zhejiang,OBSERVED_IN,观测空间范围,,,,
rel-003198,obs-hot-days-2024-07,period-2024-07,AT_TIME,观测统计期,,,,
rel-003199,obs-hot-days-2024-07,source-open-meteo-era5-land,FROM_SOURCE,数据来源,,,,
rel-003200,obs-cold-days-2024-07,feature-cold-days,MEASURES,观测对应指标,,,,
rel-003201,obs-cold-days-2024-07,region-zhejiang,OBSERVED_IN,观测空间范围,,,,
rel-003202,obs-cold-days-2024-07,period-2024-07,AT_TIME,观测统计期,,,,
rel-003203,obs-cold-days-2024-07,source-open-meteo-era5-land,FROM_SOURCE,数据来源,,,,
rel-003204,obs-temp-mean-2024-08,indicator-temp-mean,MEASURES,观测对应指标,,,,
rel-003205,obs-temp-mean-2024-08,region-zhejiang,OBSERVED_IN,观测空间范围,,,,
rel-003206,obs-temp-mean-2024-08,period-2024-08,AT_TIME,观测统计期,,,,
rel-003207,obs-temp-mean-2024-08,source-open-meteo-era5-land,FROM_SOURCE,数据来源,,,,
rel-003208,obs-temp-max-mean-2024-08,indicator-temp-max-mean,MEASURES,观测对应指标,,,,
rel-003209,obs-temp-max-mean-2024-08,region-zhejiang,OBSERVED_IN,观测空间范围,,,,
rel-003210,obs-temp-max-mean-2024-08,period-2024-08,AT_TIME,观测统计期,,,,
rel-003211,obs-temp-max-mean-2024-08,source-open-meteo-era5-land,FROM_SOURCE,数据来源,,,,
rel-003212,obs-temp-min-mean-2024-08,indicator-temp-min-mean,MEASURES,观测对应指标,,,,
rel-003213,obs-temp-min-mean-2024-08,region-zhejiang,OBSERVED_IN,观测空间范围,,,,
rel-003214,obs-temp-min-mean-2024-08,period-2024-08,AT_TIME,观测统计期,,,,
rel-003215,obs-temp-min-mean-2024-08,source-open-meteo-era5-land,FROM_SOURCE,数据来源,,,,
rel-003216,obs-temp-abs-max-2024-08,indicator-temp-abs-max,MEASURES,观测对应指标,,,,
rel-003217,obs-temp-abs-max-2024-08,region-zhejiang,OBSERVED_IN,观测空间范围,,,,
rel-003218,obs-temp-abs-max-2024-08,period-2024-08,AT_TIME,观测统计期,,,,
rel-003219,obs-temp-abs-max-2024-08,source-open-meteo-era5-land,FROM_SOURCE,数据来源,,,,
rel-003220,obs-temp-abs-min-2024-08,indicator-temp-abs-min,MEASURES,观测对应指标,,,,
rel-003221,obs-temp-abs-min-2024-08,region-zhejiang,OBSERVED_IN,观测空间范围,,,,
rel-003222,obs-temp-abs-min-2024-08,period-2024-08,AT_TIME,观测统计期,,,,
rel-003223,obs-temp-abs-min-2024-08,source-open-meteo-era5-land,FROM_SOURCE,数据来源,,,,
rel-003224,obs-cdd18-2024-08,feature-cdd18,MEASURES,观测对应指标,,,,
rel-003225,obs-cdd18-2024-08,region-zhejiang,OBSERVED_IN,观测空间范围,,,,
rel-003226,obs-cdd18-2024-08,period-2024-08,AT_TIME,观测统计期,,,,
rel-003227,obs-cdd18-2024-08,source-open-meteo-era5-land,FROM_SOURCE,数据来源,,,,
rel-003228,obs-hdd18-2024-08,feature-hdd18,MEASURES,观测对应指标,,,,
rel-003229,obs-hdd18-2024-08,region-zhejiang,OBSERVED_IN,观测空间范围,,,,
rel-003230,obs-hdd18-2024-08,period-2024-08,AT_TIME,观测统计期,,,,
rel-003231,obs-hdd18-2024-08,source-open-meteo-era5-land,FROM_SOURCE,数据来源,,,,
rel-003232,obs-hot-days-2024-08,feature-hot-days,MEASURES,观测对应指标,,,,
rel-003233,obs-hot-days-2024-08,region-zhejiang,OBSERVED_IN,观测空间范围,,,,
rel-003234,obs-hot-days-2024-08,period-2024-08,AT_TIME,观测统计期,,,,
rel-003235,obs-hot-days-2024-08,source-open-meteo-era5-land,FROM_SOURCE,数据来源,,,,
rel-003236,obs-cold-days-2024-08,feature-cold-days,MEASURES,观测对应指标,,,,
rel-003237,obs-cold-days-2024-08,region-zhejiang,OBSERVED_IN,观测空间范围,,,,
rel-003238,obs-cold-days-2024-08,period-2024-08,AT_TIME,观测统计期,,,,
rel-003239,obs-cold-days-2024-08,source-open-meteo-era5-land,FROM_SOURCE,数据来源,,,,
rel-003240,obs-temp-mean-2024-09,indicator-temp-mean,MEASURES,观测对应指标,,,,
rel-003241,obs-temp-mean-2024-09,region-zhejiang,OBSERVED_IN,观测空间范围,,,,
rel-003242,obs-temp-mean-2024-09,period-2024-09,AT_TIME,观测统计期,,,,
rel-003243,obs-temp-mean-2024-09,source-open-meteo-era5-land,FROM_SOURCE,数据来源,,,,
rel-003244,obs-temp-max-mean-2024-09,indicator-temp-max-mean,MEASURES,观测对应指标,,,,
rel-003245,obs-temp-max-mean-2024-09,region-zhejiang,OBSERVED_IN,观测空间范围,,,,
rel-003246,obs-temp-max-mean-2024-09,period-2024-09,AT_TIME,观测统计期,,,,
rel-003247,obs-temp-max-mean-2024-09,source-open-meteo-era5-land,FROM_SOURCE,数据来源,,,,
rel-003248,obs-temp-min-mean-2024-09,indicator-temp-min-mean,MEASURES,观测对应指标,,,,
rel-003249,obs-temp-min-mean-2024-09,region-zhejiang,OBSERVED_IN,观测空间范围,,,,
rel-003250,obs-temp-min-mean-2024-09,period-2024-09,AT_TIME,观测统计期,,,,
rel-003251,obs-temp-min-mean-2024-09,source-open-meteo-era5-land,FROM_SOURCE,数据来源,,,,
rel-003252,obs-temp-abs-max-2024-09,indicator-temp-abs-max,MEASURES,观测对应指标,,,,
rel-003253,obs-temp-abs-max-2024-09,region-zhejiang,OBSERVED_IN,观测空间范围,,,,
rel-003254,obs-temp-abs-max-2024-09,period-2024-09,AT_TIME,观测统计期,,,,
rel-003255,obs-temp-abs-max-2024-09,source-open-meteo-era5-land,FROM_SOURCE,数据来源,,,,
rel-003256,obs-temp-abs-min-2024-09,indicator-temp-abs-min,MEASURES,观测对应指标,,,,
rel-003257,obs-temp-abs-min-2024-09,region-zhejiang,OBSERVED_IN,观测空间范围,,,,
rel-003258,obs-temp-abs-min-2024-09,period-2024-09,AT_TIME,观测统计期,,,,
rel-003259,obs-temp-abs-min-2024-09,source-open-meteo-era5-land,FROM_SOURCE,数据来源,,,,
rel-003260,obs-cdd18-2024-09,feature-cdd18,MEASURES,观测对应指标,,,,
rel-003261,obs-cdd18-2024-09,region-zhejiang,OBSERVED_IN,观测空间范围,,,,
rel-003262,obs-cdd18-2024-09,period-2024-09,AT_TIME,观测统计期,,,,
rel-003263,obs-cdd18-2024-09,source-open-meteo-era5-land,FROM_SOURCE,数据来源,,,,
rel-003264,obs-hdd18-2024-09,feature-hdd18,MEASURES,观测对应指标,,,,
rel-003265,obs-hdd18-2024-09,region-zhejiang,OBSERVED_IN,观测空间范围,,,,
rel-003266,obs-hdd18-2024-09,period-2024-09,AT_TIME,观测统计期,,,,
rel-003267,obs-hdd18-2024-09,source-open-meteo-era5-land,FROM_SOURCE,数据来源,,,,
rel-003268,obs-hot-days-2024-09,feature-hot-days,MEASURES,观测对应指标,,,,
rel-003269,obs-hot-days-2024-09,region-zhejiang,OBSERVED_IN,观测空间范围,,,,
rel-003270,obs-hot-days-2024-09,period-2024-09,AT_TIME,观测统计期,,,,
rel-003271,obs-hot-days-2024-09,source-open-meteo-era5-land,FROM_SOURCE,数据来源,,,,
rel-003272,obs-cold-days-2024-09,feature-cold-days,MEASURES,观测对应指标,,,,
rel-003273,obs-cold-days-2024-09,region-zhejiang,OBSERVED_IN,观测空间范围,,,,
rel-003274,obs-cold-days-2024-09,period-2024-09,AT_TIME,观测统计期,,,,
rel-003275,obs-cold-days-2024-09,source-open-meteo-era5-land,FROM_SOURCE,数据来源,,,,
rel-003276,obs-temp-mean-2024-10,indicator-temp-mean,MEASURES,观测对应指标,,,,
rel-003277,obs-temp-mean-2024-10,region-zhejiang,OBSERVED_IN,观测空间范围,,,,
rel-003278,obs-temp-mean-2024-10,period-2024-10,AT_TIME,观测统计期,,,,
rel-003279,obs-temp-mean-2024-10,source-open-meteo-era5-land,FROM_SOURCE,数据来源,,,,
rel-003280,obs-temp-max-mean-2024-10,indicator-temp-max-mean,MEASURES,观测对应指标,,,,
rel-003281,obs-temp-max-mean-2024-10,region-zhejiang,OBSERVED_IN,观测空间范围,,,,
rel-003282,obs-temp-max-mean-2024-10,period-2024-10,AT_TIME,观测统计期,,,,
rel-003283,obs-temp-max-mean-2024-10,source-open-meteo-era5-land,FROM_SOURCE,数据来源,,,,
rel-003284,obs-temp-min-mean-2024-10,indicator-temp-min-mean,MEASURES,观测对应指标,,,,
rel-003285,obs-temp-min-mean-2024-10,region-zhejiang,OBSERVED_IN,观测空间范围,,,,
rel-003286,obs-temp-min-mean-2024-10,period-2024-10,AT_TIME,观测统计期,,,,
rel-003287,obs-temp-min-mean-2024-10,source-open-meteo-era5-land,FROM_SOURCE,数据来源,,,,
rel-003288,obs-temp-abs-max-2024-10,indicator-temp-abs-max,MEASURES,观测对应指标,,,,
rel-003289,obs-temp-abs-max-2024-10,region-zhejiang,OBSERVED_IN,观测空间范围,,,,
rel-003290,obs-temp-abs-max-2024-10,period-2024-10,AT_TIME,观测统计期,,,,
rel-003291,obs-temp-abs-max-2024-10,source-open-meteo-era5-land,FROM_SOURCE,数据来源,,,,
rel-003292,obs-temp-abs-min-2024-10,indicator-temp-abs-min,MEASURES,观测对应指标,,,,
rel-003293,obs-temp-abs-min-2024-10,region-zhejiang,OBSERVED_IN,观测空间范围,,,,
rel-003294,obs-temp-abs-min-2024-10,period-2024-10,AT_TIME,观测统计期,,,,
rel-003295,obs-temp-abs-min-2024-10,source-open-meteo-era5-land,FROM_SOURCE,数据来源,,,,
rel-003296,obs-cdd18-2024-10,feature-cdd18,MEASURES,观测对应指标,,,,
rel-003297,obs-cdd18-2024-10,region-zhejiang,OBSERVED_IN,观测空间范围,,,,
rel-003298,obs-cdd18-2024-10,period-2024-10,AT_TIME,观测统计期,,,,
rel-003299,obs-cdd18-2024-10,source-open-meteo-era5-land,FROM_SOURCE,数据来源,,,,
rel-003300,obs-hdd18-2024-10,feature-hdd18,MEASURES,观测对应指标,,,,
rel-003301,obs-hdd18-2024-10,region-zhejiang,OBSERVED_IN,观测空间范围,,,,
rel-003302,obs-hdd18-2024-10,period-2024-10,AT_TIME,观测统计期,,,,
rel-003303,obs-hdd18-2024-10,source-open-meteo-era5-land,FROM_SOURCE,数据来源,,,,
rel-003304,obs-hot-days-2024-10,feature-hot-days,MEASURES,观测对应指标,,,,
rel-003305,obs-hot-days-2024-10,region-zhejiang,OBSERVED_IN,观测空间范围,,,,
rel-003306,obs-hot-days-2024-10,period-2024-10,AT_TIME,观测统计期,,,,
rel-003307,obs-hot-days-2024-10,source-open-meteo-era5-land,FROM_SOURCE,数据来源,,,,
rel-003308,obs-cold-days-2024-10,feature-cold-days,MEASURES,观测对应指标,,,,
rel-003309,obs-cold-days-2024-10,region-zhejiang,OBSERVED_IN,观测空间范围,,,,
rel-003310,obs-cold-days-2024-10,period-2024-10,AT_TIME,观测统计期,,,,
rel-003311,obs-cold-days-2024-10,source-open-meteo-era5-land,FROM_SOURCE,数据来源,,,,
rel-003312,obs-temp-mean-2024-11,indicator-temp-mean,MEASURES,观测对应指标,,,,
rel-003313,obs-temp-mean-2024-11,region-zhejiang,OBSERVED_IN,观测空间范围,,,,
rel-003314,obs-temp-mean-2024-11,period-2024-11,AT_TIME,观测统计期,,,,
rel-003315,obs-temp-mean-2024-11,source-open-meteo-era5-land,FROM_SOURCE,数据来源,,,,
rel-003316,obs-temp-max-mean-2024-11,indicator-temp-max-mean,MEASURES,观测对应指标,,,,
rel-003317,obs-temp-max-mean-2024-11,region-zhejiang,OBSERVED_IN,观测空间范围,,,,
rel-003318,obs-temp-max-mean-2024-11,period-2024-11,AT_TIME,观测统计期,,,,
rel-003319,obs-temp-max-mean-2024-11,source-open-meteo-era5-land,FROM_SOURCE,数据来源,,,,
rel-003320,obs-temp-min-mean-2024-11,indicator-temp-min-mean,MEASURES,观测对应指标,,,,
rel-003321,obs-temp-min-mean-2024-11,region-zhejiang,OBSERVED_IN,观测空间范围,,,,
rel-003322,obs-temp-min-mean-2024-11,period-2024-11,AT_TIME,观测统计期,,,,
rel-003323,obs-temp-min-mean-2024-11,source-open-meteo-era5-land,FROM_SOURCE,数据来源,,,,
rel-003324,obs-temp-abs-max-2024-11,indicator-temp-abs-max,MEASURES,观测对应指标,,,,
rel-003325,obs-temp-abs-max-2024-11,region-zhejiang,OBSERVED_IN,观测空间范围,,,,
rel-003326,obs-temp-abs-max-2024-11,period-2024-11,AT_TIME,观测统计期,,,,
rel-003327,obs-temp-abs-max-2024-11,source-open-meteo-era5-land,FROM_SOURCE,数据来源,,,,
rel-003328,obs-temp-abs-min-2024-11,indicator-temp-abs-min,MEASURES,观测对应指标,,,,
rel-003329,obs-temp-abs-min-2024-11,region-zhejiang,OBSERVED_IN,观测空间范围,,,,
rel-003330,obs-temp-abs-min-2024-11,period-2024-11,AT_TIME,观测统计期,,,,
rel-003331,obs-temp-abs-min-2024-11,source-open-meteo-era5-land,FROM_SOURCE,数据来源,,,,
rel-003332,obs-cdd18-2024-11,feature-cdd18,MEASURES,观测对应指标,,,,
rel-003333,obs-cdd18-2024-11,region-zhejiang,OBSERVED_IN,观测空间范围,,,,
rel-003334,obs-cdd18-2024-11,period-2024-11,AT_TIME,观测统计期,,,,
rel-003335,obs-cdd18-2024-11,source-open-meteo-era5-land,FROM_SOURCE,数据来源,,,,
rel-003336,obs-hdd18-2024-11,feature-hdd18,MEASURES,观测对应指标,,,,
rel-003337,obs-hdd18-2024-11,region-zhejiang,OBSERVED_IN,观测空间范围,,,,
rel-003338,obs-hdd18-2024-11,period-2024-11,AT_TIME,观测统计期,,,,
rel-003339,obs-hdd18-2024-11,source-open-meteo-era5-land,FROM_SOURCE,数据来源,,,,
rel-003340,obs-hot-days-2024-11,feature-hot-days,MEASURES,观测对应指标,,,,
rel-003341,obs-hot-days-2024-11,region-zhejiang,OBSERVED_IN,观测空间范围,,,,
rel-003342,obs-hot-days-2024-11,period-2024-11,AT_TIME,观测统计期,,,,
rel-003343,obs-hot-days-2024-11,source-open-meteo-era5-land,FROM_SOURCE,数据来源,,,,
rel-003344,obs-cold-days-2024-11,feature-cold-days,MEASURES,观测对应指标,,,,
rel-003345,obs-cold-days-2024-11,region-zhejiang,OBSERVED_IN,观测空间范围,,,,
rel-003346,obs-cold-days-2024-11,period-2024-11,AT_TIME,观测统计期,,,,
rel-003347,obs-cold-days-2024-11,source-open-meteo-era5-land,FROM_SOURCE,数据来源,,,,
rel-003348,obs-temp-mean-2024-12,indicator-temp-mean,MEASURES,观测对应指标,,,,
rel-003349,obs-temp-mean-2024-12,region-zhejiang,OBSERVED_IN,观测空间范围,,,,
rel-003350,obs-temp-mean-2024-12,period-2024-12,AT_TIME,观测统计期,,,,
rel-003351,obs-temp-mean-2024-12,source-open-meteo-era5-land,FROM_SOURCE,数据来源,,,,
rel-003352,obs-temp-max-mean-2024-12,indicator-temp-max-mean,MEASURES,观测对应指标,,,,
rel-003353,obs-temp-max-mean-2024-12,region-zhejiang,OBSERVED_IN,观测空间范围,,,,
rel-003354,obs-temp-max-mean-2024-12,period-2024-12,AT_TIME,观测统计期,,,,
rel-003355,obs-temp-max-mean-2024-12,source-open-meteo-era5-land,FROM_SOURCE,数据来源,,,,
rel-003356,obs-temp-min-mean-2024-12,indicator-temp-min-mean,MEASURES,观测对应指标,,,,
rel-003357,obs-temp-min-mean-2024-12,region-zhejiang,OBSERVED_IN,观测空间范围,,,,
rel-003358,obs-temp-min-mean-2024-12,period-2024-12,AT_TIME,观测统计期,,,,
rel-003359,obs-temp-min-mean-2024-12,source-open-meteo-era5-land,FROM_SOURCE,数据来源,,,,
rel-003360,obs-temp-abs-max-2024-12,indicator-temp-abs-max,MEASURES,观测对应指标,,,,
rel-003361,obs-temp-abs-max-2024-12,region-zhejiang,OBSERVED_IN,观测空间范围,,,,
rel-003362,obs-temp-abs-max-2024-12,period-2024-12,AT_TIME,观测统计期,,,,
rel-003363,obs-temp-abs-max-2024-12,source-open-meteo-era5-land,FROM_SOURCE,数据来源,,,,
rel-003364,obs-temp-abs-min-2024-12,indicator-temp-abs-min,MEASURES,观测对应指标,,,,
rel-003365,obs-temp-abs-min-2024-12,region-zhejiang,OBSERVED_IN,观测空间范围,,,,
rel-003366,obs-temp-abs-min-2024-12,period-2024-12,AT_TIME,观测统计期,,,,
rel-003367,obs-temp-abs-min-2024-12,source-open-meteo-era5-land,FROM_SOURCE,数据来源,,,,
rel-003368,obs-cdd18-2024-12,feature-cdd18,MEASURES,观测对应指标,,,,
rel-003369,obs-cdd18-2024-12,region-zhejiang,OBSERVED_IN,观测空间范围,,,,
rel-003370,obs-cdd18-2024-12,period-2024-12,AT_TIME,观测统计期,,,,
rel-003371,obs-cdd18-2024-12,source-open-meteo-era5-land,FROM_SOURCE,数据来源,,,,
rel-003372,obs-hdd18-2024-12,feature-hdd18,MEASURES,观测对应指标,,,,
rel-003373,obs-hdd18-2024-12,region-zhejiang,OBSERVED_IN,观测空间范围,,,,
rel-003374,obs-hdd18-2024-12,period-2024-12,AT_TIME,观测统计期,,,,
rel-003375,obs-hdd18-2024-12,source-open-meteo-era5-land,FROM_SOURCE,数据来源,,,,
rel-003376,obs-hot-days-2024-12,feature-hot-days,MEASURES,观测对应指标,,,,
rel-003377,obs-hot-days-2024-12,region-zhejiang,OBSERVED_IN,观测空间范围,,,,
rel-003378,obs-hot-days-2024-12,period-2024-12,AT_TIME,观测统计期,,,,
rel-003379,obs-hot-days-2024-12,source-open-meteo-era5-land,FROM_SOURCE,数据来源,,,,
rel-003380,obs-cold-days-2024-12,feature-cold-days,MEASURES,观测对应指标,,,,
rel-003381,obs-cold-days-2024-12,region-zhejiang,OBSERVED_IN,观测空间范围,,,,
rel-003382,obs-cold-days-2024-12,period-2024-12,AT_TIME,观测统计期,,,,
rel-003383,obs-cold-days-2024-12,source-open-meteo-era5-land,FROM_SOURCE,数据来源,,,,
rel-003384,obs-temp-mean-2025-01,indicator-temp-mean,MEASURES,观测对应指标,,,,
rel-003385,obs-temp-mean-2025-01,region-zhejiang,OBSERVED_IN,观测空间范围,,,,
rel-003386,obs-temp-mean-2025-01,period-2025-01,AT_TIME,观测统计期,,,,
rel-003387,obs-temp-mean-2025-01,source-open-meteo-era5-land,FROM_SOURCE,数据来源,,,,
rel-003388,obs-temp-max-mean-2025-01,indicator-temp-max-mean,MEASURES,观测对应指标,,,,
rel-003389,obs-temp-max-mean-2025-01,region-zhejiang,OBSERVED_IN,观测空间范围,,,,
rel-003390,obs-temp-max-mean-2025-01,period-2025-01,AT_TIME,观测统计期,,,,
rel-003391,obs-temp-max-mean-2025-01,source-open-meteo-era5-land,FROM_SOURCE,数据来源,,,,
rel-003392,obs-temp-min-mean-2025-01,indicator-temp-min-mean,MEASURES,观测对应指标,,,,
rel-003393,obs-temp-min-mean-2025-01,region-zhejiang,OBSERVED_IN,观测空间范围,,,,
rel-003394,obs-temp-min-mean-2025-01,period-2025-01,AT_TIME,观测统计期,,,,
rel-003395,obs-temp-min-mean-2025-01,source-open-meteo-era5-land,FROM_SOURCE,数据来源,,,,
rel-003396,obs-temp-abs-max-2025-01,indicator-temp-abs-max,MEASURES,观测对应指标,,,,
rel-003397,obs-temp-abs-max-2025-01,region-zhejiang,OBSERVED_IN,观测空间范围,,,,
rel-003398,obs-temp-abs-max-2025-01,period-2025-01,AT_TIME,观测统计期,,,,
rel-003399,obs-temp-abs-max-2025-01,source-open-meteo-era5-land,FROM_SOURCE,数据来源,,,,
rel-003400,obs-temp-abs-min-2025-01,indicator-temp-abs-min,MEASURES,观测对应指标,,,,
rel-003401,obs-temp-abs-min-2025-01,region-zhejiang,OBSERVED_IN,观测空间范围,,,,
rel-003402,obs-temp-abs-min-2025-01,period-2025-01,AT_TIME,观测统计期,,,,
rel-003403,obs-temp-abs-min-2025-01,source-open-meteo-era5-land,FROM_SOURCE,数据来源,,,,
rel-003404,obs-cdd18-2025-01,feature-cdd18,MEASURES,观测对应指标,,,,
rel-003405,obs-cdd18-2025-01,region-zhejiang,OBSERVED_IN,观测空间范围,,,,
rel-003406,obs-cdd18-2025-01,period-2025-01,AT_TIME,观测统计期,,,,
rel-003407,obs-cdd18-2025-01,source-open-meteo-era5-land,FROM_SOURCE,数据来源,,,,
rel-003408,obs-hdd18-2025-01,feature-hdd18,MEASURES,观测对应指标,,,,
rel-003409,obs-hdd18-2025-01,region-zhejiang,OBSERVED_IN,观测空间范围,,,,
rel-003410,obs-hdd18-2025-01,period-2025-01,AT_TIME,观测统计期,,,,
rel-003411,obs-hdd18-2025-01,source-open-meteo-era5-land,FROM_SOURCE,数据来源,,,,
rel-003412,obs-hot-days-2025-01,feature-hot-days,MEASURES,观测对应指标,,,,
rel-003413,obs-hot-days-2025-01,region-zhejiang,OBSERVED_IN,观测空间范围,,,,
rel-003414,obs-hot-days-2025-01,period-2025-01,AT_TIME,观测统计期,,,,
rel-003415,obs-hot-days-2025-01,source-open-meteo-era5-land,FROM_SOURCE,数据来源,,,,
rel-003416,obs-cold-days-2025-01,feature-cold-days,MEASURES,观测对应指标,,,,
rel-003417,obs-cold-days-2025-01,region-zhejiang,OBSERVED_IN,观测空间范围,,,,
rel-003418,obs-cold-days-2025-01,period-2025-01,AT_TIME,观测统计期,,,,
rel-003419,obs-cold-days-2025-01,source-open-meteo-era5-land,FROM_SOURCE,数据来源,,,,
rel-003420,obs-temp-mean-2025-02,indicator-temp-mean,MEASURES,观测对应指标,,,,
rel-003421,obs-temp-mean-2025-02,region-zhejiang,OBSERVED_IN,观测空间范围,,,,
rel-003422,obs-temp-mean-2025-02,period-2025-02,AT_TIME,观测统计期,,,,
rel-003423,obs-temp-mean-2025-02,source-open-meteo-era5-land,FROM_SOURCE,数据来源,,,,
rel-003424,obs-temp-max-mean-2025-02,indicator-temp-max-mean,MEASURES,观测对应指标,,,,
rel-003425,obs-temp-max-mean-2025-02,region-zhejiang,OBSERVED_IN,观测空间范围,,,,
rel-003426,obs-temp-max-mean-2025-02,period-2025-02,AT_TIME,观测统计期,,,,
rel-003427,obs-temp-max-mean-2025-02,source-open-meteo-era5-land,FROM_SOURCE,数据来源,,,,
rel-003428,obs-temp-min-mean-2025-02,indicator-temp-min-mean,MEASURES,观测对应指标,,,,
rel-003429,obs-temp-min-mean-2025-02,region-zhejiang,OBSERVED_IN,观测空间范围,,,,
rel-003430,obs-temp-min-mean-2025-02,period-2025-02,AT_TIME,观测统计期,,,,
rel-003431,obs-temp-min-mean-2025-02,source-open-meteo-era5-land,FROM_SOURCE,数据来源,,,,
rel-003432,obs-temp-abs-max-2025-02,indicator-temp-abs-max,MEASURES,观测对应指标,,,,
rel-003433,obs-temp-abs-max-2025-02,region-zhejiang,OBSERVED_IN,观测空间范围,,,,
rel-003434,obs-temp-abs-max-2025-02,period-2025-02,AT_TIME,观测统计期,,,,
rel-003435,obs-temp-abs-max-2025-02,source-open-meteo-era5-land,FROM_SOURCE,数据来源,,,,
rel-003436,obs-temp-abs-min-2025-02,indicator-temp-abs-min,MEASURES,观测对应指标,,,,
rel-003437,obs-temp-abs-min-2025-02,region-zhejiang,OBSERVED_IN,观测空间范围,,,,
rel-003438,obs-temp-abs-min-2025-02,period-2025-02,AT_TIME,观测统计期,,,,
rel-003439,obs-temp-abs-min-2025-02,source-open-meteo-era5-land,FROM_SOURCE,数据来源,,,,
rel-003440,obs-cdd18-2025-02,feature-cdd18,MEASURES,观测对应指标,,,,
rel-003441,obs-cdd18-2025-02,region-zhejiang,OBSERVED_IN,观测空间范围,,,,
rel-003442,obs-cdd18-2025-02,period-2025-02,AT_TIME,观测统计期,,,,
rel-003443,obs-cdd18-2025-02,source-open-meteo-era5-land,FROM_SOURCE,数据来源,,,,
rel-003444,obs-hdd18-2025-02,feature-hdd18,MEASURES,观测对应指标,,,,
rel-003445,obs-hdd18-2025-02,region-zhejiang,OBSERVED_IN,观测空间范围,,,,
rel-003446,obs-hdd18-2025-02,period-2025-02,AT_TIME,观测统计期,,,,
rel-003447,obs-hdd18-2025-02,source-open-meteo-era5-land,FROM_SOURCE,数据来源,,,,
rel-003448,obs-hot-days-2025-02,feature-hot-days,MEASURES,观测对应指标,,,,
rel-003449,obs-hot-days-2025-02,region-zhejiang,OBSERVED_IN,观测空间范围,,,,
rel-003450,obs-hot-days-2025-02,period-2025-02,AT_TIME,观测统计期,,,,
rel-003451,obs-hot-days-2025-02,source-open-meteo-era5-land,FROM_SOURCE,数据来源,,,,
rel-003452,obs-cold-days-2025-02,feature-cold-days,MEASURES,观测对应指标,,,,
rel-003453,obs-cold-days-2025-02,region-zhejiang,OBSERVED_IN,观测空间范围,,,,
rel-003454,obs-cold-days-2025-02,period-2025-02,AT_TIME,观测统计期,,,,
rel-003455,obs-cold-days-2025-02,source-open-meteo-era5-land,FROM_SOURCE,数据来源,,,,
rel-003456,obs-temp-mean-2025-03,indicator-temp-mean,MEASURES,观测对应指标,,,,
rel-003457,obs-temp-mean-2025-03,region-zhejiang,OBSERVED_IN,观测空间范围,,,,
rel-003458,obs-temp-mean-2025-03,period-2025-03,AT_TIME,观测统计期,,,,
rel-003459,obs-temp-mean-2025-03,source-open-meteo-era5-land,FROM_SOURCE,数据来源,,,,
rel-003460,obs-temp-max-mean-2025-03,indicator-temp-max-mean,MEASURES,观测对应指标,,,,
rel-003461,obs-temp-max-mean-2025-03,region-zhejiang,OBSERVED_IN,观测空间范围,,,,
rel-003462,obs-temp-max-mean-2025-03,period-2025-03,AT_TIME,观测统计期,,,,
rel-003463,obs-temp-max-mean-2025-03,source-open-meteo-era5-land,FROM_SOURCE,数据来源,,,,
rel-003464,obs-temp-min-mean-2025-03,indicator-temp-min-mean,MEASURES,观测对应指标,,,,
rel-003465,obs-temp-min-mean-2025-03,region-zhejiang,OBSERVED_IN,观测空间范围,,,,
rel-003466,obs-temp-min-mean-2025-03,period-2025-03,AT_TIME,观测统计期,,,,
rel-003467,obs-temp-min-mean-2025-03,source-open-meteo-era5-land,FROM_SOURCE,数据来源,,,,
rel-003468,obs-temp-abs-max-2025-03,indicator-temp-abs-max,MEASURES,观测对应指标,,,,
rel-003469,obs-temp-abs-max-2025-03,region-zhejiang,OBSERVED_IN,观测空间范围,,,,
rel-003470,obs-temp-abs-max-2025-03,period-2025-03,AT_TIME,观测统计期,,,,
rel-003471,obs-temp-abs-max-2025-03,source-open-meteo-era5-land,FROM_SOURCE,数据来源,,,,
rel-003472,obs-temp-abs-min-2025-03,indicator-temp-abs-min,MEASURES,观测对应指标,,,,
rel-003473,obs-temp-abs-min-2025-03,region-zhejiang,OBSERVED_IN,观测空间范围,,,,
rel-003474,obs-temp-abs-min-2025-03,period-2025-03,AT_TIME,观测统计期,,,,
rel-003475,obs-temp-abs-min-2025-03,source-open-meteo-era5-land,FROM_SOURCE,数据来源,,,,
rel-003476,obs-cdd18-2025-03,feature-cdd18,MEASURES,观测对应指标,,,,
rel-003477,obs-cdd18-2025-03,region-zhejiang,OBSERVED_IN,观测空间范围,,,,
rel-003478,obs-cdd18-2025-03,period-2025-03,AT_TIME,观测统计期,,,,
rel-003479,obs-cdd18-2025-03,source-open-meteo-era5-land,FROM_SOURCE,数据来源,,,,
rel-003480,obs-hdd18-2025-03,feature-hdd18,MEASURES,观测对应指标,,,,
rel-003481,obs-hdd18-2025-03,region-zhejiang,OBSERVED_IN,观测空间范围,,,,
rel-003482,obs-hdd18-2025-03,period-2025-03,AT_TIME,观测统计期,,,,
rel-003483,obs-hdd18-2025-03,source-open-meteo-era5-land,FROM_SOURCE,数据来源,,,,
rel-003484,obs-hot-days-2025-03,feature-hot-days,MEASURES,观测对应指标,,,,
rel-003485,obs-hot-days-2025-03,region-zhejiang,OBSERVED_IN,观测空间范围,,,,
rel-003486,obs-hot-days-2025-03,period-2025-03,AT_TIME,观测统计期,,,,
rel-003487,obs-hot-days-2025-03,source-open-meteo-era5-land,FROM_SOURCE,数据来源,,,,
rel-003488,obs-cold-days-2025-03,feature-cold-days,MEASURES,观测对应指标,,,,
rel-003489,obs-cold-days-2025-03,region-zhejiang,OBSERVED_IN,观测空间范围,,,,
rel-003490,obs-cold-days-2025-03,period-2025-03,AT_TIME,观测统计期,,,,
rel-003491,obs-cold-days-2025-03,source-open-meteo-era5-land,FROM_SOURCE,数据来源,,,,
rel-003492,obs-temp-mean-2025-04,indicator-temp-mean,MEASURES,观测对应指标,,,,
rel-003493,obs-temp-mean-2025-04,region-zhejiang,OBSERVED_IN,观测空间范围,,,,
rel-003494,obs-temp-mean-2025-04,period-2025-04,AT_TIME,观测统计期,,,,
rel-003495,obs-temp-mean-2025-04,source-open-meteo-era5-land,FROM_SOURCE,数据来源,,,,
rel-003496,obs-temp-max-mean-2025-04,indicator-temp-max-mean,MEASURES,观测对应指标,,,,
rel-003497,obs-temp-max-mean-2025-04,region-zhejiang,OBSERVED_IN,观测空间范围,,,,
rel-003498,obs-temp-max-mean-2025-04,period-2025-04,AT_TIME,观测统计期,,,,
rel-003499,obs-temp-max-mean-2025-04,source-open-meteo-era5-land,FROM_SOURCE,数据来源,,,,
rel-003500,obs-temp-min-mean-2025-04,indicator-temp-min-mean,MEASURES,观测对应指标,,,,
rel-003501,obs-temp-min-mean-2025-04,region-zhejiang,OBSERVED_IN,观测空间范围,,,,
rel-003502,obs-temp-min-mean-2025-04,period-2025-04,AT_TIME,观测统计期,,,,
rel-003503,obs-temp-min-mean-2025-04,source-open-meteo-era5-land,FROM_SOURCE,数据来源,,,,
rel-003504,obs-temp-abs-max-2025-04,indicator-temp-abs-max,MEASURES,观测对应指标,,,,
rel-003505,obs-temp-abs-max-2025-04,region-zhejiang,OBSERVED_IN,观测空间范围,,,,
rel-003506,obs-temp-abs-max-2025-04,period-2025-04,AT_TIME,观测统计期,,,,
rel-003507,obs-temp-abs-max-2025-04,source-open-meteo-era5-land,FROM_SOURCE,数据来源,,,,
rel-003508,obs-temp-abs-min-2025-04,indicator-temp-abs-min,MEASURES,观测对应指标,,,,
rel-003509,obs-temp-abs-min-2025-04,region-zhejiang,OBSERVED_IN,观测空间范围,,,,
rel-003510,obs-temp-abs-min-2025-04,period-2025-04,AT_TIME,观测统计期,,,,
rel-003511,obs-temp-abs-min-2025-04,source-open-meteo-era5-land,FROM_SOURCE,数据来源,,,,
rel-003512,obs-cdd18-2025-04,feature-cdd18,MEASURES,观测对应指标,,,,
rel-003513,obs-cdd18-2025-04,region-zhejiang,OBSERVED_IN,观测空间范围,,,,
rel-003514,obs-cdd18-2025-04,period-2025-04,AT_TIME,观测统计期,,,,
rel-003515,obs-cdd18-2025-04,source-open-meteo-era5-land,FROM_SOURCE,数据来源,,,,
rel-003516,obs-hdd18-2025-04,feature-hdd18,MEASURES,观测对应指标,,,,
rel-003517,obs-hdd18-2025-04,region-zhejiang,OBSERVED_IN,观测空间范围,,,,
rel-003518,obs-hdd18-2025-04,period-2025-04,AT_TIME,观测统计期,,,,
rel-003519,obs-hdd18-2025-04,source-open-meteo-era5-land,FROM_SOURCE,数据来源,,,,
rel-003520,obs-hot-days-2025-04,feature-hot-days,MEASURES,观测对应指标,,,,
rel-003521,obs-hot-days-2025-04,region-zhejiang,OBSERVED_IN,观测空间范围,,,,
rel-003522,obs-hot-days-2025-04,period-2025-04,AT_TIME,观测统计期,,,,
rel-003523,obs-hot-days-2025-04,source-open-meteo-era5-land,FROM_SOURCE,数据来源,,,,
rel-003524,obs-cold-days-2025-04,feature-cold-days,MEASURES,观测对应指标,,,,
rel-003525,obs-cold-days-2025-04,region-zhejiang,OBSERVED_IN,观测空间范围,,,,
rel-003526,obs-cold-days-2025-04,period-2025-04,AT_TIME,观测统计期,,,,
rel-003527,obs-cold-days-2025-04,source-open-meteo-era5-land,FROM_SOURCE,数据来源,,,,
rel-003528,obs-temp-mean-2025-05,indicator-temp-mean,MEASURES,观测对应指标,,,,
rel-003529,obs-temp-mean-2025-05,region-zhejiang,OBSERVED_IN,观测空间范围,,,,
rel-003530,obs-temp-mean-2025-05,period-2025-05,AT_TIME,观测统计期,,,,
rel-003531,obs-temp-mean-2025-05,source-open-meteo-era5-land,FROM_SOURCE,数据来源,,,,
rel-003532,obs-temp-max-mean-2025-05,indicator-temp-max-mean,MEASURES,观测对应指标,,,,
rel-003533,obs-temp-max-mean-2025-05,region-zhejiang,OBSERVED_IN,观测空间范围,,,,
rel-003534,obs-temp-max-mean-2025-05,period-2025-05,AT_TIME,观测统计期,,,,
rel-003535,obs-temp-max-mean-2025-05,source-open-meteo-era5-land,FROM_SOURCE,数据来源,,,,
rel-003536,obs-temp-min-mean-2025-05,indicator-temp-min-mean,MEASURES,观测对应指标,,,,
rel-003537,obs-temp-min-mean-2025-05,region-zhejiang,OBSERVED_IN,观测空间范围,,,,
rel-003538,obs-temp-min-mean-2025-05,period-2025-05,AT_TIME,观测统计期,,,,
rel-003539,obs-temp-min-mean-2025-05,source-open-meteo-era5-land,FROM_SOURCE,数据来源,,,,
rel-003540,obs-temp-abs-max-2025-05,indicator-temp-abs-max,MEASURES,观测对应指标,,,,
rel-003541,obs-temp-abs-max-2025-05,region-zhejiang,OBSERVED_IN,观测空间范围,,,,
rel-003542,obs-temp-abs-max-2025-05,period-2025-05,AT_TIME,观测统计期,,,,
rel-003543,obs-temp-abs-max-2025-05,source-open-meteo-era5-land,FROM_SOURCE,数据来源,,,,
rel-003544,obs-temp-abs-min-2025-05,indicator-temp-abs-min,MEASURES,观测对应指标,,,,
rel-003545,obs-temp-abs-min-2025-05,region-zhejiang,OBSERVED_IN,观测空间范围,,,,
rel-003546,obs-temp-abs-min-2025-05,period-2025-05,AT_TIME,观测统计期,,,,
rel-003547,obs-temp-abs-min-2025-05,source-open-meteo-era5-land,FROM_SOURCE,数据来源,,,,
rel-003548,obs-cdd18-2025-05,feature-cdd18,MEASURES,观测对应指标,,,,
rel-003549,obs-cdd18-2025-05,region-zhejiang,OBSERVED_IN,观测空间范围,,,,
rel-003550,obs-cdd18-2025-05,period-2025-05,AT_TIME,观测统计期,,,,
rel-003551,obs-cdd18-2025-05,source-open-meteo-era5-land,FROM_SOURCE,数据来源,,,,
rel-003552,obs-hdd18-2025-05,feature-hdd18,MEASURES,观测对应指标,,,,
rel-003553,obs-hdd18-2025-05,region-zhejiang,OBSERVED_IN,观测空间范围,,,,
rel-003554,obs-hdd18-2025-05,period-2025-05,AT_TIME,观测统计期,,,,
rel-003555,obs-hdd18-2025-05,source-open-meteo-era5-land,FROM_SOURCE,数据来源,,,,
rel-003556,obs-hot-days-2025-05,feature-hot-days,MEASURES,观测对应指标,,,,
rel-003557,obs-hot-days-2025-05,region-zhejiang,OBSERVED_IN,观测空间范围,,,,
rel-003558,obs-hot-days-2025-05,period-2025-05,AT_TIME,观测统计期,,,,
rel-003559,obs-hot-days-2025-05,source-open-meteo-era5-land,FROM_SOURCE,数据来源,,,,
rel-003560,obs-cold-days-2025-05,feature-cold-days,MEASURES,观测对应指标,,,,
rel-003561,obs-cold-days-2025-05,region-zhejiang,OBSERVED_IN,观测空间范围,,,,
rel-003562,obs-cold-days-2025-05,period-2025-05,AT_TIME,观测统计期,,,,
rel-003563,obs-cold-days-2025-05,source-open-meteo-era5-land,FROM_SOURCE,数据来源,,,,
rel-003564,obs-temp-mean-2025-06,indicator-temp-mean,MEASURES,观测对应指标,,,,
rel-003565,obs-temp-mean-2025-06,region-zhejiang,OBSERVED_IN,观测空间范围,,,,
rel-003566,obs-temp-mean-2025-06,period-2025-06,AT_TIME,观测统计期,,,,
rel-003567,obs-temp-mean-2025-06,source-open-meteo-era5-land,FROM_SOURCE,数据来源,,,,
rel-003568,obs-temp-max-mean-2025-06,indicator-temp-max-mean,MEASURES,观测对应指标,,,,
rel-003569,obs-temp-max-mean-2025-06,region-zhejiang,OBSERVED_IN,观测空间范围,,,,
rel-003570,obs-temp-max-mean-2025-06,period-2025-06,AT_TIME,观测统计期,,,,
rel-003571,obs-temp-max-mean-2025-06,source-open-meteo-era5-land,FROM_SOURCE,数据来源,,,,
rel-003572,obs-temp-min-mean-2025-06,indicator-temp-min-mean,MEASURES,观测对应指标,,,,
rel-003573,obs-temp-min-mean-2025-06,region-zhejiang,OBSERVED_IN,观测空间范围,,,,
rel-003574,obs-temp-min-mean-2025-06,period-2025-06,AT_TIME,观测统计期,,,,
rel-003575,obs-temp-min-mean-2025-06,source-open-meteo-era5-land,FROM_SOURCE,数据来源,,,,
rel-003576,obs-temp-abs-max-2025-06,indicator-temp-abs-max,MEASURES,观测对应指标,,,,
rel-003577,obs-temp-abs-max-2025-06,region-zhejiang,OBSERVED_IN,观测空间范围,,,,
rel-003578,obs-temp-abs-max-2025-06,period-2025-06,AT_TIME,观测统计期,,,,
rel-003579,obs-temp-abs-max-2025-06,source-open-meteo-era5-land,FROM_SOURCE,数据来源,,,,
rel-003580,obs-temp-abs-min-2025-06,indicator-temp-abs-min,MEASURES,观测对应指标,,,,
rel-003581,obs-temp-abs-min-2025-06,region-zhejiang,OBSERVED_IN,观测空间范围,,,,
rel-003582,obs-temp-abs-min-2025-06,period-2025-06,AT_TIME,观测统计期,,,,
rel-003583,obs-temp-abs-min-2025-06,source-open-meteo-era5-land,FROM_SOURCE,数据来源,,,,
rel-003584,obs-cdd18-2025-06,feature-cdd18,MEASURES,观测对应指标,,,,
rel-003585,obs-cdd18-2025-06,region-zhejiang,OBSERVED_IN,观测空间范围,,,,
rel-003586,obs-cdd18-2025-06,period-2025-06,AT_TIME,观测统计期,,,,
rel-003587,obs-cdd18-2025-06,source-open-meteo-era5-land,FROM_SOURCE,数据来源,,,,
rel-003588,obs-hdd18-2025-06,feature-hdd18,MEASURES,观测对应指标,,,,
rel-003589,obs-hdd18-2025-06,region-zhejiang,OBSERVED_IN,观测空间范围,,,,
rel-003590,obs-hdd18-2025-06,period-2025-06,AT_TIME,观测统计期,,,,
rel-003591,obs-hdd18-2025-06,source-open-meteo-era5-land,FROM_SOURCE,数据来源,,,,
rel-003592,obs-hot-days-2025-06,feature-hot-days,MEASURES,观测对应指标,,,,
rel-003593,obs-hot-days-2025-06,region-zhejiang,OBSERVED_IN,观测空间范围,,,,
rel-003594,obs-hot-days-2025-06,period-2025-06,AT_TIME,观测统计期,,,,
rel-003595,obs-hot-days-2025-06,source-open-meteo-era5-land,FROM_SOURCE,数据来源,,,,
rel-003596,obs-cold-days-2025-06,feature-cold-days,MEASURES,观测对应指标,,,,
rel-003597,obs-cold-days-2025-06,region-zhejiang,OBSERVED_IN,观测空间范围,,,,
rel-003598,obs-cold-days-2025-06,period-2025-06,AT_TIME,观测统计期,,,,
rel-003599,obs-cold-days-2025-06,source-open-meteo-era5-land,FROM_SOURCE,数据来源,,,,
rel-003600,obs-temp-mean-2025-07,indicator-temp-mean,MEASURES,观测对应指标,,,,
rel-003601,obs-temp-mean-2025-07,region-zhejiang,OBSERVED_IN,观测空间范围,,,,
rel-003602,obs-temp-mean-2025-07,period-2025-07,AT_TIME,观测统计期,,,,
rel-003603,obs-temp-mean-2025-07,source-open-meteo-era5-land,FROM_SOURCE,数据来源,,,,
rel-003604,obs-temp-max-mean-2025-07,indicator-temp-max-mean,MEASURES,观测对应指标,,,,
rel-003605,obs-temp-max-mean-2025-07,region-zhejiang,OBSERVED_IN,观测空间范围,,,,
rel-003606,obs-temp-max-mean-2025-07,period-2025-07,AT_TIME,观测统计期,,,,
rel-003607,obs-temp-max-mean-2025-07,source-open-meteo-era5-land,FROM_SOURCE,数据来源,,,,
rel-003608,obs-temp-min-mean-2025-07,indicator-temp-min-mean,MEASURES,观测对应指标,,,,
rel-003609,obs-temp-min-mean-2025-07,region-zhejiang,OBSERVED_IN,观测空间范围,,,,
rel-003610,obs-temp-min-mean-2025-07,period-2025-07,AT_TIME,观测统计期,,,,
rel-003611,obs-temp-min-mean-2025-07,source-open-meteo-era5-land,FROM_SOURCE,数据来源,,,,
rel-003612,obs-temp-abs-max-2025-07,indicator-temp-abs-max,MEASURES,观测对应指标,,,,
rel-003613,obs-temp-abs-max-2025-07,region-zhejiang,OBSERVED_IN,观测空间范围,,,,
rel-003614,obs-temp-abs-max-2025-07,period-2025-07,AT_TIME,观测统计期,,,,
rel-003615,obs-temp-abs-max-2025-07,source-open-meteo-era5-land,FROM_SOURCE,数据来源,,,,
rel-003616,obs-temp-abs-min-2025-07,indicator-temp-abs-min,MEASURES,观测对应指标,,,,
rel-003617,obs-temp-abs-min-2025-07,region-zhejiang,OBSERVED_IN,观测空间范围,,,,
rel-003618,obs-temp-abs-min-2025-07,period-2025-07,AT_TIME,观测统计期,,,,
rel-003619,obs-temp-abs-min-2025-07,source-open-meteo-era5-land,FROM_SOURCE,数据来源,,,,
rel-003620,obs-cdd18-2025-07,feature-cdd18,MEASURES,观测对应指标,,,,
rel-003621,obs-cdd18-2025-07,region-zhejiang,OBSERVED_IN,观测空间范围,,,,
rel-003622,obs-cdd18-2025-07,period-2025-07,AT_TIME,观测统计期,,,,
rel-003623,obs-cdd18-2025-07,source-open-meteo-era5-land,FROM_SOURCE,数据来源,,,,
rel-003624,obs-hdd18-2025-07,feature-hdd18,MEASURES,观测对应指标,,,,
rel-003625,obs-hdd18-2025-07,region-zhejiang,OBSERVED_IN,观测空间范围,,,,
rel-003626,obs-hdd18-2025-07,period-2025-07,AT_TIME,观测统计期,,,,
rel-003627,obs-hdd18-2025-07,source-open-meteo-era5-land,FROM_SOURCE,数据来源,,,,
rel-003628,obs-hot-days-2025-07,feature-hot-days,MEASURES,观测对应指标,,,,
rel-003629,obs-hot-days-2025-07,region-zhejiang,OBSERVED_IN,观测空间范围,,,,
rel-003630,obs-hot-days-2025-07,period-2025-07,AT_TIME,观测统计期,,,,
rel-003631,obs-hot-days-2025-07,source-open-meteo-era5-land,FROM_SOURCE,数据来源,,,,
rel-003632,obs-cold-days-2025-07,feature-cold-days,MEASURES,观测对应指标,,,,
rel-003633,obs-cold-days-2025-07,region-zhejiang,OBSERVED_IN,观测空间范围,,,,
rel-003634,obs-cold-days-2025-07,period-2025-07,AT_TIME,观测统计期,,,,
rel-003635,obs-cold-days-2025-07,source-open-meteo-era5-land,FROM_SOURCE,数据来源,,,,
rel-003636,obs-temp-mean-2025-08,indicator-temp-mean,MEASURES,观测对应指标,,,,
rel-003637,obs-temp-mean-2025-08,region-zhejiang,OBSERVED_IN,观测空间范围,,,,
rel-003638,obs-temp-mean-2025-08,period-2025-08,AT_TIME,观测统计期,,,,
rel-003639,obs-temp-mean-2025-08,source-open-meteo-era5-land,FROM_SOURCE,数据来源,,,,
rel-003640,obs-temp-max-mean-2025-08,indicator-temp-max-mean,MEASURES,观测对应指标,,,,
rel-003641,obs-temp-max-mean-2025-08,region-zhejiang,OBSERVED_IN,观测空间范围,,,,
rel-003642,obs-temp-max-mean-2025-08,period-2025-08,AT_TIME,观测统计期,,,,
rel-003643,obs-temp-max-mean-2025-08,source-open-meteo-era5-land,FROM_SOURCE,数据来源,,,,
rel-003644,obs-temp-min-mean-2025-08,indicator-temp-min-mean,MEASURES,观测对应指标,,,,
rel-003645,obs-temp-min-mean-2025-08,region-zhejiang,OBSERVED_IN,观测空间范围,,,,
rel-003646,obs-temp-min-mean-2025-08,period-2025-08,AT_TIME,观测统计期,,,,
rel-003647,obs-temp-min-mean-2025-08,source-open-meteo-era5-land,FROM_SOURCE,数据来源,,,,
rel-003648,obs-temp-abs-max-2025-08,indicator-temp-abs-max,MEASURES,观测对应指标,,,,
rel-003649,obs-temp-abs-max-2025-08,region-zhejiang,OBSERVED_IN,观测空间范围,,,,
rel-003650,obs-temp-abs-max-2025-08,period-2025-08,AT_TIME,观测统计期,,,,
rel-003651,obs-temp-abs-max-2025-08,source-open-meteo-era5-land,FROM_SOURCE,数据来源,,,,
rel-003652,obs-temp-abs-min-2025-08,indicator-temp-abs-min,MEASURES,观测对应指标,,,,
rel-003653,obs-temp-abs-min-2025-08,region-zhejiang,OBSERVED_IN,观测空间范围,,,,
rel-003654,obs-temp-abs-min-2025-08,period-2025-08,AT_TIME,观测统计期,,,,
rel-003655,obs-temp-abs-min-2025-08,source-open-meteo-era5-land,FROM_SOURCE,数据来源,,,,
rel-003656,obs-cdd18-2025-08,feature-cdd18,MEASURES,观测对应指标,,,,
rel-003657,obs-cdd18-2025-08,region-zhejiang,OBSERVED_IN,观测空间范围,,,,
rel-003658,obs-cdd18-2025-08,period-2025-08,AT_TIME,观测统计期,,,,
rel-003659,obs-cdd18-2025-08,source-open-meteo-era5-land,FROM_SOURCE,数据来源,,,,
rel-003660,obs-hdd18-2025-08,feature-hdd18,MEASURES,观测对应指标,,,,
rel-003661,obs-hdd18-2025-08,region-zhejiang,OBSERVED_IN,观测空间范围,,,,
rel-003662,obs-hdd18-2025-08,period-2025-08,AT_TIME,观测统计期,,,,
rel-003663,obs-hdd18-2025-08,source-open-meteo-era5-land,FROM_SOURCE,数据来源,,,,
rel-003664,obs-hot-days-2025-08,feature-hot-days,MEASURES,观测对应指标,,,,
rel-003665,obs-hot-days-2025-08,region-zhejiang,OBSERVED_IN,观测空间范围,,,,
rel-003666,obs-hot-days-2025-08,period-2025-08,AT_TIME,观测统计期,,,,
rel-003667,obs-hot-days-2025-08,source-open-meteo-era5-land,FROM_SOURCE,数据来源,,,,
rel-003668,obs-cold-days-2025-08,feature-cold-days,MEASURES,观测对应指标,,,,
rel-003669,obs-cold-days-2025-08,region-zhejiang,OBSERVED_IN,观测空间范围,,,,
rel-003670,obs-cold-days-2025-08,period-2025-08,AT_TIME,观测统计期,,,,
rel-003671,obs-cold-days-2025-08,source-open-meteo-era5-land,FROM_SOURCE,数据来源,,,,
rel-003672,obs-temp-mean-2025-09,indicator-temp-mean,MEASURES,观测对应指标,,,,
rel-003673,obs-temp-mean-2025-09,region-zhejiang,OBSERVED_IN,观测空间范围,,,,
rel-003674,obs-temp-mean-2025-09,period-2025-09,AT_TIME,观测统计期,,,,
rel-003675,obs-temp-mean-2025-09,source-open-meteo-era5-land,FROM_SOURCE,数据来源,,,,
rel-003676,obs-temp-max-mean-2025-09,indicator-temp-max-mean,MEASURES,观测对应指标,,,,
rel-003677,obs-temp-max-mean-2025-09,region-zhejiang,OBSERVED_IN,观测空间范围,,,,
rel-003678,obs-temp-max-mean-2025-09,period-2025-09,AT_TIME,观测统计期,,,,
rel-003679,obs-temp-max-mean-2025-09,source-open-meteo-era5-land,FROM_SOURCE,数据来源,,,,
rel-003680,obs-temp-min-mean-2025-09,indicator-temp-min-mean,MEASURES,观测对应指标,,,,
rel-003681,obs-temp-min-mean-2025-09,region-zhejiang,OBSERVED_IN,观测空间范围,,,,
rel-003682,obs-temp-min-mean-2025-09,period-2025-09,AT_TIME,观测统计期,,,,
rel-003683,obs-temp-min-mean-2025-09,source-open-meteo-era5-land,FROM_SOURCE,数据来源,,,,
rel-003684,obs-temp-abs-max-2025-09,indicator-temp-abs-max,MEASURES,观测对应指标,,,,
rel-003685,obs-temp-abs-max-2025-09,region-zhejiang,OBSERVED_IN,观测空间范围,,,,
rel-003686,obs-temp-abs-max-2025-09,period-2025-09,AT_TIME,观测统计期,,,,
rel-003687,obs-temp-abs-max-2025-09,source-open-meteo-era5-land,FROM_SOURCE,数据来源,,,,
rel-003688,obs-temp-abs-min-2025-09,indicator-temp-abs-min,MEASURES,观测对应指标,,,,
rel-003689,obs-temp-abs-min-2025-09,region-zhejiang,OBSERVED_IN,观测空间范围,,,,
rel-003690,obs-temp-abs-min-2025-09,period-2025-09,AT_TIME,观测统计期,,,,
rel-003691,obs-temp-abs-min-2025-09,source-open-meteo-era5-land,FROM_SOURCE,数据来源,,,,
rel-003692,obs-cdd18-2025-09,feature-cdd18,MEASURES,观测对应指标,,,,
rel-003693,obs-cdd18-2025-09,region-zhejiang,OBSERVED_IN,观测空间范围,,,,
rel-003694,obs-cdd18-2025-09,period-2025-09,AT_TIME,观测统计期,,,,
rel-003695,obs-cdd18-2025-09,source-open-meteo-era5-land,FROM_SOURCE,数据来源,,,,
rel-003696,obs-hdd18-2025-09,feature-hdd18,MEASURES,观测对应指标,,,,
rel-003697,obs-hdd18-2025-09,region-zhejiang,OBSERVED_IN,观测空间范围,,,,
rel-003698,obs-hdd18-2025-09,period-2025-09,AT_TIME,观测统计期,,,,
rel-003699,obs-hdd18-2025-09,source-open-meteo-era5-land,FROM_SOURCE,数据来源,,,,
rel-003700,obs-hot-days-2025-09,feature-hot-days,MEASURES,观测对应指标,,,,
rel-003701,obs-hot-days-2025-09,region-zhejiang,OBSERVED_IN,观测空间范围,,,,
rel-003702,obs-hot-days-2025-09,period-2025-09,AT_TIME,观测统计期,,,,
rel-003703,obs-hot-days-2025-09,source-open-meteo-era5-land,FROM_SOURCE,数据来源,,,,
rel-003704,obs-cold-days-2025-09,feature-cold-days,MEASURES,观测对应指标,,,,
rel-003705,obs-cold-days-2025-09,region-zhejiang,OBSERVED_IN,观测空间范围,,,,
rel-003706,obs-cold-days-2025-09,period-2025-09,AT_TIME,观测统计期,,,,
rel-003707,obs-cold-days-2025-09,source-open-meteo-era5-land,FROM_SOURCE,数据来源,,,,
rel-003708,obs-temp-mean-2025-10,indicator-temp-mean,MEASURES,观测对应指标,,,,
rel-003709,obs-temp-mean-2025-10,region-zhejiang,OBSERVED_IN,观测空间范围,,,,
rel-003710,obs-temp-mean-2025-10,period-2025-10,AT_TIME,观测统计期,,,,
rel-003711,obs-temp-mean-2025-10,source-open-meteo-era5-land,FROM_SOURCE,数据来源,,,,
rel-003712,obs-temp-max-mean-2025-10,indicator-temp-max-mean,MEASURES,观测对应指标,,,,
rel-003713,obs-temp-max-mean-2025-10,region-zhejiang,OBSERVED_IN,观测空间范围,,,,
rel-003714,obs-temp-max-mean-2025-10,period-2025-10,AT_TIME,观测统计期,,,,
rel-003715,obs-temp-max-mean-2025-10,source-open-meteo-era5-land,FROM_SOURCE,数据来源,,,,
rel-003716,obs-temp-min-mean-2025-10,indicator-temp-min-mean,MEASURES,观测对应指标,,,,
rel-003717,obs-temp-min-mean-2025-10,region-zhejiang,OBSERVED_IN,观测空间范围,,,,
rel-003718,obs-temp-min-mean-2025-10,period-2025-10,AT_TIME,观测统计期,,,,
rel-003719,obs-temp-min-mean-2025-10,source-open-meteo-era5-land,FROM_SOURCE,数据来源,,,,
rel-003720,obs-temp-abs-max-2025-10,indicator-temp-abs-max,MEASURES,观测对应指标,,,,
rel-003721,obs-temp-abs-max-2025-10,region-zhejiang,OBSERVED_IN,观测空间范围,,,,
rel-003722,obs-temp-abs-max-2025-10,period-2025-10,AT_TIME,观测统计期,,,,
rel-003723,obs-temp-abs-max-2025-10,source-open-meteo-era5-land,FROM_SOURCE,数据来源,,,,
rel-003724,obs-temp-abs-min-2025-10,indicator-temp-abs-min,MEASURES,观测对应指标,,,,
rel-003725,obs-temp-abs-min-2025-10,region-zhejiang,OBSERVED_IN,观测空间范围,,,,
rel-003726,obs-temp-abs-min-2025-10,period-2025-10,AT_TIME,观测统计期,,,,
rel-003727,obs-temp-abs-min-2025-10,source-open-meteo-era5-land,FROM_SOURCE,数据来源,,,,
rel-003728,obs-cdd18-2025-10,feature-cdd18,MEASURES,观测对应指标,,,,
rel-003729,obs-cdd18-2025-10,region-zhejiang,OBSERVED_IN,观测空间范围,,,,
rel-003730,obs-cdd18-2025-10,period-2025-10,AT_TIME,观测统计期,,,,
rel-003731,obs-cdd18-2025-10,source-open-meteo-era5-land,FROM_SOURCE,数据来源,,,,
rel-003732,obs-hdd18-2025-10,feature-hdd18,MEASURES,观测对应指标,,,,
rel-003733,obs-hdd18-2025-10,region-zhejiang,OBSERVED_IN,观测空间范围,,,,
rel-003734,obs-hdd18-2025-10,period-2025-10,AT_TIME,观测统计期,,,,
rel-003735,obs-hdd18-2025-10,source-open-meteo-era5-land,FROM_SOURCE,数据来源,,,,
rel-003736,obs-hot-days-2025-10,feature-hot-days,MEASURES,观测对应指标,,,,
rel-003737,obs-hot-days-2025-10,region-zhejiang,OBSERVED_IN,观测空间范围,,,,
rel-003738,obs-hot-days-2025-10,period-2025-10,AT_TIME,观测统计期,,,,
rel-003739,obs-hot-days-2025-10,source-open-meteo-era5-land,FROM_SOURCE,数据来源,,,,
rel-003740,obs-cold-days-2025-10,feature-cold-days,MEASURES,观测对应指标,,,,
rel-003741,obs-cold-days-2025-10,region-zhejiang,OBSERVED_IN,观测空间范围,,,,
rel-003742,obs-cold-days-2025-10,period-2025-10,AT_TIME,观测统计期,,,,
rel-003743,obs-cold-days-2025-10,source-open-meteo-era5-land,FROM_SOURCE,数据来源,,,,
rel-003744,obs-temp-mean-2025-11,indicator-temp-mean,MEASURES,观测对应指标,,,,
rel-003745,obs-temp-mean-2025-11,region-zhejiang,OBSERVED_IN,观测空间范围,,,,
rel-003746,obs-temp-mean-2025-11,period-2025-11,AT_TIME,观测统计期,,,,
rel-003747,obs-temp-mean-2025-11,source-open-meteo-era5-land,FROM_SOURCE,数据来源,,,,
rel-003748,obs-temp-max-mean-2025-11,indicator-temp-max-mean,MEASURES,观测对应指标,,,,
rel-003749,obs-temp-max-mean-2025-11,region-zhejiang,OBSERVED_IN,观测空间范围,,,,
rel-003750,obs-temp-max-mean-2025-11,period-2025-11,AT_TIME,观测统计期,,,,
rel-003751,obs-temp-max-mean-2025-11,source-open-meteo-era5-land,FROM_SOURCE,数据来源,,,,
rel-003752,obs-temp-min-mean-2025-11,indicator-temp-min-mean,MEASURES,观测对应指标,,,,
rel-003753,obs-temp-min-mean-2025-11,region-zhejiang,OBSERVED_IN,观测空间范围,,,,
rel-003754,obs-temp-min-mean-2025-11,period-2025-11,AT_TIME,观测统计期,,,,
rel-003755,obs-temp-min-mean-2025-11,source-open-meteo-era5-land,FROM_SOURCE,数据来源,,,,
rel-003756,obs-temp-abs-max-2025-11,indicator-temp-abs-max,MEASURES,观测对应指标,,,,
rel-003757,obs-temp-abs-max-2025-11,region-zhejiang,OBSERVED_IN,观测空间范围,,,,
rel-003758,obs-temp-abs-max-2025-11,period-2025-11,AT_TIME,观测统计期,,,,
rel-003759,obs-temp-abs-max-2025-11,source-open-meteo-era5-land,FROM_SOURCE,数据来源,,,,
rel-003760,obs-temp-abs-min-2025-11,indicator-temp-abs-min,MEASURES,观测对应指标,,,,
rel-003761,obs-temp-abs-min-2025-11,region-zhejiang,OBSERVED_IN,观测空间范围,,,,
rel-003762,obs-temp-abs-min-2025-11,period-2025-11,AT_TIME,观测统计期,,,,
rel-003763,obs-temp-abs-min-2025-11,source-open-meteo-era5-land,FROM_SOURCE,数据来源,,,,
rel-003764,obs-cdd18-2025-11,feature-cdd18,MEASURES,观测对应指标,,,,
rel-003765,obs-cdd18-2025-11,region-zhejiang,OBSERVED_IN,观测空间范围,,,,
rel-003766,obs-cdd18-2025-11,period-2025-11,AT_TIME,观测统计期,,,,
rel-003767,obs-cdd18-2025-11,source-open-meteo-era5-land,FROM_SOURCE,数据来源,,,,
rel-003768,obs-hdd18-2025-11,feature-hdd18,MEASURES,观测对应指标,,,,
rel-003769,obs-hdd18-2025-11,region-zhejiang,OBSERVED_IN,观测空间范围,,,,
rel-003770,obs-hdd18-2025-11,period-2025-11,AT_TIME,观测统计期,,,,
rel-003771,obs-hdd18-2025-11,source-open-meteo-era5-land,FROM_SOURCE,数据来源,,,,
rel-003772,obs-hot-days-2025-11,feature-hot-days,MEASURES,观测对应指标,,,,
rel-003773,obs-hot-days-2025-11,region-zhejiang,OBSERVED_IN,观测空间范围,,,,
rel-003774,obs-hot-days-2025-11,period-2025-11,AT_TIME,观测统计期,,,,
rel-003775,obs-hot-days-2025-11,source-open-meteo-era5-land,FROM_SOURCE,数据来源,,,,
rel-003776,obs-cold-days-2025-11,feature-cold-days,MEASURES,观测对应指标,,,,
rel-003777,obs-cold-days-2025-11,region-zhejiang,OBSERVED_IN,观测空间范围,,,,
rel-003778,obs-cold-days-2025-11,period-2025-11,AT_TIME,观测统计期,,,,
rel-003779,obs-cold-days-2025-11,source-open-meteo-era5-land,FROM_SOURCE,数据来源,,,,
rel-003780,obs-temp-mean-2025-12,indicator-temp-mean,MEASURES,观测对应指标,,,,
rel-003781,obs-temp-mean-2025-12,region-zhejiang,OBSERVED_IN,观测空间范围,,,,
rel-003782,obs-temp-mean-2025-12,period-2025-12,AT_TIME,观测统计期,,,,
rel-003783,obs-temp-mean-2025-12,source-open-meteo-era5-land,FROM_SOURCE,数据来源,,,,
rel-003784,obs-temp-max-mean-2025-12,indicator-temp-max-mean,MEASURES,观测对应指标,,,,
rel-003785,obs-temp-max-mean-2025-12,region-zhejiang,OBSERVED_IN,观测空间范围,,,,
rel-003786,obs-temp-max-mean-2025-12,period-2025-12,AT_TIME,观测统计期,,,,
rel-003787,obs-temp-max-mean-2025-12,source-open-meteo-era5-land,FROM_SOURCE,数据来源,,,,
rel-003788,obs-temp-min-mean-2025-12,indicator-temp-min-mean,MEASURES,观测对应指标,,,,
rel-003789,obs-temp-min-mean-2025-12,region-zhejiang,OBSERVED_IN,观测空间范围,,,,
rel-003790,obs-temp-min-mean-2025-12,period-2025-12,AT_TIME,观测统计期,,,,
rel-003791,obs-temp-min-mean-2025-12,source-open-meteo-era5-land,FROM_SOURCE,数据来源,,,,
rel-003792,obs-temp-abs-max-2025-12,indicator-temp-abs-max,MEASURES,观测对应指标,,,,
rel-003793,obs-temp-abs-max-2025-12,region-zhejiang,OBSERVED_IN,观测空间范围,,,,
rel-003794,obs-temp-abs-max-2025-12,period-2025-12,AT_TIME,观测统计期,,,,
rel-003795,obs-temp-abs-max-2025-12,source-open-meteo-era5-land,FROM_SOURCE,数据来源,,,,
rel-003796,obs-temp-abs-min-2025-12,indicator-temp-abs-min,MEASURES,观测对应指标,,,,
rel-003797,obs-temp-abs-min-2025-12,region-zhejiang,OBSERVED_IN,观测空间范围,,,,
rel-003798,obs-temp-abs-min-2025-12,period-2025-12,AT_TIME,观测统计期,,,,
rel-003799,obs-temp-abs-min-2025-12,source-open-meteo-era5-land,FROM_SOURCE,数据来源,,,,
rel-003800,obs-cdd18-2025-12,feature-cdd18,MEASURES,观测对应指标,,,,
rel-003801,obs-cdd18-2025-12,region-zhejiang,OBSERVED_IN,观测空间范围,,,,
rel-003802,obs-cdd18-2025-12,period-2025-12,AT_TIME,观测统计期,,,,
rel-003803,obs-cdd18-2025-12,source-open-meteo-era5-land,FROM_SOURCE,数据来源,,,,
rel-003804,obs-hdd18-2025-12,feature-hdd18,MEASURES,观测对应指标,,,,
rel-003805,obs-hdd18-2025-12,region-zhejiang,OBSERVED_IN,观测空间范围,,,,
rel-003806,obs-hdd18-2025-12,period-2025-12,AT_TIME,观测统计期,,,,
rel-003807,obs-hdd18-2025-12,source-open-meteo-era5-land,FROM_SOURCE,数据来源,,,,
rel-003808,obs-hot-days-2025-12,feature-hot-days,MEASURES,观测对应指标,,,,
rel-003809,obs-hot-days-2025-12,region-zhejiang,OBSERVED_IN,观测空间范围,,,,
rel-003810,obs-hot-days-2025-12,period-2025-12,AT_TIME,观测统计期,,,,
rel-003811,obs-hot-days-2025-12,source-open-meteo-era5-land,FROM_SOURCE,数据来源,,,,
rel-003812,obs-cold-days-2025-12,feature-cold-days,MEASURES,观测对应指标,,,,
rel-003813,obs-cold-days-2025-12,region-zhejiang,OBSERVED_IN,观测空间范围,,,,
rel-003814,obs-cold-days-2025-12,period-2025-12,AT_TIME,观测统计期,,,,
rel-003815,obs-cold-days-2025-12,source-open-meteo-era5-land,FROM_SOURCE,数据来源,,,,
rel-003816,obs-workdays-2021-01,feature-workdays,MEASURES,观测对应指标,,,,
rel-003817,obs-workdays-2021-01,region-zhejiang,OBSERVED_IN,观测空间范围,,,,
rel-003818,obs-workdays-2021-01,period-2021-01,AT_TIME,观测统计期,,,,
rel-003819,obs-workdays-2021-01,source-holiday-docx,FROM_SOURCE,数据来源,,,,
rel-003820,obs-nonworkdays-2021-01,feature-nonworkdays,MEASURES,观测对应指标,,,,
rel-003821,obs-nonworkdays-2021-01,region-zhejiang,OBSERVED_IN,观测空间范围,,,,
rel-003822,obs-nonworkdays-2021-01,period-2021-01,AT_TIME,观测统计期,,,,
rel-003823,obs-nonworkdays-2021-01,source-holiday-docx,FROM_SOURCE,数据来源,,,,
rel-003824,obs-holiday-days-2021-01,feature-holiday-days,MEASURES,观测对应指标,,,,
rel-003825,obs-holiday-days-2021-01,region-zhejiang,OBSERVED_IN,观测空间范围,,,,
rel-003826,obs-holiday-days-2021-01,period-2021-01,AT_TIME,观测统计期,,,,
rel-003827,obs-holiday-days-2021-01,source-holiday-docx,FROM_SOURCE,数据来源,,,,
rel-003828,obs-makeup-workdays-2021-01,feature-makeup-workdays,MEASURES,观测对应指标,,,,
rel-003829,obs-makeup-workdays-2021-01,region-zhejiang,OBSERVED_IN,观测空间范围,,,,
rel-003830,obs-makeup-workdays-2021-01,period-2021-01,AT_TIME,观测统计期,,,,
rel-003831,obs-makeup-workdays-2021-01,source-holiday-docx,FROM_SOURCE,数据来源,,,,
rel-003832,obs-workdays-2021-02,feature-workdays,MEASURES,观测对应指标,,,,
rel-003833,obs-workdays-2021-02,region-zhejiang,OBSERVED_IN,观测空间范围,,,,
rel-003834,obs-workdays-2021-02,period-2021-02,AT_TIME,观测统计期,,,,
rel-003835,obs-workdays-2021-02,source-holiday-docx,FROM_SOURCE,数据来源,,,,
rel-003836,obs-nonworkdays-2021-02,feature-nonworkdays,MEASURES,观测对应指标,,,,
rel-003837,obs-nonworkdays-2021-02,region-zhejiang,OBSERVED_IN,观测空间范围,,,,
rel-003838,obs-nonworkdays-2021-02,period-2021-02,AT_TIME,观测统计期,,,,
rel-003839,obs-nonworkdays-2021-02,source-holiday-docx,FROM_SOURCE,数据来源,,,,
rel-003840,obs-holiday-days-2021-02,feature-holiday-days,MEASURES,观测对应指标,,,,
rel-003841,obs-holiday-days-2021-02,region-zhejiang,OBSERVED_IN,观测空间范围,,,,
rel-003842,obs-holiday-days-2021-02,period-2021-02,AT_TIME,观测统计期,,,,
rel-003843,obs-holiday-days-2021-02,source-holiday-docx,FROM_SOURCE,数据来源,,,,
rel-003844,obs-makeup-workdays-2021-02,feature-makeup-workdays,MEASURES,观测对应指标,,,,
rel-003845,obs-makeup-workdays-2021-02,region-zhejiang,OBSERVED_IN,观测空间范围,,,,
rel-003846,obs-makeup-workdays-2021-02,period-2021-02,AT_TIME,观测统计期,,,,
rel-003847,obs-makeup-workdays-2021-02,source-holiday-docx,FROM_SOURCE,数据来源,,,,
rel-003848,obs-workdays-2021-03,feature-workdays,MEASURES,观测对应指标,,,,
rel-003849,obs-workdays-2021-03,region-zhejiang,OBSERVED_IN,观测空间范围,,,,
rel-003850,obs-workdays-2021-03,period-2021-03,AT_TIME,观测统计期,,,,
rel-003851,obs-workdays-2021-03,source-holiday-docx,FROM_SOURCE,数据来源,,,,
rel-003852,obs-nonworkdays-2021-03,feature-nonworkdays,MEASURES,观测对应指标,,,,
rel-003853,obs-nonworkdays-2021-03,region-zhejiang,OBSERVED_IN,观测空间范围,,,,
rel-003854,obs-nonworkdays-2021-03,period-2021-03,AT_TIME,观测统计期,,,,
rel-003855,obs-nonworkdays-2021-03,source-holiday-docx,FROM_SOURCE,数据来源,,,,
rel-003856,obs-holiday-days-2021-03,feature-holiday-days,MEASURES,观测对应指标,,,,
rel-003857,obs-holiday-days-2021-03,region-zhejiang,OBSERVED_IN,观测空间范围,,,,
rel-003858,obs-holiday-days-2021-03,period-2021-03,AT_TIME,观测统计期,,,,
rel-003859,obs-holiday-days-2021-03,source-holiday-docx,FROM_SOURCE,数据来源,,,,
rel-003860,obs-makeup-workdays-2021-03,feature-makeup-workdays,MEASURES,观测对应指标,,,,
rel-003861,obs-makeup-workdays-2021-03,region-zhejiang,OBSERVED_IN,观测空间范围,,,,
rel-003862,obs-makeup-workdays-2021-03,period-2021-03,AT_TIME,观测统计期,,,,
rel-003863,obs-makeup-workdays-2021-03,source-holiday-docx,FROM_SOURCE,数据来源,,,,
rel-003864,obs-workdays-2021-04,feature-workdays,MEASURES,观测对应指标,,,,
rel-003865,obs-workdays-2021-04,region-zhejiang,OBSERVED_IN,观测空间范围,,,,
rel-003866,obs-workdays-2021-04,period-2021-04,AT_TIME,观测统计期,,,,
rel-003867,obs-workdays-2021-04,source-holiday-docx,FROM_SOURCE,数据来源,,,,
rel-003868,obs-nonworkdays-2021-04,feature-nonworkdays,MEASURES,观测对应指标,,,,
rel-003869,obs-nonworkdays-2021-04,region-zhejiang,OBSERVED_IN,观测空间范围,,,,
rel-003870,obs-nonworkdays-2021-04,period-2021-04,AT_TIME,观测统计期,,,,
rel-003871,obs-nonworkdays-2021-04,source-holiday-docx,FROM_SOURCE,数据来源,,,,
rel-003872,obs-holiday-days-2021-04,feature-holiday-days,MEASURES,观测对应指标,,,,
rel-003873,obs-holiday-days-2021-04,region-zhejiang,OBSERVED_IN,观测空间范围,,,,
rel-003874,obs-holiday-days-2021-04,period-2021-04,AT_TIME,观测统计期,,,,
rel-003875,obs-holiday-days-2021-04,source-holiday-docx,FROM_SOURCE,数据来源,,,,
rel-003876,obs-makeup-workdays-2021-04,feature-makeup-workdays,MEASURES,观测对应指标,,,,
rel-003877,obs-makeup-workdays-2021-04,region-zhejiang,OBSERVED_IN,观测空间范围,,,,
rel-003878,obs-makeup-workdays-2021-04,period-2021-04,AT_TIME,观测统计期,,,,
rel-003879,obs-makeup-workdays-2021-04,source-holiday-docx,FROM_SOURCE,数据来源,,,,
rel-003880,obs-workdays-2021-05,feature-workdays,MEASURES,观测对应指标,,,,
rel-003881,obs-workdays-2021-05,region-zhejiang,OBSERVED_IN,观测空间范围,,,,
rel-003882,obs-workdays-2021-05,period-2021-05,AT_TIME,观测统计期,,,,
rel-003883,obs-workdays-2021-05,source-holiday-docx,FROM_SOURCE,数据来源,,,,
rel-003884,obs-nonworkdays-2021-05,feature-nonworkdays,MEASURES,观测对应指标,,,,
rel-003885,obs-nonworkdays-2021-05,region-zhejiang,OBSERVED_IN,观测空间范围,,,,
rel-003886,obs-nonworkdays-2021-05,period-2021-05,AT_TIME,观测统计期,,,,
rel-003887,obs-nonworkdays-2021-05,source-holiday-docx,FROM_SOURCE,数据来源,,,,
rel-003888,obs-holiday-days-2021-05,feature-holiday-days,MEASURES,观测对应指标,,,,
rel-003889,obs-holiday-days-2021-05,region-zhejiang,OBSERVED_IN,观测空间范围,,,,
rel-003890,obs-holiday-days-2021-05,period-2021-05,AT_TIME,观测统计期,,,,
rel-003891,obs-holiday-days-2021-05,source-holiday-docx,FROM_SOURCE,数据来源,,,,
rel-003892,obs-makeup-workdays-2021-05,feature-makeup-workdays,MEASURES,观测对应指标,,,,
rel-003893,obs-makeup-workdays-2021-05,region-zhejiang,OBSERVED_IN,观测空间范围,,,,
rel-003894,obs-makeup-workdays-2021-05,period-2021-05,AT_TIME,观测统计期,,,,
rel-003895,obs-makeup-workdays-2021-05,source-holiday-docx,FROM_SOURCE,数据来源,,,,
rel-003896,obs-workdays-2021-06,feature-workdays,MEASURES,观测对应指标,,,,
rel-003897,obs-workdays-2021-06,region-zhejiang,OBSERVED_IN,观测空间范围,,,,
rel-003898,obs-workdays-2021-06,period-2021-06,AT_TIME,观测统计期,,,,
rel-003899,obs-workdays-2021-06,source-holiday-docx,FROM_SOURCE,数据来源,,,,
rel-003900,obs-nonworkdays-2021-06,feature-nonworkdays,MEASURES,观测对应指标,,,,
rel-003901,obs-nonworkdays-2021-06,region-zhejiang,OBSERVED_IN,观测空间范围,,,,
rel-003902,obs-nonworkdays-2021-06,period-2021-06,AT_TIME,观测统计期,,,,
rel-003903,obs-nonworkdays-2021-06,source-holiday-docx,FROM_SOURCE,数据来源,,,,
rel-003904,obs-holiday-days-2021-06,feature-holiday-days,MEASURES,观测对应指标,,,,
rel-003905,obs-holiday-days-2021-06,region-zhejiang,OBSERVED_IN,观测空间范围,,,,
rel-003906,obs-holiday-days-2021-06,period-2021-06,AT_TIME,观测统计期,,,,
rel-003907,obs-holiday-days-2021-06,source-holiday-docx,FROM_SOURCE,数据来源,,,,
rel-003908,obs-makeup-workdays-2021-06,feature-makeup-workdays,MEASURES,观测对应指标,,,,
rel-003909,obs-makeup-workdays-2021-06,region-zhejiang,OBSERVED_IN,观测空间范围,,,,
rel-003910,obs-makeup-workdays-2021-06,period-2021-06,AT_TIME,观测统计期,,,,
rel-003911,obs-makeup-workdays-2021-06,source-holiday-docx,FROM_SOURCE,数据来源,,,,
rel-003912,obs-workdays-2021-07,feature-workdays,MEASURES,观测对应指标,,,,
rel-003913,obs-workdays-2021-07,region-zhejiang,OBSERVED_IN,观测空间范围,,,,
rel-003914,obs-workdays-2021-07,period-2021-07,AT_TIME,观测统计期,,,,
rel-003915,obs-workdays-2021-07,source-holiday-docx,FROM_SOURCE,数据来源,,,,
rel-003916,obs-nonworkdays-2021-07,feature-nonworkdays,MEASURES,观测对应指标,,,,
rel-003917,obs-nonworkdays-2021-07,region-zhejiang,OBSERVED_IN,观测空间范围,,,,
rel-003918,obs-nonworkdays-2021-07,period-2021-07,AT_TIME,观测统计期,,,,
rel-003919,obs-nonworkdays-2021-07,source-holiday-docx,FROM_SOURCE,数据来源,,,,
rel-003920,obs-holiday-days-2021-07,feature-holiday-days,MEASURES,观测对应指标,,,,
rel-003921,obs-holiday-days-2021-07,region-zhejiang,OBSERVED_IN,观测空间范围,,,,
rel-003922,obs-holiday-days-2021-07,period-2021-07,AT_TIME,观测统计期,,,,
rel-003923,obs-holiday-days-2021-07,source-holiday-docx,FROM_SOURCE,数据来源,,,,
rel-003924,obs-makeup-workdays-2021-07,feature-makeup-workdays,MEASURES,观测对应指标,,,,
rel-003925,obs-makeup-workdays-2021-07,region-zhejiang,OBSERVED_IN,观测空间范围,,,,
rel-003926,obs-makeup-workdays-2021-07,period-2021-07,AT_TIME,观测统计期,,,,
rel-003927,obs-makeup-workdays-2021-07,source-holiday-docx,FROM_SOURCE,数据来源,,,,
rel-003928,obs-workdays-2021-08,feature-workdays,MEASURES,观测对应指标,,,,
rel-003929,obs-workdays-2021-08,region-zhejiang,OBSERVED_IN,观测空间范围,,,,
rel-003930,obs-workdays-2021-08,period-2021-08,AT_TIME,观测统计期,,,,
rel-003931,obs-workdays-2021-08,source-holiday-docx,FROM_SOURCE,数据来源,,,,
rel-003932,obs-nonworkdays-2021-08,feature-nonworkdays,MEASURES,观测对应指标,,,,
rel-003933,obs-nonworkdays-2021-08,region-zhejiang,OBSERVED_IN,观测空间范围,,,,
rel-003934,obs-nonworkdays-2021-08,period-2021-08,AT_TIME,观测统计期,,,,
rel-003935,obs-nonworkdays-2021-08,source-holiday-docx,FROM_SOURCE,数据来源,,,,
rel-003936,obs-holiday-days-2021-08,feature-holiday-days,MEASURES,观测对应指标,,,,
rel-003937,obs-holiday-days-2021-08,region-zhejiang,OBSERVED_IN,观测空间范围,,,,
rel-003938,obs-holiday-days-2021-08,period-2021-08,AT_TIME,观测统计期,,,,
rel-003939,obs-holiday-days-2021-08,source-holiday-docx,FROM_SOURCE,数据来源,,,,
rel-003940,obs-makeup-workdays-2021-08,feature-makeup-workdays,MEASURES,观测对应指标,,,,
rel-003941,obs-makeup-workdays-2021-08,region-zhejiang,OBSERVED_IN,观测空间范围,,,,
rel-003942,obs-makeup-workdays-2021-08,period-2021-08,AT_TIME,观测统计期,,,,
rel-003943,obs-makeup-workdays-2021-08,source-holiday-docx,FROM_SOURCE,数据来源,,,,
rel-003944,obs-workdays-2021-09,feature-workdays,MEASURES,观测对应指标,,,,
rel-003945,obs-workdays-2021-09,region-zhejiang,OBSERVED_IN,观测空间范围,,,,
rel-003946,obs-workdays-2021-09,period-2021-09,AT_TIME,观测统计期,,,,
rel-003947,obs-workdays-2021-09,source-holiday-docx,FROM_SOURCE,数据来源,,,,
rel-003948,obs-nonworkdays-2021-09,feature-nonworkdays,MEASURES,观测对应指标,,,,
rel-003949,obs-nonworkdays-2021-09,region-zhejiang,OBSERVED_IN,观测空间范围,,,,
rel-003950,obs-nonworkdays-2021-09,period-2021-09,AT_TIME,观测统计期,,,,
rel-003951,obs-nonworkdays-2021-09,source-holiday-docx,FROM_SOURCE,数据来源,,,,
rel-003952,obs-holiday-days-2021-09,feature-holiday-days,MEASURES,观测对应指标,,,,
rel-003953,obs-holiday-days-2021-09,region-zhejiang,OBSERVED_IN,观测空间范围,,,,
rel-003954,obs-holiday-days-2021-09,period-2021-09,AT_TIME,观测统计期,,,,
rel-003955,obs-holiday-days-2021-09,source-holiday-docx,FROM_SOURCE,数据来源,,,,
rel-003956,obs-makeup-workdays-2021-09,feature-makeup-workdays,MEASURES,观测对应指标,,,,
rel-003957,obs-makeup-workdays-2021-09,region-zhejiang,OBSERVED_IN,观测空间范围,,,,
rel-003958,obs-makeup-workdays-2021-09,period-2021-09,AT_TIME,观测统计期,,,,
rel-003959,obs-makeup-workdays-2021-09,source-holiday-docx,FROM_SOURCE,数据来源,,,,
rel-003960,obs-workdays-2021-10,feature-workdays,MEASURES,观测对应指标,,,,
rel-003961,obs-workdays-2021-10,region-zhejiang,OBSERVED_IN,观测空间范围,,,,
rel-003962,obs-workdays-2021-10,period-2021-10,AT_TIME,观测统计期,,,,
rel-003963,obs-workdays-2021-10,source-holiday-docx,FROM_SOURCE,数据来源,,,,
rel-003964,obs-nonworkdays-2021-10,feature-nonworkdays,MEASURES,观测对应指标,,,,
rel-003965,obs-nonworkdays-2021-10,region-zhejiang,OBSERVED_IN,观测空间范围,,,,
rel-003966,obs-nonworkdays-2021-10,period-2021-10,AT_TIME,观测统计期,,,,
rel-003967,obs-nonworkdays-2021-10,source-holiday-docx,FROM_SOURCE,数据来源,,,,
rel-003968,obs-holiday-days-2021-10,feature-holiday-days,MEASURES,观测对应指标,,,,
rel-003969,obs-holiday-days-2021-10,region-zhejiang,OBSERVED_IN,观测空间范围,,,,
rel-003970,obs-holiday-days-2021-10,period-2021-10,AT_TIME,观测统计期,,,,
rel-003971,obs-holiday-days-2021-10,source-holiday-docx,FROM_SOURCE,数据来源,,,,
rel-003972,obs-makeup-workdays-2021-10,feature-makeup-workdays,MEASURES,观测对应指标,,,,
rel-003973,obs-makeup-workdays-2021-10,region-zhejiang,OBSERVED_IN,观测空间范围,,,,
rel-003974,obs-makeup-workdays-2021-10,period-2021-10,AT_TIME,观测统计期,,,,
rel-003975,obs-makeup-workdays-2021-10,source-holiday-docx,FROM_SOURCE,数据来源,,,,
rel-003976,obs-workdays-2021-11,feature-workdays,MEASURES,观测对应指标,,,,
rel-003977,obs-workdays-2021-11,region-zhejiang,OBSERVED_IN,观测空间范围,,,,
rel-003978,obs-workdays-2021-11,period-2021-11,AT_TIME,观测统计期,,,,
rel-003979,obs-workdays-2021-11,source-holiday-docx,FROM_SOURCE,数据来源,,,,
rel-003980,obs-nonworkdays-2021-11,feature-nonworkdays,MEASURES,观测对应指标,,,,
rel-003981,obs-nonworkdays-2021-11,region-zhejiang,OBSERVED_IN,观测空间范围,,,,
rel-003982,obs-nonworkdays-2021-11,period-2021-11,AT_TIME,观测统计期,,,,
rel-003983,obs-nonworkdays-2021-11,source-holiday-docx,FROM_SOURCE,数据来源,,,,
rel-003984,obs-holiday-days-2021-11,feature-holiday-days,MEASURES,观测对应指标,,,,
rel-003985,obs-holiday-days-2021-11,region-zhejiang,OBSERVED_IN,观测空间范围,,,,
rel-003986,obs-holiday-days-2021-11,period-2021-11,AT_TIME,观测统计期,,,,
rel-003987,obs-holiday-days-2021-11,source-holiday-docx,FROM_SOURCE,数据来源,,,,
rel-003988,obs-makeup-workdays-2021-11,feature-makeup-workdays,MEASURES,观测对应指标,,,,
rel-003989,obs-makeup-workdays-2021-11,region-zhejiang,OBSERVED_IN,观测空间范围,,,,
rel-003990,obs-makeup-workdays-2021-11,period-2021-11,AT_TIME,观测统计期,,,,
rel-003991,obs-makeup-workdays-2021-11,source-holiday-docx,FROM_SOURCE,数据来源,,,,
rel-003992,obs-workdays-2021-12,feature-workdays,MEASURES,观测对应指标,,,,
rel-003993,obs-workdays-2021-12,region-zhejiang,OBSERVED_IN,观测空间范围,,,,
rel-003994,obs-workdays-2021-12,period-2021-12,AT_TIME,观测统计期,,,,
rel-003995,obs-workdays-2021-12,source-holiday-docx,FROM_SOURCE,数据来源,,,,
rel-003996,obs-nonworkdays-2021-12,feature-nonworkdays,MEASURES,观测对应指标,,,,
rel-003997,obs-nonworkdays-2021-12,region-zhejiang,OBSERVED_IN,观测空间范围,,,,
rel-003998,obs-nonworkdays-2021-12,period-2021-12,AT_TIME,观测统计期,,,,
rel-003999,obs-nonworkdays-2021-12,source-holiday-docx,FROM_SOURCE,数据来源,,,,
rel-004000,obs-holiday-days-2021-12,feature-holiday-days,MEASURES,观测对应指标,,,,
rel-004001,obs-holiday-days-2021-12,region-zhejiang,OBSERVED_IN,观测空间范围,,,,
rel-004002,obs-holiday-days-2021-12,period-2021-12,AT_TIME,观测统计期,,,,
rel-004003,obs-holiday-days-2021-12,source-holiday-docx,FROM_SOURCE,数据来源,,,,
rel-004004,obs-makeup-workdays-2021-12,feature-makeup-workdays,MEASURES,观测对应指标,,,,
rel-004005,obs-makeup-workdays-2021-12,region-zhejiang,OBSERVED_IN,观测空间范围,,,,
rel-004006,obs-makeup-workdays-2021-12,period-2021-12,AT_TIME,观测统计期,,,,
rel-004007,obs-makeup-workdays-2021-12,source-holiday-docx,FROM_SOURCE,数据来源,,,,
rel-004008,obs-workdays-2022-01,feature-workdays,MEASURES,观测对应指标,,,,
rel-004009,obs-workdays-2022-01,region-zhejiang,OBSERVED_IN,观测空间范围,,,,
rel-004010,obs-workdays-2022-01,period-2022-01,AT_TIME,观测统计期,,,,
rel-004011,obs-workdays-2022-01,source-holiday-docx,FROM_SOURCE,数据来源,,,,
rel-004012,obs-nonworkdays-2022-01,feature-nonworkdays,MEASURES,观测对应指标,,,,
rel-004013,obs-nonworkdays-2022-01,region-zhejiang,OBSERVED_IN,观测空间范围,,,,
rel-004014,obs-nonworkdays-2022-01,period-2022-01,AT_TIME,观测统计期,,,,
rel-004015,obs-nonworkdays-2022-01,source-holiday-docx,FROM_SOURCE,数据来源,,,,
rel-004016,obs-holiday-days-2022-01,feature-holiday-days,MEASURES,观测对应指标,,,,
rel-004017,obs-holiday-days-2022-01,region-zhejiang,OBSERVED_IN,观测空间范围,,,,
rel-004018,obs-holiday-days-2022-01,period-2022-01,AT_TIME,观测统计期,,,,
rel-004019,obs-holiday-days-2022-01,source-holiday-docx,FROM_SOURCE,数据来源,,,,
rel-004020,obs-makeup-workdays-2022-01,feature-makeup-workdays,MEASURES,观测对应指标,,,,
rel-004021,obs-makeup-workdays-2022-01,region-zhejiang,OBSERVED_IN,观测空间范围,,,,
rel-004022,obs-makeup-workdays-2022-01,period-2022-01,AT_TIME,观测统计期,,,,
rel-004023,obs-makeup-workdays-2022-01,source-holiday-docx,FROM_SOURCE,数据来源,,,,
rel-004024,obs-workdays-2022-02,feature-workdays,MEASURES,观测对应指标,,,,
rel-004025,obs-workdays-2022-02,region-zhejiang,OBSERVED_IN,观测空间范围,,,,
rel-004026,obs-workdays-2022-02,period-2022-02,AT_TIME,观测统计期,,,,
rel-004027,obs-workdays-2022-02,source-holiday-docx,FROM_SOURCE,数据来源,,,,
rel-004028,obs-nonworkdays-2022-02,feature-nonworkdays,MEASURES,观测对应指标,,,,
rel-004029,obs-nonworkdays-2022-02,region-zhejiang,OBSERVED_IN,观测空间范围,,,,
rel-004030,obs-nonworkdays-2022-02,period-2022-02,AT_TIME,观测统计期,,,,
rel-004031,obs-nonworkdays-2022-02,source-holiday-docx,FROM_SOURCE,数据来源,,,,
rel-004032,obs-holiday-days-2022-02,feature-holiday-days,MEASURES,观测对应指标,,,,
rel-004033,obs-holiday-days-2022-02,region-zhejiang,OBSERVED_IN,观测空间范围,,,,
rel-004034,obs-holiday-days-2022-02,period-2022-02,AT_TIME,观测统计期,,,,
rel-004035,obs-holiday-days-2022-02,source-holiday-docx,FROM_SOURCE,数据来源,,,,
rel-004036,obs-makeup-workdays-2022-02,feature-makeup-workdays,MEASURES,观测对应指标,,,,
rel-004037,obs-makeup-workdays-2022-02,region-zhejiang,OBSERVED_IN,观测空间范围,,,,
rel-004038,obs-makeup-workdays-2022-02,period-2022-02,AT_TIME,观测统计期,,,,
rel-004039,obs-makeup-workdays-2022-02,source-holiday-docx,FROM_SOURCE,数据来源,,,,
rel-004040,obs-workdays-2022-03,feature-workdays,MEASURES,观测对应指标,,,,
rel-004041,obs-workdays-2022-03,region-zhejiang,OBSERVED_IN,观测空间范围,,,,
rel-004042,obs-workdays-2022-03,period-2022-03,AT_TIME,观测统计期,,,,
rel-004043,obs-workdays-2022-03,source-holiday-docx,FROM_SOURCE,数据来源,,,,
rel-004044,obs-nonworkdays-2022-03,feature-nonworkdays,MEASURES,观测对应指标,,,,
rel-004045,obs-nonworkdays-2022-03,region-zhejiang,OBSERVED_IN,观测空间范围,,,,
rel-004046,obs-nonworkdays-2022-03,period-2022-03,AT_TIME,观测统计期,,,,
rel-004047,obs-nonworkdays-2022-03,source-holiday-docx,FROM_SOURCE,数据来源,,,,
rel-004048,obs-holiday-days-2022-03,feature-holiday-days,MEASURES,观测对应指标,,,,
rel-004049,obs-holiday-days-2022-03,region-zhejiang,OBSERVED_IN,观测空间范围,,,,
rel-004050,obs-holiday-days-2022-03,period-2022-03,AT_TIME,观测统计期,,,,
rel-004051,obs-holiday-days-2022-03,source-holiday-docx,FROM_SOURCE,数据来源,,,,
rel-004052,obs-makeup-workdays-2022-03,feature-makeup-workdays,MEASURES,观测对应指标,,,,
rel-004053,obs-makeup-workdays-2022-03,region-zhejiang,OBSERVED_IN,观测空间范围,,,,
rel-004054,obs-makeup-workdays-2022-03,period-2022-03,AT_TIME,观测统计期,,,,
rel-004055,obs-makeup-workdays-2022-03,source-holiday-docx,FROM_SOURCE,数据来源,,,,
rel-004056,obs-workdays-2022-04,feature-workdays,MEASURES,观测对应指标,,,,
rel-004057,obs-workdays-2022-04,region-zhejiang,OBSERVED_IN,观测空间范围,,,,
rel-004058,obs-workdays-2022-04,period-2022-04,AT_TIME,观测统计期,,,,
rel-004059,obs-workdays-2022-04,source-holiday-docx,FROM_SOURCE,数据来源,,,,
rel-004060,obs-nonworkdays-2022-04,feature-nonworkdays,MEASURES,观测对应指标,,,,
rel-004061,obs-nonworkdays-2022-04,region-zhejiang,OBSERVED_IN,观测空间范围,,,,
rel-004062,obs-nonworkdays-2022-04,period-2022-04,AT_TIME,观测统计期,,,,
rel-004063,obs-nonworkdays-2022-04,source-holiday-docx,FROM_SOURCE,数据来源,,,,
rel-004064,obs-holiday-days-2022-04,feature-holiday-days,MEASURES,观测对应指标,,,,
rel-004065,obs-holiday-days-2022-04,region-zhejiang,OBSERVED_IN,观测空间范围,,,,
rel-004066,obs-holiday-days-2022-04,period-2022-04,AT_TIME,观测统计期,,,,
rel-004067,obs-holiday-days-2022-04,source-holiday-docx,FROM_SOURCE,数据来源,,,,
rel-004068,obs-makeup-workdays-2022-04,feature-makeup-workdays,MEASURES,观测对应指标,,,,
rel-004069,obs-makeup-workdays-2022-04,region-zhejiang,OBSERVED_IN,观测空间范围,,,,
rel-004070,obs-makeup-workdays-2022-04,period-2022-04,AT_TIME,观测统计期,,,,
rel-004071,obs-makeup-workdays-2022-04,source-holiday-docx,FROM_SOURCE,数据来源,,,,
rel-004072,obs-workdays-2022-05,feature-workdays,MEASURES,观测对应指标,,,,
rel-004073,obs-workdays-2022-05,region-zhejiang,OBSERVED_IN,观测空间范围,,,,
rel-004074,obs-workdays-2022-05,period-2022-05,AT_TIME,观测统计期,,,,
rel-004075,obs-workdays-2022-05,source-holiday-docx,FROM_SOURCE,数据来源,,,,
rel-004076,obs-nonworkdays-2022-05,feature-nonworkdays,MEASURES,观测对应指标,,,,
rel-004077,obs-nonworkdays-2022-05,region-zhejiang,OBSERVED_IN,观测空间范围,,,,
rel-004078,obs-nonworkdays-2022-05,period-2022-05,AT_TIME,观测统计期,,,,
rel-004079,obs-nonworkdays-2022-05,source-holiday-docx,FROM_SOURCE,数据来源,,,,
rel-004080,obs-holiday-days-2022-05,feature-holiday-days,MEASURES,观测对应指标,,,,
rel-004081,obs-holiday-days-2022-05,region-zhejiang,OBSERVED_IN,观测空间范围,,,,
rel-004082,obs-holiday-days-2022-05,period-2022-05,AT_TIME,观测统计期,,,,
rel-004083,obs-holiday-days-2022-05,source-holiday-docx,FROM_SOURCE,数据来源,,,,
rel-004084,obs-makeup-workdays-2022-05,feature-makeup-workdays,MEASURES,观测对应指标,,,,
rel-004085,obs-makeup-workdays-2022-05,region-zhejiang,OBSERVED_IN,观测空间范围,,,,
rel-004086,obs-makeup-workdays-2022-05,period-2022-05,AT_TIME,观测统计期,,,,
rel-004087,obs-makeup-workdays-2022-05,source-holiday-docx,FROM_SOURCE,数据来源,,,,
rel-004088,obs-workdays-2022-06,feature-workdays,MEASURES,观测对应指标,,,,
rel-004089,obs-workdays-2022-06,region-zhejiang,OBSERVED_IN,观测空间范围,,,,
rel-004090,obs-workdays-2022-06,period-2022-06,AT_TIME,观测统计期,,,,
rel-004091,obs-workdays-2022-06,source-holiday-docx,FROM_SOURCE,数据来源,,,,
rel-004092,obs-nonworkdays-2022-06,feature-nonworkdays,MEASURES,观测对应指标,,,,
rel-004093,obs-nonworkdays-2022-06,region-zhejiang,OBSERVED_IN,观测空间范围,,,,
rel-004094,obs-nonworkdays-2022-06,period-2022-06,AT_TIME,观测统计期,,,,
rel-004095,obs-nonworkdays-2022-06,source-holiday-docx,FROM_SOURCE,数据来源,,,,
rel-004096,obs-holiday-days-2022-06,feature-holiday-days,MEASURES,观测对应指标,,,,
rel-004097,obs-holiday-days-2022-06,region-zhejiang,OBSERVED_IN,观测空间范围,,,,
rel-004098,obs-holiday-days-2022-06,period-2022-06,AT_TIME,观测统计期,,,,
rel-004099,obs-holiday-days-2022-06,source-holiday-docx,FROM_SOURCE,数据来源,,,,
rel-004100,obs-makeup-workdays-2022-06,feature-makeup-workdays,MEASURES,观测对应指标,,,,
rel-004101,obs-makeup-workdays-2022-06,region-zhejiang,OBSERVED_IN,观测空间范围,,,,
rel-004102,obs-makeup-workdays-2022-06,period-2022-06,AT_TIME,观测统计期,,,,
rel-004103,obs-makeup-workdays-2022-06,source-holiday-docx,FROM_SOURCE,数据来源,,,,
rel-004104,obs-workdays-2022-07,feature-workdays,MEASURES,观测对应指标,,,,
rel-004105,obs-workdays-2022-07,region-zhejiang,OBSERVED_IN,观测空间范围,,,,
rel-004106,obs-workdays-2022-07,period-2022-07,AT_TIME,观测统计期,,,,
rel-004107,obs-workdays-2022-07,source-holiday-docx,FROM_SOURCE,数据来源,,,,
rel-004108,obs-nonworkdays-2022-07,feature-nonworkdays,MEASURES,观测对应指标,,,,
rel-004109,obs-nonworkdays-2022-07,region-zhejiang,OBSERVED_IN,观测空间范围,,,,
rel-004110,obs-nonworkdays-2022-07,period-2022-07,AT_TIME,观测统计期,,,,
rel-004111,obs-nonworkdays-2022-07,source-holiday-docx,FROM_SOURCE,数据来源,,,,
rel-004112,obs-holiday-days-2022-07,feature-holiday-days,MEASURES,观测对应指标,,,,
rel-004113,obs-holiday-days-2022-07,region-zhejiang,OBSERVED_IN,观测空间范围,,,,
rel-004114,obs-holiday-days-2022-07,period-2022-07,AT_TIME,观测统计期,,,,
rel-004115,obs-holiday-days-2022-07,source-holiday-docx,FROM_SOURCE,数据来源,,,,
rel-004116,obs-makeup-workdays-2022-07,feature-makeup-workdays,MEASURES,观测对应指标,,,,
rel-004117,obs-makeup-workdays-2022-07,region-zhejiang,OBSERVED_IN,观测空间范围,,,,
rel-004118,obs-makeup-workdays-2022-07,period-2022-07,AT_TIME,观测统计期,,,,
rel-004119,obs-makeup-workdays-2022-07,source-holiday-docx,FROM_SOURCE,数据来源,,,,
rel-004120,obs-workdays-2022-08,feature-workdays,MEASURES,观测对应指标,,,,
rel-004121,obs-workdays-2022-08,region-zhejiang,OBSERVED_IN,观测空间范围,,,,
rel-004122,obs-workdays-2022-08,period-2022-08,AT_TIME,观测统计期,,,,
rel-004123,obs-workdays-2022-08,source-holiday-docx,FROM_SOURCE,数据来源,,,,
rel-004124,obs-nonworkdays-2022-08,feature-nonworkdays,MEASURES,观测对应指标,,,,
rel-004125,obs-nonworkdays-2022-08,region-zhejiang,OBSERVED_IN,观测空间范围,,,,
rel-004126,obs-nonworkdays-2022-08,period-2022-08,AT_TIME,观测统计期,,,,
rel-004127,obs-nonworkdays-2022-08,source-holiday-docx,FROM_SOURCE,数据来源,,,,
rel-004128,obs-holiday-days-2022-08,feature-holiday-days,MEASURES,观测对应指标,,,,
rel-004129,obs-holiday-days-2022-08,region-zhejiang,OBSERVED_IN,观测空间范围,,,,
rel-004130,obs-holiday-days-2022-08,period-2022-08,AT_TIME,观测统计期,,,,
rel-004131,obs-holiday-days-2022-08,source-holiday-docx,FROM_SOURCE,数据来源,,,,
rel-004132,obs-makeup-workdays-2022-08,feature-makeup-workdays,MEASURES,观测对应指标,,,,
rel-004133,obs-makeup-workdays-2022-08,region-zhejiang,OBSERVED_IN,观测空间范围,,,,
rel-004134,obs-makeup-workdays-2022-08,period-2022-08,AT_TIME,观测统计期,,,,
rel-004135,obs-makeup-workdays-2022-08,source-holiday-docx,FROM_SOURCE,数据来源,,,,
rel-004136,obs-workdays-2022-09,feature-workdays,MEASURES,观测对应指标,,,,
rel-004137,obs-workdays-2022-09,region-zhejiang,OBSERVED_IN,观测空间范围,,,,
rel-004138,obs-workdays-2022-09,period-2022-09,AT_TIME,观测统计期,,,,
rel-004139,obs-workdays-2022-09,source-holiday-docx,FROM_SOURCE,数据来源,,,,
rel-004140,obs-nonworkdays-2022-09,feature-nonworkdays,MEASURES,观测对应指标,,,,
rel-004141,obs-nonworkdays-2022-09,region-zhejiang,OBSERVED_IN,观测空间范围,,,,
rel-004142,obs-nonworkdays-2022-09,period-2022-09,AT_TIME,观测统计期,,,,
rel-004143,obs-nonworkdays-2022-09,source-holiday-docx,FROM_SOURCE,数据来源,,,,
rel-004144,obs-holiday-days-2022-09,feature-holiday-days,MEASURES,观测对应指标,,,,
rel-004145,obs-holiday-days-2022-09,region-zhejiang,OBSERVED_IN,观测空间范围,,,,
rel-004146,obs-holiday-days-2022-09,period-2022-09,AT_TIME,观测统计期,,,,
rel-004147,obs-holiday-days-2022-09,source-holiday-docx,FROM_SOURCE,数据来源,,,,
rel-004148,obs-makeup-workdays-2022-09,feature-makeup-workdays,MEASURES,观测对应指标,,,,
rel-004149,obs-makeup-workdays-2022-09,region-zhejiang,OBSERVED_IN,观测空间范围,,,,
rel-004150,obs-makeup-workdays-2022-09,period-2022-09,AT_TIME,观测统计期,,,,
rel-004151,obs-makeup-workdays-2022-09,source-holiday-docx,FROM_SOURCE,数据来源,,,,
rel-004152,obs-workdays-2022-10,feature-workdays,MEASURES,观测对应指标,,,,
rel-004153,obs-workdays-2022-10,region-zhejiang,OBSERVED_IN,观测空间范围,,,,
rel-004154,obs-workdays-2022-10,period-2022-10,AT_TIME,观测统计期,,,,
rel-004155,obs-workdays-2022-10,source-holiday-docx,FROM_SOURCE,数据来源,,,,
rel-004156,obs-nonworkdays-2022-10,feature-nonworkdays,MEASURES,观测对应指标,,,,
rel-004157,obs-nonworkdays-2022-10,region-zhejiang,OBSERVED_IN,观测空间范围,,,,
rel-004158,obs-nonworkdays-2022-10,period-2022-10,AT_TIME,观测统计期,,,,
rel-004159,obs-nonworkdays-2022-10,source-holiday-docx,FROM_SOURCE,数据来源,,,,
rel-004160,obs-holiday-days-2022-10,feature-holiday-days,MEASURES,观测对应指标,,,,
rel-004161,obs-holiday-days-2022-10,region-zhejiang,OBSERVED_IN,观测空间范围,,,,
rel-004162,obs-holiday-days-2022-10,period-2022-10,AT_TIME,观测统计期,,,,
rel-004163,obs-holiday-days-2022-10,source-holiday-docx,FROM_SOURCE,数据来源,,,,
rel-004164,obs-makeup-workdays-2022-10,feature-makeup-workdays,MEASURES,观测对应指标,,,,
rel-004165,obs-makeup-workdays-2022-10,region-zhejiang,OBSERVED_IN,观测空间范围,,,,
rel-004166,obs-makeup-workdays-2022-10,period-2022-10,AT_TIME,观测统计期,,,,
rel-004167,obs-makeup-workdays-2022-10,source-holiday-docx,FROM_SOURCE,数据来源,,,,
rel-004168,obs-workdays-2022-11,feature-workdays,MEASURES,观测对应指标,,,,
rel-004169,obs-workdays-2022-11,region-zhejiang,OBSERVED_IN,观测空间范围,,,,
rel-004170,obs-workdays-2022-11,period-2022-11,AT_TIME,观测统计期,,,,
rel-004171,obs-workdays-2022-11,source-holiday-docx,FROM_SOURCE,数据来源,,,,
rel-004172,obs-nonworkdays-2022-11,feature-nonworkdays,MEASURES,观测对应指标,,,,
rel-004173,obs-nonworkdays-2022-11,region-zhejiang,OBSERVED_IN,观测空间范围,,,,
rel-004174,obs-nonworkdays-2022-11,period-2022-11,AT_TIME,观测统计期,,,,
rel-004175,obs-nonworkdays-2022-11,source-holiday-docx,FROM_SOURCE,数据来源,,,,
rel-004176,obs-holiday-days-2022-11,feature-holiday-days,MEASURES,观测对应指标,,,,
rel-004177,obs-holiday-days-2022-11,region-zhejiang,OBSERVED_IN,观测空间范围,,,,
rel-004178,obs-holiday-days-2022-11,period-2022-11,AT_TIME,观测统计期,,,,
rel-004179,obs-holiday-days-2022-11,source-holiday-docx,FROM_SOURCE,数据来源,,,,
rel-004180,obs-makeup-workdays-2022-11,feature-makeup-workdays,MEASURES,观测对应指标,,,,
rel-004181,obs-makeup-workdays-2022-11,region-zhejiang,OBSERVED_IN,观测空间范围,,,,
rel-004182,obs-makeup-workdays-2022-11,period-2022-11,AT_TIME,观测统计期,,,,
rel-004183,obs-makeup-workdays-2022-11,source-holiday-docx,FROM_SOURCE,数据来源,,,,
rel-004184,obs-workdays-2022-12,feature-workdays,MEASURES,观测对应指标,,,,
rel-004185,obs-workdays-2022-12,region-zhejiang,OBSERVED_IN,观测空间范围,,,,
rel-004186,obs-workdays-2022-12,period-2022-12,AT_TIME,观测统计期,,,,
rel-004187,obs-workdays-2022-12,source-holiday-docx,FROM_SOURCE,数据来源,,,,
rel-004188,obs-nonworkdays-2022-12,feature-nonworkdays,MEASURES,观测对应指标,,,,
rel-004189,obs-nonworkdays-2022-12,region-zhejiang,OBSERVED_IN,观测空间范围,,,,
rel-004190,obs-nonworkdays-2022-12,period-2022-12,AT_TIME,观测统计期,,,,
rel-004191,obs-nonworkdays-2022-12,source-holiday-docx,FROM_SOURCE,数据来源,,,,
rel-004192,obs-holiday-days-2022-12,feature-holiday-days,MEASURES,观测对应指标,,,,
rel-004193,obs-holiday-days-2022-12,region-zhejiang,OBSERVED_IN,观测空间范围,,,,
rel-004194,obs-holiday-days-2022-12,period-2022-12,AT_TIME,观测统计期,,,,
rel-004195,obs-holiday-days-2022-12,source-holiday-docx,FROM_SOURCE,数据来源,,,,
rel-004196,obs-makeup-workdays-2022-12,feature-makeup-workdays,MEASURES,观测对应指标,,,,
rel-004197,obs-makeup-workdays-2022-12,region-zhejiang,OBSERVED_IN,观测空间范围,,,,
rel-004198,obs-makeup-workdays-2022-12,period-2022-12,AT_TIME,观测统计期,,,,
rel-004199,obs-makeup-workdays-2022-12,source-holiday-docx,FROM_SOURCE,数据来源,,,,
rel-004200,obs-workdays-2023-01,feature-workdays,MEASURES,观测对应指标,,,,
rel-004201,obs-workdays-2023-01,region-zhejiang,OBSERVED_IN,观测空间范围,,,,
rel-004202,obs-workdays-2023-01,period-2023-01,AT_TIME,观测统计期,,,,
rel-004203,obs-workdays-2023-01,source-holiday-docx,FROM_SOURCE,数据来源,,,,
rel-004204,obs-nonworkdays-2023-01,feature-nonworkdays,MEASURES,观测对应指标,,,,
rel-004205,obs-nonworkdays-2023-01,region-zhejiang,OBSERVED_IN,观测空间范围,,,,
rel-004206,obs-nonworkdays-2023-01,period-2023-01,AT_TIME,观测统计期,,,,
rel-004207,obs-nonworkdays-2023-01,source-holiday-docx,FROM_SOURCE,数据来源,,,,
rel-004208,obs-holiday-days-2023-01,feature-holiday-days,MEASURES,观测对应指标,,,,
rel-004209,obs-holiday-days-2023-01,region-zhejiang,OBSERVED_IN,观测空间范围,,,,
rel-004210,obs-holiday-days-2023-01,period-2023-01,AT_TIME,观测统计期,,,,
rel-004211,obs-holiday-days-2023-01,source-holiday-docx,FROM_SOURCE,数据来源,,,,
rel-004212,obs-makeup-workdays-2023-01,feature-makeup-workdays,MEASURES,观测对应指标,,,,
rel-004213,obs-makeup-workdays-2023-01,region-zhejiang,OBSERVED_IN,观测空间范围,,,,
rel-004214,obs-makeup-workdays-2023-01,period-2023-01,AT_TIME,观测统计期,,,,
rel-004215,obs-makeup-workdays-2023-01,source-holiday-docx,FROM_SOURCE,数据来源,,,,
rel-004216,obs-workdays-2023-02,feature-workdays,MEASURES,观测对应指标,,,,
rel-004217,obs-workdays-2023-02,region-zhejiang,OBSERVED_IN,观测空间范围,,,,
rel-004218,obs-workdays-2023-02,period-2023-02,AT_TIME,观测统计期,,,,
rel-004219,obs-workdays-2023-02,source-holiday-docx,FROM_SOURCE,数据来源,,,,
rel-004220,obs-nonworkdays-2023-02,feature-nonworkdays,MEASURES,观测对应指标,,,,
rel-004221,obs-nonworkdays-2023-02,region-zhejiang,OBSERVED_IN,观测空间范围,,,,
rel-004222,obs-nonworkdays-2023-02,period-2023-02,AT_TIME,观测统计期,,,,
rel-004223,obs-nonworkdays-2023-02,source-holiday-docx,FROM_SOURCE,数据来源,,,,
rel-004224,obs-holiday-days-2023-02,feature-holiday-days,MEASURES,观测对应指标,,,,
rel-004225,obs-holiday-days-2023-02,region-zhejiang,OBSERVED_IN,观测空间范围,,,,
rel-004226,obs-holiday-days-2023-02,period-2023-02,AT_TIME,观测统计期,,,,
rel-004227,obs-holiday-days-2023-02,source-holiday-docx,FROM_SOURCE,数据来源,,,,
rel-004228,obs-makeup-workdays-2023-02,feature-makeup-workdays,MEASURES,观测对应指标,,,,
rel-004229,obs-makeup-workdays-2023-02,region-zhejiang,OBSERVED_IN,观测空间范围,,,,
rel-004230,obs-makeup-workdays-2023-02,period-2023-02,AT_TIME,观测统计期,,,,
rel-004231,obs-makeup-workdays-2023-02,source-holiday-docx,FROM_SOURCE,数据来源,,,,
rel-004232,obs-workdays-2023-03,feature-workdays,MEASURES,观测对应指标,,,,
rel-004233,obs-workdays-2023-03,region-zhejiang,OBSERVED_IN,观测空间范围,,,,
rel-004234,obs-workdays-2023-03,period-2023-03,AT_TIME,观测统计期,,,,
rel-004235,obs-workdays-2023-03,source-holiday-docx,FROM_SOURCE,数据来源,,,,
rel-004236,obs-nonworkdays-2023-03,feature-nonworkdays,MEASURES,观测对应指标,,,,
rel-004237,obs-nonworkdays-2023-03,region-zhejiang,OBSERVED_IN,观测空间范围,,,,
rel-004238,obs-nonworkdays-2023-03,period-2023-03,AT_TIME,观测统计期,,,,
rel-004239,obs-nonworkdays-2023-03,source-holiday-docx,FROM_SOURCE,数据来源,,,,
rel-004240,obs-holiday-days-2023-03,feature-holiday-days,MEASURES,观测对应指标,,,,
rel-004241,obs-holiday-days-2023-03,region-zhejiang,OBSERVED_IN,观测空间范围,,,,
rel-004242,obs-holiday-days-2023-03,period-2023-03,AT_TIME,观测统计期,,,,
rel-004243,obs-holiday-days-2023-03,source-holiday-docx,FROM_SOURCE,数据来源,,,,
rel-004244,obs-makeup-workdays-2023-03,feature-makeup-workdays,MEASURES,观测对应指标,,,,
rel-004245,obs-makeup-workdays-2023-03,region-zhejiang,OBSERVED_IN,观测空间范围,,,,
rel-004246,obs-makeup-workdays-2023-03,period-2023-03,AT_TIME,观测统计期,,,,
rel-004247,obs-makeup-workdays-2023-03,source-holiday-docx,FROM_SOURCE,数据来源,,,,
rel-004248,obs-workdays-2023-04,feature-workdays,MEASURES,观测对应指标,,,,
rel-004249,obs-workdays-2023-04,region-zhejiang,OBSERVED_IN,观测空间范围,,,,
rel-004250,obs-workdays-2023-04,period-2023-04,AT_TIME,观测统计期,,,,
rel-004251,obs-workdays-2023-04,source-holiday-docx,FROM_SOURCE,数据来源,,,,
rel-004252,obs-nonworkdays-2023-04,feature-nonworkdays,MEASURES,观测对应指标,,,,
rel-004253,obs-nonworkdays-2023-04,region-zhejiang,OBSERVED_IN,观测空间范围,,,,
rel-004254,obs-nonworkdays-2023-04,period-2023-04,AT_TIME,观测统计期,,,,
rel-004255,obs-nonworkdays-2023-04,source-holiday-docx,FROM_SOURCE,数据来源,,,,
rel-004256,obs-holiday-days-2023-04,feature-holiday-days,MEASURES,观测对应指标,,,,
rel-004257,obs-holiday-days-2023-04,region-zhejiang,OBSERVED_IN,观测空间范围,,,,
rel-004258,obs-holiday-days-2023-04,period-2023-04,AT_TIME,观测统计期,,,,
rel-004259,obs-holiday-days-2023-04,source-holiday-docx,FROM_SOURCE,数据来源,,,,
rel-004260,obs-makeup-workdays-2023-04,feature-makeup-workdays,MEASURES,观测对应指标,,,,
rel-004261,obs-makeup-workdays-2023-04,region-zhejiang,OBSERVED_IN,观测空间范围,,,,
rel-004262,obs-makeup-workdays-2023-04,period-2023-04,AT_TIME,观测统计期,,,,
rel-004263,obs-makeup-workdays-2023-04,source-holiday-docx,FROM_SOURCE,数据来源,,,,
rel-004264,obs-workdays-2023-05,feature-workdays,MEASURES,观测对应指标,,,,
rel-004265,obs-workdays-2023-05,region-zhejiang,OBSERVED_IN,观测空间范围,,,,
rel-004266,obs-workdays-2023-05,period-2023-05,AT_TIME,观测统计期,,,,
rel-004267,obs-workdays-2023-05,source-holiday-docx,FROM_SOURCE,数据来源,,,,
rel-004268,obs-nonworkdays-2023-05,feature-nonworkdays,MEASURES,观测对应指标,,,,
rel-004269,obs-nonworkdays-2023-05,region-zhejiang,OBSERVED_IN,观测空间范围,,,,
rel-004270,obs-nonworkdays-2023-05,period-2023-05,AT_TIME,观测统计期,,,,
rel-004271,obs-nonworkdays-2023-05,source-holiday-docx,FROM_SOURCE,数据来源,,,,
rel-004272,obs-holiday-days-2023-05,feature-holiday-days,MEASURES,观测对应指标,,,,
rel-004273,obs-holiday-days-2023-05,region-zhejiang,OBSERVED_IN,观测空间范围,,,,
rel-004274,obs-holiday-days-2023-05,period-2023-05,AT_TIME,观测统计期,,,,
rel-004275,obs-holiday-days-2023-05,source-holiday-docx,FROM_SOURCE,数据来源,,,,
rel-004276,obs-makeup-workdays-2023-05,feature-makeup-workdays,MEASURES,观测对应指标,,,,
rel-004277,obs-makeup-workdays-2023-05,region-zhejiang,OBSERVED_IN,观测空间范围,,,,
rel-004278,obs-makeup-workdays-2023-05,period-2023-05,AT_TIME,观测统计期,,,,
rel-004279,obs-makeup-workdays-2023-05,source-holiday-docx,FROM_SOURCE,数据来源,,,,
rel-004280,obs-workdays-2023-06,feature-workdays,MEASURES,观测对应指标,,,,
rel-004281,obs-workdays-2023-06,region-zhejiang,OBSERVED_IN,观测空间范围,,,,
rel-004282,obs-workdays-2023-06,period-2023-06,AT_TIME,观测统计期,,,,
rel-004283,obs-workdays-2023-06,source-holiday-docx,FROM_SOURCE,数据来源,,,,
rel-004284,obs-nonworkdays-2023-06,feature-nonworkdays,MEASURES,观测对应指标,,,,
rel-004285,obs-nonworkdays-2023-06,region-zhejiang,OBSERVED_IN,观测空间范围,,,,
rel-004286,obs-nonworkdays-2023-06,period-2023-06,AT_TIME,观测统计期,,,,
rel-004287,obs-nonworkdays-2023-06,source-holiday-docx,FROM_SOURCE,数据来源,,,,
rel-004288,obs-holiday-days-2023-06,feature-holiday-days,MEASURES,观测对应指标,,,,
rel-004289,obs-holiday-days-2023-06,region-zhejiang,OBSERVED_IN,观测空间范围,,,,
rel-004290,obs-holiday-days-2023-06,period-2023-06,AT_TIME,观测统计期,,,,
rel-004291,obs-holiday-days-2023-06,source-holiday-docx,FROM_SOURCE,数据来源,,,,
rel-004292,obs-makeup-workdays-2023-06,feature-makeup-workdays,MEASURES,观测对应指标,,,,
rel-004293,obs-makeup-workdays-2023-06,region-zhejiang,OBSERVED_IN,观测空间范围,,,,
rel-004294,obs-makeup-workdays-2023-06,period-2023-06,AT_TIME,观测统计期,,,,
rel-004295,obs-makeup-workdays-2023-06,source-holiday-docx,FROM_SOURCE,数据来源,,,,
rel-004296,obs-workdays-2023-07,feature-workdays,MEASURES,观测对应指标,,,,
rel-004297,obs-workdays-2023-07,region-zhejiang,OBSERVED_IN,观测空间范围,,,,
rel-004298,obs-workdays-2023-07,period-2023-07,AT_TIME,观测统计期,,,,
rel-004299,obs-workdays-2023-07,source-holiday-docx,FROM_SOURCE,数据来源,,,,
rel-004300,obs-nonworkdays-2023-07,feature-nonworkdays,MEASURES,观测对应指标,,,,
rel-004301,obs-nonworkdays-2023-07,region-zhejiang,OBSERVED_IN,观测空间范围,,,,
rel-004302,obs-nonworkdays-2023-07,period-2023-07,AT_TIME,观测统计期,,,,
rel-004303,obs-nonworkdays-2023-07,source-holiday-docx,FROM_SOURCE,数据来源,,,,
rel-004304,obs-holiday-days-2023-07,feature-holiday-days,MEASURES,观测对应指标,,,,
rel-004305,obs-holiday-days-2023-07,region-zhejiang,OBSERVED_IN,观测空间范围,,,,
rel-004306,obs-holiday-days-2023-07,period-2023-07,AT_TIME,观测统计期,,,,
rel-004307,obs-holiday-days-2023-07,source-holiday-docx,FROM_SOURCE,数据来源,,,,
rel-004308,obs-makeup-workdays-2023-07,feature-makeup-workdays,MEASURES,观测对应指标,,,,
rel-004309,obs-makeup-workdays-2023-07,region-zhejiang,OBSERVED_IN,观测空间范围,,,,
rel-004310,obs-makeup-workdays-2023-07,period-2023-07,AT_TIME,观测统计期,,,,
rel-004311,obs-makeup-workdays-2023-07,source-holiday-docx,FROM_SOURCE,数据来源,,,,
rel-004312,obs-workdays-2023-08,feature-workdays,MEASURES,观测对应指标,,,,
rel-004313,obs-workdays-2023-08,region-zhejiang,OBSERVED_IN,观测空间范围,,,,
rel-004314,obs-workdays-2023-08,period-2023-08,AT_TIME,观测统计期,,,,
rel-004315,obs-workdays-2023-08,source-holiday-docx,FROM_SOURCE,数据来源,,,,
rel-004316,obs-nonworkdays-2023-08,feature-nonworkdays,MEASURES,观测对应指标,,,,
rel-004317,obs-nonworkdays-2023-08,region-zhejiang,OBSERVED_IN,观测空间范围,,,,
rel-004318,obs-nonworkdays-2023-08,period-2023-08,AT_TIME,观测统计期,,,,
rel-004319,obs-nonworkdays-2023-08,source-holiday-docx,FROM_SOURCE,数据来源,,,,
rel-004320,obs-holiday-days-2023-08,feature-holiday-days,MEASURES,观测对应指标,,,,
rel-004321,obs-holiday-days-2023-08,region-zhejiang,OBSERVED_IN,观测空间范围,,,,
rel-004322,obs-holiday-days-2023-08,period-2023-08,AT_TIME,观测统计期,,,,
rel-004323,obs-holiday-days-2023-08,source-holiday-docx,FROM_SOURCE,数据来源,,,,
rel-004324,obs-makeup-workdays-2023-08,feature-makeup-workdays,MEASURES,观测对应指标,,,,
rel-004325,obs-makeup-workdays-2023-08,region-zhejiang,OBSERVED_IN,观测空间范围,,,,
rel-004326,obs-makeup-workdays-2023-08,period-2023-08,AT_TIME,观测统计期,,,,
rel-004327,obs-makeup-workdays-2023-08,source-holiday-docx,FROM_SOURCE,数据来源,,,,
rel-004328,obs-workdays-2023-09,feature-workdays,MEASURES,观测对应指标,,,,
rel-004329,obs-workdays-2023-09,region-zhejiang,OBSERVED_IN,观测空间范围,,,,
rel-004330,obs-workdays-2023-09,period-2023-09,AT_TIME,观测统计期,,,,
rel-004331,obs-workdays-2023-09,source-holiday-docx,FROM_SOURCE,数据来源,,,,
rel-004332,obs-nonworkdays-2023-09,feature-nonworkdays,MEASURES,观测对应指标,,,,
rel-004333,obs-nonworkdays-2023-09,region-zhejiang,OBSERVED_IN,观测空间范围,,,,
rel-004334,obs-nonworkdays-2023-09,period-2023-09,AT_TIME,观测统计期,,,,
rel-004335,obs-nonworkdays-2023-09,source-holiday-docx,FROM_SOURCE,数据来源,,,,
rel-004336,obs-holiday-days-2023-09,feature-holiday-days,MEASURES,观测对应指标,,,,
rel-004337,obs-holiday-days-2023-09,region-zhejiang,OBSERVED_IN,观测空间范围,,,,
rel-004338,obs-holiday-days-2023-09,period-2023-09,AT_TIME,观测统计期,,,,
rel-004339,obs-holiday-days-2023-09,source-holiday-docx,FROM_SOURCE,数据来源,,,,
rel-004340,obs-makeup-workdays-2023-09,feature-makeup-workdays,MEASURES,观测对应指标,,,,
rel-004341,obs-makeup-workdays-2023-09,region-zhejiang,OBSERVED_IN,观测空间范围,,,,
rel-004342,obs-makeup-workdays-2023-09,period-2023-09,AT_TIME,观测统计期,,,,
rel-004343,obs-makeup-workdays-2023-09,source-holiday-docx,FROM_SOURCE,数据来源,,,,
rel-004344,obs-workdays-2023-10,feature-workdays,MEASURES,观测对应指标,,,,
rel-004345,obs-workdays-2023-10,region-zhejiang,OBSERVED_IN,观测空间范围,,,,
rel-004346,obs-workdays-2023-10,period-2023-10,AT_TIME,观测统计期,,,,
rel-004347,obs-workdays-2023-10,source-holiday-docx,FROM_SOURCE,数据来源,,,,
rel-004348,obs-nonworkdays-2023-10,feature-nonworkdays,MEASURES,观测对应指标,,,,
rel-004349,obs-nonworkdays-2023-10,region-zhejiang,OBSERVED_IN,观测空间范围,,,,
rel-004350,obs-nonworkdays-2023-10,period-2023-10,AT_TIME,观测统计期,,,,
rel-004351,obs-nonworkdays-2023-10,source-holiday-docx,FROM_SOURCE,数据来源,,,,
rel-004352,obs-holiday-days-2023-10,feature-holiday-days,MEASURES,观测对应指标,,,,
rel-004353,obs-holiday-days-2023-10,region-zhejiang,OBSERVED_IN,观测空间范围,,,,
rel-004354,obs-holiday-days-2023-10,period-2023-10,AT_TIME,观测统计期,,,,
rel-004355,obs-holiday-days-2023-10,source-holiday-docx,FROM_SOURCE,数据来源,,,,
rel-004356,obs-makeup-workdays-2023-10,feature-makeup-workdays,MEASURES,观测对应指标,,,,
rel-004357,obs-makeup-workdays-2023-10,region-zhejiang,OBSERVED_IN,观测空间范围,,,,
rel-004358,obs-makeup-workdays-2023-10,period-2023-10,AT_TIME,观测统计期,,,,
rel-004359,obs-makeup-workdays-2023-10,source-holiday-docx,FROM_SOURCE,数据来源,,,,
rel-004360,obs-workdays-2023-11,feature-workdays,MEASURES,观测对应指标,,,,
rel-004361,obs-workdays-2023-11,region-zhejiang,OBSERVED_IN,观测空间范围,,,,
rel-004362,obs-workdays-2023-11,period-2023-11,AT_TIME,观测统计期,,,,
rel-004363,obs-workdays-2023-11,source-holiday-docx,FROM_SOURCE,数据来源,,,,
rel-004364,obs-nonworkdays-2023-11,feature-nonworkdays,MEASURES,观测对应指标,,,,
rel-004365,obs-nonworkdays-2023-11,region-zhejiang,OBSERVED_IN,观测空间范围,,,,
rel-004366,obs-nonworkdays-2023-11,period-2023-11,AT_TIME,观测统计期,,,,
rel-004367,obs-nonworkdays-2023-11,source-holiday-docx,FROM_SOURCE,数据来源,,,,
rel-004368,obs-holiday-days-2023-11,feature-holiday-days,MEASURES,观测对应指标,,,,
rel-004369,obs-holiday-days-2023-11,region-zhejiang,OBSERVED_IN,观测空间范围,,,,
rel-004370,obs-holiday-days-2023-11,period-2023-11,AT_TIME,观测统计期,,,,
rel-004371,obs-holiday-days-2023-11,source-holiday-docx,FROM_SOURCE,数据来源,,,,
rel-004372,obs-makeup-workdays-2023-11,feature-makeup-workdays,MEASURES,观测对应指标,,,,
rel-004373,obs-makeup-workdays-2023-11,region-zhejiang,OBSERVED_IN,观测空间范围,,,,
rel-004374,obs-makeup-workdays-2023-11,period-2023-11,AT_TIME,观测统计期,,,,
rel-004375,obs-makeup-workdays-2023-11,source-holiday-docx,FROM_SOURCE,数据来源,,,,
rel-004376,obs-workdays-2023-12,feature-workdays,MEASURES,观测对应指标,,,,
rel-004377,obs-workdays-2023-12,region-zhejiang,OBSERVED_IN,观测空间范围,,,,
rel-004378,obs-workdays-2023-12,period-2023-12,AT_TIME,观测统计期,,,,
rel-004379,obs-workdays-2023-12,source-holiday-docx,FROM_SOURCE,数据来源,,,,
rel-004380,obs-nonworkdays-2023-12,feature-nonworkdays,MEASURES,观测对应指标,,,,
rel-004381,obs-nonworkdays-2023-12,region-zhejiang,OBSERVED_IN,观测空间范围,,,,
rel-004382,obs-nonworkdays-2023-12,period-2023-12,AT_TIME,观测统计期,,,,
rel-004383,obs-nonworkdays-2023-12,source-holiday-docx,FROM_SOURCE,数据来源,,,,
rel-004384,obs-holiday-days-2023-12,feature-holiday-days,MEASURES,观测对应指标,,,,
rel-004385,obs-holiday-days-2023-12,region-zhejiang,OBSERVED_IN,观测空间范围,,,,
rel-004386,obs-holiday-days-2023-12,period-2023-12,AT_TIME,观测统计期,,,,
rel-004387,obs-holiday-days-2023-12,source-holiday-docx,FROM_SOURCE,数据来源,,,,
rel-004388,obs-makeup-workdays-2023-12,feature-makeup-workdays,MEASURES,观测对应指标,,,,
rel-004389,obs-makeup-workdays-2023-12,region-zhejiang,OBSERVED_IN,观测空间范围,,,,
rel-004390,obs-makeup-workdays-2023-12,period-2023-12,AT_TIME,观测统计期,,,,
rel-004391,obs-makeup-workdays-2023-12,source-holiday-docx,FROM_SOURCE,数据来源,,,,
rel-004392,obs-workdays-2024-01,feature-workdays,MEASURES,观测对应指标,,,,
rel-004393,obs-workdays-2024-01,region-zhejiang,OBSERVED_IN,观测空间范围,,,,
rel-004394,obs-workdays-2024-01,period-2024-01,AT_TIME,观测统计期,,,,
rel-004395,obs-workdays-2024-01,source-holiday-docx,FROM_SOURCE,数据来源,,,,
rel-004396,obs-nonworkdays-2024-01,feature-nonworkdays,MEASURES,观测对应指标,,,,
rel-004397,obs-nonworkdays-2024-01,region-zhejiang,OBSERVED_IN,观测空间范围,,,,
rel-004398,obs-nonworkdays-2024-01,period-2024-01,AT_TIME,观测统计期,,,,
rel-004399,obs-nonworkdays-2024-01,source-holiday-docx,FROM_SOURCE,数据来源,,,,
rel-004400,obs-holiday-days-2024-01,feature-holiday-days,MEASURES,观测对应指标,,,,
rel-004401,obs-holiday-days-2024-01,region-zhejiang,OBSERVED_IN,观测空间范围,,,,
rel-004402,obs-holiday-days-2024-01,period-2024-01,AT_TIME,观测统计期,,,,
rel-004403,obs-holiday-days-2024-01,source-holiday-docx,FROM_SOURCE,数据来源,,,,
rel-004404,obs-makeup-workdays-2024-01,feature-makeup-workdays,MEASURES,观测对应指标,,,,
rel-004405,obs-makeup-workdays-2024-01,region-zhejiang,OBSERVED_IN,观测空间范围,,,,
rel-004406,obs-makeup-workdays-2024-01,period-2024-01,AT_TIME,观测统计期,,,,
rel-004407,obs-makeup-workdays-2024-01,source-holiday-docx,FROM_SOURCE,数据来源,,,,
rel-004408,obs-workdays-2024-02,feature-workdays,MEASURES,观测对应指标,,,,
rel-004409,obs-workdays-2024-02,region-zhejiang,OBSERVED_IN,观测空间范围,,,,
rel-004410,obs-workdays-2024-02,period-2024-02,AT_TIME,观测统计期,,,,
rel-004411,obs-workdays-2024-02,source-holiday-docx,FROM_SOURCE,数据来源,,,,
rel-004412,obs-nonworkdays-2024-02,feature-nonworkdays,MEASURES,观测对应指标,,,,
rel-004413,obs-nonworkdays-2024-02,region-zhejiang,OBSERVED_IN,观测空间范围,,,,
rel-004414,obs-nonworkdays-2024-02,period-2024-02,AT_TIME,观测统计期,,,,
rel-004415,obs-nonworkdays-2024-02,source-holiday-docx,FROM_SOURCE,数据来源,,,,
rel-004416,obs-holiday-days-2024-02,feature-holiday-days,MEASURES,观测对应指标,,,,
rel-004417,obs-holiday-days-2024-02,region-zhejiang,OBSERVED_IN,观测空间范围,,,,
rel-004418,obs-holiday-days-2024-02,period-2024-02,AT_TIME,观测统计期,,,,
rel-004419,obs-holiday-days-2024-02,source-holiday-docx,FROM_SOURCE,数据来源,,,,
rel-004420,obs-makeup-workdays-2024-02,feature-makeup-workdays,MEASURES,观测对应指标,,,,
rel-004421,obs-makeup-workdays-2024-02,region-zhejiang,OBSERVED_IN,观测空间范围,,,,
rel-004422,obs-makeup-workdays-2024-02,period-2024-02,AT_TIME,观测统计期,,,,
rel-004423,obs-makeup-workdays-2024-02,source-holiday-docx,FROM_SOURCE,数据来源,,,,
rel-004424,obs-workdays-2024-03,feature-workdays,MEASURES,观测对应指标,,,,
rel-004425,obs-workdays-2024-03,region-zhejiang,OBSERVED_IN,观测空间范围,,,,
rel-004426,obs-workdays-2024-03,period-2024-03,AT_TIME,观测统计期,,,,
rel-004427,obs-workdays-2024-03,source-holiday-docx,FROM_SOURCE,数据来源,,,,
rel-004428,obs-nonworkdays-2024-03,feature-nonworkdays,MEASURES,观测对应指标,,,,
rel-004429,obs-nonworkdays-2024-03,region-zhejiang,OBSERVED_IN,观测空间范围,,,,
rel-004430,obs-nonworkdays-2024-03,period-2024-03,AT_TIME,观测统计期,,,,
rel-004431,obs-nonworkdays-2024-03,source-holiday-docx,FROM_SOURCE,数据来源,,,,
rel-004432,obs-holiday-days-2024-03,feature-holiday-days,MEASURES,观测对应指标,,,,
rel-004433,obs-holiday-days-2024-03,region-zhejiang,OBSERVED_IN,观测空间范围,,,,
rel-004434,obs-holiday-days-2024-03,period-2024-03,AT_TIME,观测统计期,,,,
rel-004435,obs-holiday-days-2024-03,source-holiday-docx,FROM_SOURCE,数据来源,,,,
rel-004436,obs-makeup-workdays-2024-03,feature-makeup-workdays,MEASURES,观测对应指标,,,,
rel-004437,obs-makeup-workdays-2024-03,region-zhejiang,OBSERVED_IN,观测空间范围,,,,
rel-004438,obs-makeup-workdays-2024-03,period-2024-03,AT_TIME,观测统计期,,,,
rel-004439,obs-makeup-workdays-2024-03,source-holiday-docx,FROM_SOURCE,数据来源,,,,
rel-004440,obs-workdays-2024-04,feature-workdays,MEASURES,观测对应指标,,,,
rel-004441,obs-workdays-2024-04,region-zhejiang,OBSERVED_IN,观测空间范围,,,,
rel-004442,obs-workdays-2024-04,period-2024-04,AT_TIME,观测统计期,,,,
rel-004443,obs-workdays-2024-04,source-holiday-docx,FROM_SOURCE,数据来源,,,,
rel-004444,obs-nonworkdays-2024-04,feature-nonworkdays,MEASURES,观测对应指标,,,,
rel-004445,obs-nonworkdays-2024-04,region-zhejiang,OBSERVED_IN,观测空间范围,,,,
rel-004446,obs-nonworkdays-2024-04,period-2024-04,AT_TIME,观测统计期,,,,
rel-004447,obs-nonworkdays-2024-04,source-holiday-docx,FROM_SOURCE,数据来源,,,,
rel-004448,obs-holiday-days-2024-04,feature-holiday-days,MEASURES,观测对应指标,,,,
rel-004449,obs-holiday-days-2024-04,region-zhejiang,OBSERVED_IN,观测空间范围,,,,
rel-004450,obs-holiday-days-2024-04,period-2024-04,AT_TIME,观测统计期,,,,
rel-004451,obs-holiday-days-2024-04,source-holiday-docx,FROM_SOURCE,数据来源,,,,
rel-004452,obs-makeup-workdays-2024-04,feature-makeup-workdays,MEASURES,观测对应指标,,,,
rel-004453,obs-makeup-workdays-2024-04,region-zhejiang,OBSERVED_IN,观测空间范围,,,,
rel-004454,obs-makeup-workdays-2024-04,period-2024-04,AT_TIME,观测统计期,,,,
rel-004455,obs-makeup-workdays-2024-04,source-holiday-docx,FROM_SOURCE,数据来源,,,,
rel-004456,obs-workdays-2024-05,feature-workdays,MEASURES,观测对应指标,,,,
rel-004457,obs-workdays-2024-05,region-zhejiang,OBSERVED_IN,观测空间范围,,,,
rel-004458,obs-workdays-2024-05,period-2024-05,AT_TIME,观测统计期,,,,
rel-004459,obs-workdays-2024-05,source-holiday-docx,FROM_SOURCE,数据来源,,,,
rel-004460,obs-nonworkdays-2024-05,feature-nonworkdays,MEASURES,观测对应指标,,,,
rel-004461,obs-nonworkdays-2024-05,region-zhejiang,OBSERVED_IN,观测空间范围,,,,
rel-004462,obs-nonworkdays-2024-05,period-2024-05,AT_TIME,观测统计期,,,,
rel-004463,obs-nonworkdays-2024-05,source-holiday-docx,FROM_SOURCE,数据来源,,,,
rel-004464,obs-holiday-days-2024-05,feature-holiday-days,MEASURES,观测对应指标,,,,
rel-004465,obs-holiday-days-2024-05,region-zhejiang,OBSERVED_IN,观测空间范围,,,,
rel-004466,obs-holiday-days-2024-05,period-2024-05,AT_TIME,观测统计期,,,,
rel-004467,obs-holiday-days-2024-05,source-holiday-docx,FROM_SOURCE,数据来源,,,,
rel-004468,obs-makeup-workdays-2024-05,feature-makeup-workdays,MEASURES,观测对应指标,,,,
rel-004469,obs-makeup-workdays-2024-05,region-zhejiang,OBSERVED_IN,观测空间范围,,,,
rel-004470,obs-makeup-workdays-2024-05,period-2024-05,AT_TIME,观测统计期,,,,
rel-004471,obs-makeup-workdays-2024-05,source-holiday-docx,FROM_SOURCE,数据来源,,,,
rel-004472,obs-workdays-2024-06,feature-workdays,MEASURES,观测对应指标,,,,
rel-004473,obs-workdays-2024-06,region-zhejiang,OBSERVED_IN,观测空间范围,,,,
rel-004474,obs-workdays-2024-06,period-2024-06,AT_TIME,观测统计期,,,,
rel-004475,obs-workdays-2024-06,source-holiday-docx,FROM_SOURCE,数据来源,,,,
rel-004476,obs-nonworkdays-2024-06,feature-nonworkdays,MEASURES,观测对应指标,,,,
rel-004477,obs-nonworkdays-2024-06,region-zhejiang,OBSERVED_IN,观测空间范围,,,,
rel-004478,obs-nonworkdays-2024-06,period-2024-06,AT_TIME,观测统计期,,,,
rel-004479,obs-nonworkdays-2024-06,source-holiday-docx,FROM_SOURCE,数据来源,,,,
rel-004480,obs-holiday-days-2024-06,feature-holiday-days,MEASURES,观测对应指标,,,,
rel-004481,obs-holiday-days-2024-06,region-zhejiang,OBSERVED_IN,观测空间范围,,,,
rel-004482,obs-holiday-days-2024-06,period-2024-06,AT_TIME,观测统计期,,,,
rel-004483,obs-holiday-days-2024-06,source-holiday-docx,FROM_SOURCE,数据来源,,,,
rel-004484,obs-makeup-workdays-2024-06,feature-makeup-workdays,MEASURES,观测对应指标,,,,
rel-004485,obs-makeup-workdays-2024-06,region-zhejiang,OBSERVED_IN,观测空间范围,,,,
rel-004486,obs-makeup-workdays-2024-06,period-2024-06,AT_TIME,观测统计期,,,,
rel-004487,obs-makeup-workdays-2024-06,source-holiday-docx,FROM_SOURCE,数据来源,,,,
rel-004488,obs-workdays-2024-07,feature-workdays,MEASURES,观测对应指标,,,,
rel-004489,obs-workdays-2024-07,region-zhejiang,OBSERVED_IN,观测空间范围,,,,
rel-004490,obs-workdays-2024-07,period-2024-07,AT_TIME,观测统计期,,,,
rel-004491,obs-workdays-2024-07,source-holiday-docx,FROM_SOURCE,数据来源,,,,
rel-004492,obs-nonworkdays-2024-07,feature-nonworkdays,MEASURES,观测对应指标,,,,
rel-004493,obs-nonworkdays-2024-07,region-zhejiang,OBSERVED_IN,观测空间范围,,,,
rel-004494,obs-nonworkdays-2024-07,period-2024-07,AT_TIME,观测统计期,,,,
rel-004495,obs-nonworkdays-2024-07,source-holiday-docx,FROM_SOURCE,数据来源,,,,
rel-004496,obs-holiday-days-2024-07,feature-holiday-days,MEASURES,观测对应指标,,,,
rel-004497,obs-holiday-days-2024-07,region-zhejiang,OBSERVED_IN,观测空间范围,,,,
rel-004498,obs-holiday-days-2024-07,period-2024-07,AT_TIME,观测统计期,,,,
rel-004499,obs-holiday-days-2024-07,source-holiday-docx,FROM_SOURCE,数据来源,,,,
rel-004500,obs-makeup-workdays-2024-07,feature-makeup-workdays,MEASURES,观测对应指标,,,,
rel-004501,obs-makeup-workdays-2024-07,region-zhejiang,OBSERVED_IN,观测空间范围,,,,
rel-004502,obs-makeup-workdays-2024-07,period-2024-07,AT_TIME,观测统计期,,,,
rel-004503,obs-makeup-workdays-2024-07,source-holiday-docx,FROM_SOURCE,数据来源,,,,
rel-004504,obs-workdays-2024-08,feature-workdays,MEASURES,观测对应指标,,,,
rel-004505,obs-workdays-2024-08,region-zhejiang,OBSERVED_IN,观测空间范围,,,,
rel-004506,obs-workdays-2024-08,period-2024-08,AT_TIME,观测统计期,,,,
rel-004507,obs-workdays-2024-08,source-holiday-docx,FROM_SOURCE,数据来源,,,,
rel-004508,obs-nonworkdays-2024-08,feature-nonworkdays,MEASURES,观测对应指标,,,,
rel-004509,obs-nonworkdays-2024-08,region-zhejiang,OBSERVED_IN,观测空间范围,,,,
rel-004510,obs-nonworkdays-2024-08,period-2024-08,AT_TIME,观测统计期,,,,
rel-004511,obs-nonworkdays-2024-08,source-holiday-docx,FROM_SOURCE,数据来源,,,,
rel-004512,obs-holiday-days-2024-08,feature-holiday-days,MEASURES,观测对应指标,,,,
rel-004513,obs-holiday-days-2024-08,region-zhejiang,OBSERVED_IN,观测空间范围,,,,
rel-004514,obs-holiday-days-2024-08,period-2024-08,AT_TIME,观测统计期,,,,
rel-004515,obs-holiday-days-2024-08,source-holiday-docx,FROM_SOURCE,数据来源,,,,
rel-004516,obs-makeup-workdays-2024-08,feature-makeup-workdays,MEASURES,观测对应指标,,,,
rel-004517,obs-makeup-workdays-2024-08,region-zhejiang,OBSERVED_IN,观测空间范围,,,,
rel-004518,obs-makeup-workdays-2024-08,period-2024-08,AT_TIME,观测统计期,,,,
rel-004519,obs-makeup-workdays-2024-08,source-holiday-docx,FROM_SOURCE,数据来源,,,,
rel-004520,obs-workdays-2024-09,feature-workdays,MEASURES,观测对应指标,,,,
rel-004521,obs-workdays-2024-09,region-zhejiang,OBSERVED_IN,观测空间范围,,,,
rel-004522,obs-workdays-2024-09,period-2024-09,AT_TIME,观测统计期,,,,
rel-004523,obs-workdays-2024-09,source-holiday-docx,FROM_SOURCE,数据来源,,,,
rel-004524,obs-nonworkdays-2024-09,feature-nonworkdays,MEASURES,观测对应指标,,,,
rel-004525,obs-nonworkdays-2024-09,region-zhejiang,OBSERVED_IN,观测空间范围,,,,
rel-004526,obs-nonworkdays-2024-09,period-2024-09,AT_TIME,观测统计期,,,,
rel-004527,obs-nonworkdays-2024-09,source-holiday-docx,FROM_SOURCE,数据来源,,,,
rel-004528,obs-holiday-days-2024-09,feature-holiday-days,MEASURES,观测对应指标,,,,
rel-004529,obs-holiday-days-2024-09,region-zhejiang,OBSERVED_IN,观测空间范围,,,,
rel-004530,obs-holiday-days-2024-09,period-2024-09,AT_TIME,观测统计期,,,,
rel-004531,obs-holiday-days-2024-09,source-holiday-docx,FROM_SOURCE,数据来源,,,,
rel-004532,obs-makeup-workdays-2024-09,feature-makeup-workdays,MEASURES,观测对应指标,,,,
rel-004533,obs-makeup-workdays-2024-09,region-zhejiang,OBSERVED_IN,观测空间范围,,,,
rel-004534,obs-makeup-workdays-2024-09,period-2024-09,AT_TIME,观测统计期,,,,
rel-004535,obs-makeup-workdays-2024-09,source-holiday-docx,FROM_SOURCE,数据来源,,,,
rel-004536,obs-workdays-2024-10,feature-workdays,MEASURES,观测对应指标,,,,
rel-004537,obs-workdays-2024-10,region-zhejiang,OBSERVED_IN,观测空间范围,,,,
rel-004538,obs-workdays-2024-10,period-2024-10,AT_TIME,观测统计期,,,,
rel-004539,obs-workdays-2024-10,source-holiday-docx,FROM_SOURCE,数据来源,,,,
rel-004540,obs-nonworkdays-2024-10,feature-nonworkdays,MEASURES,观测对应指标,,,,
rel-004541,obs-nonworkdays-2024-10,region-zhejiang,OBSERVED_IN,观测空间范围,,,,
rel-004542,obs-nonworkdays-2024-10,period-2024-10,AT_TIME,观测统计期,,,,
rel-004543,obs-nonworkdays-2024-10,source-holiday-docx,FROM_SOURCE,数据来源,,,,
rel-004544,obs-holiday-days-2024-10,feature-holiday-days,MEASURES,观测对应指标,,,,
rel-004545,obs-holiday-days-2024-10,region-zhejiang,OBSERVED_IN,观测空间范围,,,,
rel-004546,obs-holiday-days-2024-10,period-2024-10,AT_TIME,观测统计期,,,,
rel-004547,obs-holiday-days-2024-10,source-holiday-docx,FROM_SOURCE,数据来源,,,,
rel-004548,obs-makeup-workdays-2024-10,feature-makeup-workdays,MEASURES,观测对应指标,,,,
rel-004549,obs-makeup-workdays-2024-10,region-zhejiang,OBSERVED_IN,观测空间范围,,,,
rel-004550,obs-makeup-workdays-2024-10,period-2024-10,AT_TIME,观测统计期,,,,
rel-004551,obs-makeup-workdays-2024-10,source-holiday-docx,FROM_SOURCE,数据来源,,,,
rel-004552,obs-workdays-2024-11,feature-workdays,MEASURES,观测对应指标,,,,
rel-004553,obs-workdays-2024-11,region-zhejiang,OBSERVED_IN,观测空间范围,,,,
rel-004554,obs-workdays-2024-11,period-2024-11,AT_TIME,观测统计期,,,,
rel-004555,obs-workdays-2024-11,source-holiday-docx,FROM_SOURCE,数据来源,,,,
rel-004556,obs-nonworkdays-2024-11,feature-nonworkdays,MEASURES,观测对应指标,,,,
rel-004557,obs-nonworkdays-2024-11,region-zhejiang,OBSERVED_IN,观测空间范围,,,,
rel-004558,obs-nonworkdays-2024-11,period-2024-11,AT_TIME,观测统计期,,,,
rel-004559,obs-nonworkdays-2024-11,source-holiday-docx,FROM_SOURCE,数据来源,,,,
rel-004560,obs-holiday-days-2024-11,feature-holiday-days,MEASURES,观测对应指标,,,,
rel-004561,obs-holiday-days-2024-11,region-zhejiang,OBSERVED_IN,观测空间范围,,,,
rel-004562,obs-holiday-days-2024-11,period-2024-11,AT_TIME,观测统计期,,,,
rel-004563,obs-holiday-days-2024-11,source-holiday-docx,FROM_SOURCE,数据来源,,,,
rel-004564,obs-makeup-workdays-2024-11,feature-makeup-workdays,MEASURES,观测对应指标,,,,
rel-004565,obs-makeup-workdays-2024-11,region-zhejiang,OBSERVED_IN,观测空间范围,,,,
rel-004566,obs-makeup-workdays-2024-11,period-2024-11,AT_TIME,观测统计期,,,,
rel-004567,obs-makeup-workdays-2024-11,source-holiday-docx,FROM_SOURCE,数据来源,,,,
rel-004568,obs-workdays-2024-12,feature-workdays,MEASURES,观测对应指标,,,,
rel-004569,obs-workdays-2024-12,region-zhejiang,OBSERVED_IN,观测空间范围,,,,
rel-004570,obs-workdays-2024-12,period-2024-12,AT_TIME,观测统计期,,,,
rel-004571,obs-workdays-2024-12,source-holiday-docx,FROM_SOURCE,数据来源,,,,
rel-004572,obs-nonworkdays-2024-12,feature-nonworkdays,MEASURES,观测对应指标,,,,
rel-004573,obs-nonworkdays-2024-12,region-zhejiang,OBSERVED_IN,观测空间范围,,,,
rel-004574,obs-nonworkdays-2024-12,period-2024-12,AT_TIME,观测统计期,,,,
rel-004575,obs-nonworkdays-2024-12,source-holiday-docx,FROM_SOURCE,数据来源,,,,
rel-004576,obs-holiday-days-2024-12,feature-holiday-days,MEASURES,观测对应指标,,,,
rel-004577,obs-holiday-days-2024-12,region-zhejiang,OBSERVED_IN,观测空间范围,,,,
rel-004578,obs-holiday-days-2024-12,period-2024-12,AT_TIME,观测统计期,,,,
rel-004579,obs-holiday-days-2024-12,source-holiday-docx,FROM_SOURCE,数据来源,,,,
rel-004580,obs-makeup-workdays-2024-12,feature-makeup-workdays,MEASURES,观测对应指标,,,,
rel-004581,obs-makeup-workdays-2024-12,region-zhejiang,OBSERVED_IN,观测空间范围,,,,
rel-004582,obs-makeup-workdays-2024-12,period-2024-12,AT_TIME,观测统计期,,,,
rel-004583,obs-makeup-workdays-2024-12,source-holiday-docx,FROM_SOURCE,数据来源,,,,
rel-004584,obs-workdays-2025-01,feature-workdays,MEASURES,观测对应指标,,,,
rel-004585,obs-workdays-2025-01,region-zhejiang,OBSERVED_IN,观测空间范围,,,,
rel-004586,obs-workdays-2025-01,period-2025-01,AT_TIME,观测统计期,,,,
rel-004587,obs-workdays-2025-01,source-holiday-docx,FROM_SOURCE,数据来源,,,,
rel-004588,obs-nonworkdays-2025-01,feature-nonworkdays,MEASURES,观测对应指标,,,,
rel-004589,obs-nonworkdays-2025-01,region-zhejiang,OBSERVED_IN,观测空间范围,,,,
rel-004590,obs-nonworkdays-2025-01,period-2025-01,AT_TIME,观测统计期,,,,
rel-004591,obs-nonworkdays-2025-01,source-holiday-docx,FROM_SOURCE,数据来源,,,,
rel-004592,obs-holiday-days-2025-01,feature-holiday-days,MEASURES,观测对应指标,,,,
rel-004593,obs-holiday-days-2025-01,region-zhejiang,OBSERVED_IN,观测空间范围,,,,
rel-004594,obs-holiday-days-2025-01,period-2025-01,AT_TIME,观测统计期,,,,
rel-004595,obs-holiday-days-2025-01,source-holiday-docx,FROM_SOURCE,数据来源,,,,
rel-004596,obs-makeup-workdays-2025-01,feature-makeup-workdays,MEASURES,观测对应指标,,,,
rel-004597,obs-makeup-workdays-2025-01,region-zhejiang,OBSERVED_IN,观测空间范围,,,,
rel-004598,obs-makeup-workdays-2025-01,period-2025-01,AT_TIME,观测统计期,,,,
rel-004599,obs-makeup-workdays-2025-01,source-holiday-docx,FROM_SOURCE,数据来源,,,,
rel-004600,obs-workdays-2025-02,feature-workdays,MEASURES,观测对应指标,,,,
rel-004601,obs-workdays-2025-02,region-zhejiang,OBSERVED_IN,观测空间范围,,,,
rel-004602,obs-workdays-2025-02,period-2025-02,AT_TIME,观测统计期,,,,
rel-004603,obs-workdays-2025-02,source-holiday-docx,FROM_SOURCE,数据来源,,,,
rel-004604,obs-nonworkdays-2025-02,feature-nonworkdays,MEASURES,观测对应指标,,,,
rel-004605,obs-nonworkdays-2025-02,region-zhejiang,OBSERVED_IN,观测空间范围,,,,
rel-004606,obs-nonworkdays-2025-02,period-2025-02,AT_TIME,观测统计期,,,,
rel-004607,obs-nonworkdays-2025-02,source-holiday-docx,FROM_SOURCE,数据来源,,,,
rel-004608,obs-holiday-days-2025-02,feature-holiday-days,MEASURES,观测对应指标,,,,
rel-004609,obs-holiday-days-2025-02,region-zhejiang,OBSERVED_IN,观测空间范围,,,,
rel-004610,obs-holiday-days-2025-02,period-2025-02,AT_TIME,观测统计期,,,,
rel-004611,obs-holiday-days-2025-02,source-holiday-docx,FROM_SOURCE,数据来源,,,,
rel-004612,obs-makeup-workdays-2025-02,feature-makeup-workdays,MEASURES,观测对应指标,,,,
rel-004613,obs-makeup-workdays-2025-02,region-zhejiang,OBSERVED_IN,观测空间范围,,,,
rel-004614,obs-makeup-workdays-2025-02,period-2025-02,AT_TIME,观测统计期,,,,
rel-004615,obs-makeup-workdays-2025-02,source-holiday-docx,FROM_SOURCE,数据来源,,,,
rel-004616,obs-workdays-2025-03,feature-workdays,MEASURES,观测对应指标,,,,
rel-004617,obs-workdays-2025-03,region-zhejiang,OBSERVED_IN,观测空间范围,,,,
rel-004618,obs-workdays-2025-03,period-2025-03,AT_TIME,观测统计期,,,,
rel-004619,obs-workdays-2025-03,source-holiday-docx,FROM_SOURCE,数据来源,,,,
rel-004620,obs-nonworkdays-2025-03,feature-nonworkdays,MEASURES,观测对应指标,,,,
rel-004621,obs-nonworkdays-2025-03,region-zhejiang,OBSERVED_IN,观测空间范围,,,,
rel-004622,obs-nonworkdays-2025-03,period-2025-03,AT_TIME,观测统计期,,,,
rel-004623,obs-nonworkdays-2025-03,source-holiday-docx,FROM_SOURCE,数据来源,,,,
rel-004624,obs-holiday-days-2025-03,feature-holiday-days,MEASURES,观测对应指标,,,,
rel-004625,obs-holiday-days-2025-03,region-zhejiang,OBSERVED_IN,观测空间范围,,,,
rel-004626,obs-holiday-days-2025-03,period-2025-03,AT_TIME,观测统计期,,,,
rel-004627,obs-holiday-days-2025-03,source-holiday-docx,FROM_SOURCE,数据来源,,,,
rel-004628,obs-makeup-workdays-2025-03,feature-makeup-workdays,MEASURES,观测对应指标,,,,
rel-004629,obs-makeup-workdays-2025-03,region-zhejiang,OBSERVED_IN,观测空间范围,,,,
rel-004630,obs-makeup-workdays-2025-03,period-2025-03,AT_TIME,观测统计期,,,,
rel-004631,obs-makeup-workdays-2025-03,source-holiday-docx,FROM_SOURCE,数据来源,,,,
rel-004632,obs-workdays-2025-04,feature-workdays,MEASURES,观测对应指标,,,,
rel-004633,obs-workdays-2025-04,region-zhejiang,OBSERVED_IN,观测空间范围,,,,
rel-004634,obs-workdays-2025-04,period-2025-04,AT_TIME,观测统计期,,,,
rel-004635,obs-workdays-2025-04,source-holiday-docx,FROM_SOURCE,数据来源,,,,
rel-004636,obs-nonworkdays-2025-04,feature-nonworkdays,MEASURES,观测对应指标,,,,
rel-004637,obs-nonworkdays-2025-04,region-zhejiang,OBSERVED_IN,观测空间范围,,,,
rel-004638,obs-nonworkdays-2025-04,period-2025-04,AT_TIME,观测统计期,,,,
rel-004639,obs-nonworkdays-2025-04,source-holiday-docx,FROM_SOURCE,数据来源,,,,
rel-004640,obs-holiday-days-2025-04,feature-holiday-days,MEASURES,观测对应指标,,,,
rel-004641,obs-holiday-days-2025-04,region-zhejiang,OBSERVED_IN,观测空间范围,,,,
rel-004642,obs-holiday-days-2025-04,period-2025-04,AT_TIME,观测统计期,,,,
rel-004643,obs-holiday-days-2025-04,source-holiday-docx,FROM_SOURCE,数据来源,,,,
rel-004644,obs-makeup-workdays-2025-04,feature-makeup-workdays,MEASURES,观测对应指标,,,,
rel-004645,obs-makeup-workdays-2025-04,region-zhejiang,OBSERVED_IN,观测空间范围,,,,
rel-004646,obs-makeup-workdays-2025-04,period-2025-04,AT_TIME,观测统计期,,,,
rel-004647,obs-makeup-workdays-2025-04,source-holiday-docx,FROM_SOURCE,数据来源,,,,
rel-004648,obs-workdays-2025-05,feature-workdays,MEASURES,观测对应指标,,,,
rel-004649,obs-workdays-2025-05,region-zhejiang,OBSERVED_IN,观测空间范围,,,,
rel-004650,obs-workdays-2025-05,period-2025-05,AT_TIME,观测统计期,,,,
rel-004651,obs-workdays-2025-05,source-holiday-docx,FROM_SOURCE,数据来源,,,,
rel-004652,obs-nonworkdays-2025-05,feature-nonworkdays,MEASURES,观测对应指标,,,,
rel-004653,obs-nonworkdays-2025-05,region-zhejiang,OBSERVED_IN,观测空间范围,,,,
rel-004654,obs-nonworkdays-2025-05,period-2025-05,AT_TIME,观测统计期,,,,
rel-004655,obs-nonworkdays-2025-05,source-holiday-docx,FROM_SOURCE,数据来源,,,,
rel-004656,obs-holiday-days-2025-05,feature-holiday-days,MEASURES,观测对应指标,,,,
rel-004657,obs-holiday-days-2025-05,region-zhejiang,OBSERVED_IN,观测空间范围,,,,
rel-004658,obs-holiday-days-2025-05,period-2025-05,AT_TIME,观测统计期,,,,
rel-004659,obs-holiday-days-2025-05,source-holiday-docx,FROM_SOURCE,数据来源,,,,
rel-004660,obs-makeup-workdays-2025-05,feature-makeup-workdays,MEASURES,观测对应指标,,,,
rel-004661,obs-makeup-workdays-2025-05,region-zhejiang,OBSERVED_IN,观测空间范围,,,,
rel-004662,obs-makeup-workdays-2025-05,period-2025-05,AT_TIME,观测统计期,,,,
rel-004663,obs-makeup-workdays-2025-05,source-holiday-docx,FROM_SOURCE,数据来源,,,,
rel-004664,obs-workdays-2025-06,feature-workdays,MEASURES,观测对应指标,,,,
rel-004665,obs-workdays-2025-06,region-zhejiang,OBSERVED_IN,观测空间范围,,,,
rel-004666,obs-workdays-2025-06,period-2025-06,AT_TIME,观测统计期,,,,
rel-004667,obs-workdays-2025-06,source-holiday-docx,FROM_SOURCE,数据来源,,,,
rel-004668,obs-nonworkdays-2025-06,feature-nonworkdays,MEASURES,观测对应指标,,,,
rel-004669,obs-nonworkdays-2025-06,region-zhejiang,OBSERVED_IN,观测空间范围,,,,
rel-004670,obs-nonworkdays-2025-06,period-2025-06,AT_TIME,观测统计期,,,,
rel-004671,obs-nonworkdays-2025-06,source-holiday-docx,FROM_SOURCE,数据来源,,,,
rel-004672,obs-holiday-days-2025-06,feature-holiday-days,MEASURES,观测对应指标,,,,
rel-004673,obs-holiday-days-2025-06,region-zhejiang,OBSERVED_IN,观测空间范围,,,,
rel-004674,obs-holiday-days-2025-06,period-2025-06,AT_TIME,观测统计期,,,,
rel-004675,obs-holiday-days-2025-06,source-holiday-docx,FROM_SOURCE,数据来源,,,,
rel-004676,obs-makeup-workdays-2025-06,feature-makeup-workdays,MEASURES,观测对应指标,,,,
rel-004677,obs-makeup-workdays-2025-06,region-zhejiang,OBSERVED_IN,观测空间范围,,,,
rel-004678,obs-makeup-workdays-2025-06,period-2025-06,AT_TIME,观测统计期,,,,
rel-004679,obs-makeup-workdays-2025-06,source-holiday-docx,FROM_SOURCE,数据来源,,,,
rel-004680,obs-workdays-2025-07,feature-workdays,MEASURES,观测对应指标,,,,
rel-004681,obs-workdays-2025-07,region-zhejiang,OBSERVED_IN,观测空间范围,,,,
rel-004682,obs-workdays-2025-07,period-2025-07,AT_TIME,观测统计期,,,,
rel-004683,obs-workdays-2025-07,source-holiday-docx,FROM_SOURCE,数据来源,,,,
rel-004684,obs-nonworkdays-2025-07,feature-nonworkdays,MEASURES,观测对应指标,,,,
rel-004685,obs-nonworkdays-2025-07,region-zhejiang,OBSERVED_IN,观测空间范围,,,,
rel-004686,obs-nonworkdays-2025-07,period-2025-07,AT_TIME,观测统计期,,,,
rel-004687,obs-nonworkdays-2025-07,source-holiday-docx,FROM_SOURCE,数据来源,,,,
rel-004688,obs-holiday-days-2025-07,feature-holiday-days,MEASURES,观测对应指标,,,,
rel-004689,obs-holiday-days-2025-07,region-zhejiang,OBSERVED_IN,观测空间范围,,,,
rel-004690,obs-holiday-days-2025-07,period-2025-07,AT_TIME,观测统计期,,,,
rel-004691,obs-holiday-days-2025-07,source-holiday-docx,FROM_SOURCE,数据来源,,,,
rel-004692,obs-makeup-workdays-2025-07,feature-makeup-workdays,MEASURES,观测对应指标,,,,
rel-004693,obs-makeup-workdays-2025-07,region-zhejiang,OBSERVED_IN,观测空间范围,,,,
rel-004694,obs-makeup-workdays-2025-07,period-2025-07,AT_TIME,观测统计期,,,,
rel-004695,obs-makeup-workdays-2025-07,source-holiday-docx,FROM_SOURCE,数据来源,,,,
rel-004696,obs-workdays-2025-08,feature-workdays,MEASURES,观测对应指标,,,,
rel-004697,obs-workdays-2025-08,region-zhejiang,OBSERVED_IN,观测空间范围,,,,
rel-004698,obs-workdays-2025-08,period-2025-08,AT_TIME,观测统计期,,,,
rel-004699,obs-workdays-2025-08,source-holiday-docx,FROM_SOURCE,数据来源,,,,
rel-004700,obs-nonworkdays-2025-08,feature-nonworkdays,MEASURES,观测对应指标,,,,
rel-004701,obs-nonworkdays-2025-08,region-zhejiang,OBSERVED_IN,观测空间范围,,,,
rel-004702,obs-nonworkdays-2025-08,period-2025-08,AT_TIME,观测统计期,,,,
rel-004703,obs-nonworkdays-2025-08,source-holiday-docx,FROM_SOURCE,数据来源,,,,
rel-004704,obs-holiday-days-2025-08,feature-holiday-days,MEASURES,观测对应指标,,,,
rel-004705,obs-holiday-days-2025-08,region-zhejiang,OBSERVED_IN,观测空间范围,,,,
rel-004706,obs-holiday-days-2025-08,period-2025-08,AT_TIME,观测统计期,,,,
rel-004707,obs-holiday-days-2025-08,source-holiday-docx,FROM_SOURCE,数据来源,,,,
rel-004708,obs-makeup-workdays-2025-08,feature-makeup-workdays,MEASURES,观测对应指标,,,,
rel-004709,obs-makeup-workdays-2025-08,region-zhejiang,OBSERVED_IN,观测空间范围,,,,
rel-004710,obs-makeup-workdays-2025-08,period-2025-08,AT_TIME,观测统计期,,,,
rel-004711,obs-makeup-workdays-2025-08,source-holiday-docx,FROM_SOURCE,数据来源,,,,
rel-004712,obs-workdays-2025-09,feature-workdays,MEASURES,观测对应指标,,,,
rel-004713,obs-workdays-2025-09,region-zhejiang,OBSERVED_IN,观测空间范围,,,,
rel-004714,obs-workdays-2025-09,period-2025-09,AT_TIME,观测统计期,,,,
rel-004715,obs-workdays-2025-09,source-holiday-docx,FROM_SOURCE,数据来源,,,,
rel-004716,obs-nonworkdays-2025-09,feature-nonworkdays,MEASURES,观测对应指标,,,,
rel-004717,obs-nonworkdays-2025-09,region-zhejiang,OBSERVED_IN,观测空间范围,,,,
rel-004718,obs-nonworkdays-2025-09,period-2025-09,AT_TIME,观测统计期,,,,
rel-004719,obs-nonworkdays-2025-09,source-holiday-docx,FROM_SOURCE,数据来源,,,,
rel-004720,obs-holiday-days-2025-09,feature-holiday-days,MEASURES,观测对应指标,,,,
rel-004721,obs-holiday-days-2025-09,region-zhejiang,OBSERVED_IN,观测空间范围,,,,
rel-004722,obs-holiday-days-2025-09,period-2025-09,AT_TIME,观测统计期,,,,
rel-004723,obs-holiday-days-2025-09,source-holiday-docx,FROM_SOURCE,数据来源,,,,
rel-004724,obs-makeup-workdays-2025-09,feature-makeup-workdays,MEASURES,观测对应指标,,,,
rel-004725,obs-makeup-workdays-2025-09,region-zhejiang,OBSERVED_IN,观测空间范围,,,,
rel-004726,obs-makeup-workdays-2025-09,period-2025-09,AT_TIME,观测统计期,,,,
rel-004727,obs-makeup-workdays-2025-09,source-holiday-docx,FROM_SOURCE,数据来源,,,,
rel-004728,obs-workdays-2025-10,feature-workdays,MEASURES,观测对应指标,,,,
rel-004729,obs-workdays-2025-10,region-zhejiang,OBSERVED_IN,观测空间范围,,,,
rel-004730,obs-workdays-2025-10,period-2025-10,AT_TIME,观测统计期,,,,
rel-004731,obs-workdays-2025-10,source-holiday-docx,FROM_SOURCE,数据来源,,,,
rel-004732,obs-nonworkdays-2025-10,feature-nonworkdays,MEASURES,观测对应指标,,,,
rel-004733,obs-nonworkdays-2025-10,region-zhejiang,OBSERVED_IN,观测空间范围,,,,
rel-004734,obs-nonworkdays-2025-10,period-2025-10,AT_TIME,观测统计期,,,,
rel-004735,obs-nonworkdays-2025-10,source-holiday-docx,FROM_SOURCE,数据来源,,,,
rel-004736,obs-holiday-days-2025-10,feature-holiday-days,MEASURES,观测对应指标,,,,
rel-004737,obs-holiday-days-2025-10,region-zhejiang,OBSERVED_IN,观测空间范围,,,,
rel-004738,obs-holiday-days-2025-10,period-2025-10,AT_TIME,观测统计期,,,,
rel-004739,obs-holiday-days-2025-10,source-holiday-docx,FROM_SOURCE,数据来源,,,,
rel-004740,obs-makeup-workdays-2025-10,feature-makeup-workdays,MEASURES,观测对应指标,,,,
rel-004741,obs-makeup-workdays-2025-10,region-zhejiang,OBSERVED_IN,观测空间范围,,,,
rel-004742,obs-makeup-workdays-2025-10,period-2025-10,AT_TIME,观测统计期,,,,
rel-004743,obs-makeup-workdays-2025-10,source-holiday-docx,FROM_SOURCE,数据来源,,,,
rel-004744,obs-workdays-2025-11,feature-workdays,MEASURES,观测对应指标,,,,
rel-004745,obs-workdays-2025-11,region-zhejiang,OBSERVED_IN,观测空间范围,,,,
rel-004746,obs-workdays-2025-11,period-2025-11,AT_TIME,观测统计期,,,,
rel-004747,obs-workdays-2025-11,source-holiday-docx,FROM_SOURCE,数据来源,,,,
rel-004748,obs-nonworkdays-2025-11,feature-nonworkdays,MEASURES,观测对应指标,,,,
rel-004749,obs-nonworkdays-2025-11,region-zhejiang,OBSERVED_IN,观测空间范围,,,,
rel-004750,obs-nonworkdays-2025-11,period-2025-11,AT_TIME,观测统计期,,,,
rel-004751,obs-nonworkdays-2025-11,source-holiday-docx,FROM_SOURCE,数据来源,,,,
rel-004752,obs-holiday-days-2025-11,feature-holiday-days,MEASURES,观测对应指标,,,,
rel-004753,obs-holiday-days-2025-11,region-zhejiang,OBSERVED_IN,观测空间范围,,,,
rel-004754,obs-holiday-days-2025-11,period-2025-11,AT_TIME,观测统计期,,,,
rel-004755,obs-holiday-days-2025-11,source-holiday-docx,FROM_SOURCE,数据来源,,,,
rel-004756,obs-makeup-workdays-2025-11,feature-makeup-workdays,MEASURES,观测对应指标,,,,
rel-004757,obs-makeup-workdays-2025-11,region-zhejiang,OBSERVED_IN,观测空间范围,,,,
rel-004758,obs-makeup-workdays-2025-11,period-2025-11,AT_TIME,观测统计期,,,,
rel-004759,obs-makeup-workdays-2025-11,source-holiday-docx,FROM_SOURCE,数据来源,,,,
rel-004760,obs-workdays-2025-12,feature-workdays,MEASURES,观测对应指标,,,,
rel-004761,obs-workdays-2025-12,region-zhejiang,OBSERVED_IN,观测空间范围,,,,
rel-004762,obs-workdays-2025-12,period-2025-12,AT_TIME,观测统计期,,,,
rel-004763,obs-workdays-2025-12,source-holiday-docx,FROM_SOURCE,数据来源,,,,
rel-004764,obs-nonworkdays-2025-12,feature-nonworkdays,MEASURES,观测对应指标,,,,
rel-004765,obs-nonworkdays-2025-12,region-zhejiang,OBSERVED_IN,观测空间范围,,,,
rel-004766,obs-nonworkdays-2025-12,period-2025-12,AT_TIME,观测统计期,,,,
rel-004767,obs-nonworkdays-2025-12,source-holiday-docx,FROM_SOURCE,数据来源,,,,
rel-004768,obs-holiday-days-2025-12,feature-holiday-days,MEASURES,观测对应指标,,,,
rel-004769,obs-holiday-days-2025-12,region-zhejiang,OBSERVED_IN,观测空间范围,,,,
rel-004770,obs-holiday-days-2025-12,period-2025-12,AT_TIME,观测统计期,,,,
rel-004771,obs-holiday-days-2025-12,source-holiday-docx,FROM_SOURCE,数据来源,,,,
rel-004772,obs-makeup-workdays-2025-12,feature-makeup-workdays,MEASURES,观测对应指标,,,,
rel-004773,obs-makeup-workdays-2025-12,region-zhejiang,OBSERVED_IN,观测空间范围,,,,
rel-004774,obs-makeup-workdays-2025-12,period-2025-12,AT_TIME,观测统计期,,,,
rel-004775,obs-makeup-workdays-2025-12,source-holiday-docx,FROM_SOURCE,数据来源,,,,
