date,year,quarter,period,industry,cumulative_value,value,unit,cumulative_yoy_pct,revision_risk,source_file,log_observed,trend_log,seasonal_log,resid_log,trend_level,seasonal_factor,expected_value,residual_value,residual_pct,residual_pct_points,robust_z,stl_weight,anomaly_level,statistical_outlier,endpoint_warning,stl_period,stl_seasonal,stl_robust
2000-01-01,2000,1,2000Q1,第一产业,107.22,107.22,亿元（当年价格，按累计值差分得到单季度值）,4.9,False,浙江省第一产业季度.xlsx,4.674882798399391,5.018469424788639,-0.34466376861496717,0.0010771422257187524,151.1797346679352,0.7084585194153443,107.10457098844999,0.11542901155000607,0.0010777225517522027,0.10777225517522027,0.09691935837642789,0.9991070006102043,normal,False,True,4,7,True
2000-01-01,2000,1,2000Q1,第三产业,498.34,498.34,亿元（当年价格，按累计值差分得到单季度值）,9.8,False,浙江省第三产业季度.xlsx,6.211282574993615,6.218931839685684,-0.00505880044888644,-0.002590464243182211,502.1665510595964,0.9949539737323487,499.6326054522136,-1.2926054522136496,-0.0025871118860302245,-0.25871118860302245,-0.22431076125390373,0.9940465910363402,normal,False,True,4,7,True
2000-01-01,2000,1,2000Q1,第二产业,664.56,664.56,亿元（当年价格，按累计值差分得到单季度值）,11.8,False,浙江省第二产业季度.xlsx,6.499125167530816,6.566387353754592,-0.06453551352360788,-0.002726672700167576,710.7973398175649,0.9375028196423307,666.374510273235,-1.8145102732351006,-0.0027229587045445314,-0.27229587045445314,-0.46553115861288297,0.9786823062830754,normal,False,True,4,7,True
2000-04-01,2000,2,2000Q2,第一产业,256.15,148.92999999999998,亿元（当年价格，按累计值差分得到单季度值）,4.9,False,浙江省第一产业季度.xlsx,5.003476396897776,5.026255918290975,-0.01925301442599013,-0.003526506967208576,152.36148958233343,0.9809311411127624,149.4561298376386,-0.5261298376386208,-0.0035202961444952274,-0.35202961444952274,-0.2710538380609831,0.9904068822237714,normal,False,True,4,7,True
2000-04-01,2000,2,2000Q2,第三产业,952.7,454.36000000000007,亿元（当年价格，按累计值差分得到单季度值）,10.3,False,浙江省第三产业季度.xlsx,6.118889835363221,6.258869263701618,-0.04420018127075738,-0.09577924706763952,522.6276518189851,0.9567624123862924,500.03049293411544,-45.67049293411537,-0.09133541569860415,-9.133541569860416,-8.209673999200986,0.0,high,True,True,4,7,True
2000-04-01,2000,2,2000Q2,第二产业,1400.14,735.5800000000002,亿元（当年价格，按累计值差分得到单季度值）,11.9,False,浙江省第二产业季度.xlsx,6.600659303671042,6.5975257420654385,0.002161053204186901,0.0009725084014169383,733.2786223915492,1.0021633899626459,734.8649900030538,0.7150099969463781,0.0009729814410446291,0.09729814410446291,-0.03443865710011846,0.9999753616543663,normal,False,True,4,7,True
2000-07-01,2000,3,2000Q3,第一产业,386.18,130.03000000000003,亿元（当年价格，按累计值差分得到单季度值）,5.2,False,浙江省第一产业季度.xlsx,4.867765193063229,5.033813721445233,-0.16489823399719258,-0.0011502943848116232,153.5173701858982,0.8479799952316643,130.17965883821563,-0.14965883821560055,-0.001149633049826848,-0.11496330498268481,-0.08112135130618614,0.9989813639959434,normal,False,True,4,7,True
2000-07-01,2000,3,2000Q3,第三产业,1480.43,527.73,亿元（当年价格，按累计值差分得到单季度值）,11.1,False,浙江省第三产业季度.xlsx,6.268584789278924,6.298562594098998,-0.03455574149335043,0.004577936673276106,543.789701559078,0.9660344899805745,525.3196070023129,2.410392997687154,0.004588431434040308,0.45884314340403076,0.3899507777231806,0.9814652960745393,normal,False,True,4,7,True
2000-07-01,2000,3,2000Q3,第二产业,2193.39,793.2499999999998,亿元（当年价格，按累计值差分得到单季度值）,11.8,False,浙江省第二产业季度.xlsx,6.676138430463305,6.628566213583766,0.04298740996003143,0.004584806919507578,756.3968812175439,1.0439247517135282,789.6214264219116,3.628573578088208,0.0045953332276338354,0.45953332276338354,0.38652878450675965,0.9075410816282921,normal,False,True,4,7,True
2000-10-01,2000,4,2000Q4,第一产业,650.0,263.82,亿元（当年价格，按累计值差分得到单季度值）,4.5,True,浙江省第一产业季度.xlsx,5.575267052420774,5.0411587668271975,0.5239551858346411,0.010153099758935191,154.64911350174563,1.688693555390497,261.1549613172513,2.6650386827486727,0.010204817359418916,1.0204817359418916,0.8223675765766135,0.9217833917646955,normal,False,True,4,7,True
2000-10-01,2000,4,2000Q4,第三产业,2180.0,699.5699999999999,亿元（当年价格，按累计值差分得到单季度值）,11.5,True,浙江省第三产业季度.xlsx,6.550465860578347,6.33844181773905,0.08478950566049742,0.12723453717879973,565.9138271378274,1.088487922036212,615.9903657528138,83.57963424718616,0.1356833465163727,13.56833465163727,10.90041651063661,0.0,high,True,True,4,7,True
2000-10-01,2000,4,2000Q4,第二产业,3200.0,1006.6100000000001,亿元（当年价格，按累计值差分得到单季度值）,11.8,True,浙江省第二产业季度.xlsx,6.914343528725658,6.659640488366768,0.029010858237085085,0.2256921821218043,780.270370421096,1.0294357722721243,803.2382313554978,203.37176864450237,0.253189851659954,25.3189851659954,26.15378074144688,0.0,high,True,True,4,7,True
2001-01-01,2001,1,2001Q1,第一产业,110.0,110.0,亿元（当年价格，按累计值差分得到单季度值）,2.0,False,浙江省第一产业季度.xlsx,4.700480365792417,5.048135837957135,-0.34294961698853466,-0.004705855176183604,155.73188425873025,0.7096739661710628,110.51886396118597,-0.5188639611859713,-0.004694799987884357,-0.4694799987884357,-0.36532004123649675,0.9828982243539034,normal,False,False,4,7,True
2001-01-01,2001,1,2001Q1,第三产业,555.0,555.0,亿元（当年价格，按累计值差分得到单季度值）,10.7,False,浙江省第三产业季度.xlsx,6.318968113746434,6.378575319201053,-0.007105141593308616,-0.05250206386130962,589.0878473890571,0.9929200402497391,584.9171291401746,-29.917129140174552,-0.051147637245899435,-5.1147637245899435,-4.501244536518602,0.0,medium,True,False,4,7,True
2001-01-01,2001,1,2001Q1,第二产业,747.0,747.0,亿元（当年价格，按累计值差分得到单季度值）,11.8,False,浙江省第二产业季度.xlsx,6.616065185132817,6.690566921610761,-0.0718049324516392,-0.0026968040263044557,804.7783690897983,0.9307124298968544,749.0172314239941,-2.017231423994076,-0.0026931709169881746,-0.26931709169881746,-0.46205034462218486,0.996157003629395,normal,False,False,4,7,True
2001-04-01,2001,2,2001Q2,第一产业,274.0,164.0,亿元（当年价格，按累计值差分得到单季度值）,4.0,False,浙江省第一产业季度.xlsx,5.099866427824199,5.054010930694754,-0.011270980945360677,0.05712647807480575,156.64951646865134,0.9887922985964084,154.89383546305362,9.10616453694638,0.05878971561213908,5.878971561213908,4.576985585461792,0.0,medium,True,False,4,7,True
2001-04-01,2001,2,2001Q2,第三产业,1220.0,665.0,亿元（当年价格，按累计值差分得到单季度值）,10.7,False,浙江省第三产业季度.xlsx,6.499787040655854,6.418427730330222,-0.040347877605522456,0.12170718793115398,613.0384941721252,0.9604552601528848,588.7960464038215,76.20395359617851,0.12942334457170346,12.942334457170347,10.426776978627817,0.0,high,True,False,4,7,True
2001-04-01,2001,2,2001Q2,第二产业,1642.0,895.0,亿元（当年价格，按累计值差分得到单季度值）,11.6,False,浙江省第二产业季度.xlsx,6.796823718274855,6.724291417398671,-0.003826983766915628,0.07635928464310027,832.3819561602093,0.9961803298028483,829.2025316096169,65.79746839038307,0.07935029848818664,7.935029848818664,8.750931147338427,0.0,medium,True,False,4,7,True
2001-07-01,2001,3,2001Q3,第一产业,424.0,150.0,亿元（当年价格，按累计值差分得到单季度值）,4.0,False,浙江省第一产业季度.xlsx,5.0106352940962555,5.062752513435237,-0.16731146432873423,0.11519424498975273,158.0248838638158,0.845936091383931,133.67895259715596,16.321047402844044,0.12209137703246253,12.209137703246252,9.21838654939768,0.0,high,True,False,4,7,True
2001-07-01,2001,3,2001Q3,第三产业,1825.0,605.0,亿元（当年价格，按累计值差分得到单季度值）,10.9,False,浙江省第三产业季度.xlsx,6.405228458030842,6.452420354146693,-0.04091286369867159,-0.006279032417180197,634.235511147481,0.9599127695520597,608.810766053845,-3.8107660538449863,-0.006259360488227506,-0.6259360488227506,-0.5403848187162661,0.9652226774060586,normal,False,False,4,7,True
2001-07-01,2001,3,2001Q3,第二产业,2503.0,861.0,亿元（当年价格，按累计值差分得到单季度值）,11.1,False,浙江省第二产业季度.xlsx,6.7580945044277305,6.759218427774949,0.037835416620935175,-0.03895933996815426,861.9682420149345,1.0385602890498928,895.2059865788584,-34.205986578858415,-0.03821018524415909,-3.821018524415909,-4.687987626706726,0.08663662332245643,normal,True,False,4,7,True
2001-10-01,2001,4,2001Q4,第一产业,690.0,266.0,亿元（当年价格，按累计值差分得到单季度值）,4.1,True,浙江省第一产业季度.xlsx,5.583496308781699,5.072947124728438,0.5172738193542943,-0.006724635301033288,159.64412587694306,1.677448383264613,267.79478084997044,-1.7947808499704365,-0.006702075538118635,-0.6702075538118635,-0.5266826786386948,0.965291492617421,normal,False,False,4,7,True
2001-10-01,2001,4,2001Q4,第三产业,2570.0,745.0,亿元（当年价格，按累计值差分得到单季度值）,11.9,True,浙江省第三产业季度.xlsx,6.61338421837956,6.513208322762662,0.08988456466473102,0.010291330952167499,673.9853149471196,1.094047984619757,737.3722754812081,7.627724518791865,0.010344468828603626,1.0344468828603626,0.8795325412761933,0.9079701084606693,normal,False,False,4,7,True
2001-10-01,2001,4,2001Q4,第二产业,3440.0,937.0,亿元（当年价格，按累计值差分得到单季度值）,11.0,True,浙江省第二产业季度.xlsx,6.842683282238422,6.794753218957788,0.04777778448175669,0.00015227879887724782,893.1488202058034,1.0489375392255385,936.8573256288685,0.14267437113153392,0.000152290393882204,0.0152290393882204,-0.1300259834470757,0.9982027681194654,normal,False,False,4,7,True
2002-01-01,2002,1,2002Q1,第一产业,105.0,105.0,亿元（当年价格，按累计值差分得到单季度值）,4.2,False,浙江省第一产业季度.xlsx,4.653960350157523,5.084731532406259,-0.3419222165088095,-0.08884896573992673,161.53656608251984,0.710403460221456,114.75613549731398,-9.756135497313977,-0.08501624296630594,-8.501624296630595,-7.090943140384704,0.0,high,True,False,4,7,True
2002-01-01,2002,1,2002Q1,第三产业,715.0,715.0,亿元（当年价格，按累计值差分得到单季度值）,12.8,False,浙江省第三产业季度.xlsx,6.5722825426940075,6.565953908030175,-0.00971843255391458,0.01604706721774729,710.4893145106429,0.9903286388017254,703.6179157224958,11.382084277504191,0.016176512881734606,1.6176512881734606,1.3727425971373062,0.7842048236487587,normal,False,False,4,7,True
2002-01-01,2002,1,2002Q1,第二产业,870.0,870.0,亿元（当年价格，按累计值差分得到单季度值）,11.2,False,浙江省第二产业季度.xlsx,6.76849321164863,6.8304065650511765,-0.07963015093842557,0.017716797535878293,925.5670392042185,0.9234578232446261,854.7221232905016,15.2778767094984,0.017874670952334526,1.7874670952334526,1.91689524378298,0.44489565915372387,normal,False,False,4,7,True
2002-04-01,2002,2,2002Q2,第一产业,270.0,165.0,亿元（当年价格，按累计值差分得到单季度值）,2.6,False,浙江省第一产业季度.xlsx,5.10594547390058,5.0960791165228345,-0.003540977038424885,0.013407334416170258,163.38005564872608,0.9964652848275468,162.80255368714833,2.1974463128516675,0.013497615750391878,1.3497615750391878,1.082481038440712,0.8664548384019372,normal,False,False,4,7,True
2002-04-01,2002,2,2002Q2,第三产业,1435.0,720.0,亿元（当年价格，按累计值差分得到单季度值）,12.9,False,浙江省第三产业季度.xlsx,6.579251212010101,6.613266192981776,-0.036728182673147224,0.0027132017014723786,744.9120762673699,0.9639381148237831,718.0491425066389,1.9508574933611271,0.0027168857643236066,0.27168857643236066,0.23016130906571725,0.9934333154239517,normal,False,False,4,7,True
2002-04-01,2002,2,2002Q2,第二产业,1815.0,945.0,亿元（当年价格，按累计值差分得到单季度值）,13.0,False,浙江省第二产业季度.xlsx,6.851184927493743,6.868510425833759,-0.009807098648042164,-0.007518399691973876,961.5152502848756,0.9902408341221267,952.1316634632407,-7.13166346324067,-0.007490207223337486,-0.7490207223337486,-1.0239459857699518,0.9586062396949238,normal,False,False,4,7,True
2002-07-01,2002,3,2002Q3,第一产业,410.0,140.0,亿元（当年价格，按累计值差分得到单季度值）,3.1,False,浙江省第一产业季度.xlsx,4.941642422609304,5.106318502736912,-0.169681589170916,0.0050055090433085425,165.06156123933948,0.8439334913823158,139.30097966973167,0.6990203302683256,0.005018057532155451,0.5018057532155451,0.41091671874610486,0.980019896004772,normal,False,False,4,7,True
2002-07-01,2002,3,2002Q3,第三产业,2182.0,747.0,亿元（当年价格，按累计值差分得到单季度值）,12.6,False,浙江省第三产业季度.xlsx,6.616065185132817,6.656172647792737,-0.04802963350937702,0.007922170849457011,777.5692034869821,0.9531055427969785,741.1055177516743,5.894482248325744,0.007953634276274268,0.7953634276274268,0.6765187941749692,0.9449382340885499,normal,False,False,4,7,True
2002-07-01,2002,3,2002Q3,第二产业,2814.0,999.0,亿元（当年价格，按累计值差分得到单季度值）,13.3,False,浙江省第二产业季度.xlsx,6.906754778648554,6.9089457881065535,0.03246557401850236,-0.0346565834765018,1001.1912180617082,1.032998330550423,1034.228856819489,-35.22885681948901,-0.03406292194149996,-3.4062921941499957,-4.18655609133469,0.16393221224595877,normal,True,False,4,7,True
2002-10-01,2002,4,2002Q4,第一产业,680.0,270.0,亿元（当年价格，按累计值差分得到单季度值）,3.3,True,浙江省第一产业季度.xlsx,5.598421958998375,5.112642443897029,0.5107225945488801,-0.02494307944753338,166.10870839911598,1.6664949601503616,276.81932538421273,-6.819325384212732,-0.024634571212641343,-2.4634571212641343,-1.9828968352263432,0.5763139484822803,normal,False,False,4,7,True
2002-10-01,2002,4,2002Q4,第三产业,3065.0,883.0,亿元（当年价格，按累计值差分得到单季度值）,13.4,True,浙江省第三产业季度.xlsx,6.78332520060396,6.697535202099268,0.09618161948807467,-0.010391620983383199,810.405874744443,1.1009590014473944,892.2236426257442,-9.223642625744219,-0.01033781462974881,-1.033781462974881,-0.8927932583803152,0.9061970706717349,normal,False,False,4,7,True
2002-10-01,2002,4,2002Q4,第二产业,3925.0,1111.0,亿元（当年价格，按累计值差分得到单季度值）,13.3,True,浙江省第二产业季度.xlsx,7.01301578963963,6.95239035457942,0.06640832892091256,-0.0057828938607027425,1045.6462084579139,1.0686629940948857,1117.4434078945994,-6.4434078945994315,-0.005766205115245726,-0.5766205115245726,-0.8216948578453975,0.9493548533712654,normal,False,False,4,7,True
2003-01-01,2003,1,2003Q1,第一产业,120.0,120.0,亿元（当年价格，按累计值差分得到单季度值）,2.4,False,浙江省第一产业季度.xlsx,4.787491742782046,5.119535196147439,-0.3405116866665576,0.008468233301164751,167.25760956962012,0.7114062125419176,118.98810254273825,1.0118974572617532,0.00850419021429727,0.8504190214297269,0.6876949136403363,0.9450298728932551,normal,False,False,4,7,True
2003-01-01,2003,1,2003Q1,第三产业,830.0,830.0,亿元（当年价格，按累计值差分得到单季度值）,13.4,False,浙江省第三产业季度.xlsx,6.721425700790643,6.740491597735507,-0.011554020402165605,-0.007511876542698026,845.976513783386,0.9885124709643194,836.2583340177956,-6.258334017795619,-0.007483732912684449,-0.7483732912684449,-0.6460274492952477,0.950397403556316,normal,False,False,4,7,True
2003-01-01,2003,1,2003Q1,第二产业,1000.0,1000.0,亿元（当年价格，按累计值差分得到单季度值）,14.8,False,浙江省第二产业季度.xlsx,6.907755278982137,7.001941183030006,-0.08740460270582094,-0.0067813013420483514,1098.7639916052271,0.9163062806213322,1006.8043464284349,-6.804346428434883,-0.006758360204316527,-0.6758360204316527,-0.9380465494341053,0.9466986345789897,normal,False,False,4,7,True
2003-04-01,2003,2,2003Q2,第一产业,288.0,168.0,亿元（当年价格，按累计值差分得到单季度值）,1.6,False,浙江省第一产业季度.xlsx,5.123963979403259,5.134126234552231,0.004733070356225498,-0.01489532550519801,169.71596312510744,1.0047442890263256,170.5211447065542,-2.521144706554196,-0.014784938905335054,-1.4784938905335054,-1.1797721877492982,0.8371869180598117,normal,False,False,4,7,True
2003-04-01,2003,2,2003Q2,第三产业,1685.0,855.0,亿元（当年价格，按累计值差分得到单季度值）,12.6,False,浙江省第三产业季度.xlsx,6.75110146893676,6.785664782624207,-0.03320886259571289,-0.0013544510917338215,885.068269423442,0.9673364980763045,856.1588403025272,-1.15884030252721,-0.0013535342368452552,-0.13535342368452552,-0.1183965762839428,0.9983580649463191,normal,False,False,4,7,True
2003-04-01,2003,2,2003Q2,第二产业,2147.0,1147.0,亿元（当年价格，按累计值差分得到单季度值）,14.5,False,浙江省第二产业季度.xlsx,7.044905117129371,7.057283490490039,-0.011484688777794462,-0.0008936845828735329,1161.286231985584,0.9885810085155249,1148.0255143915028,-1.0255143915028384,-0.0008932853657406259,-0.08932853657406259,-0.2519197102874708,0.999445523499043,normal,False,False,4,7,True
2003-07-01,2003,3,2003Q3,第一产业,428.0,140.0,亿元（当年价格，按累计值差分得到单季度值）,2.0,False,浙江省第一产业季度.xlsx,4.941642422609304,5.15207775680098,-0.1716035828718136,-0.03883175131986327,172.79013347617095,0.8423130143001196,145.54337816963363,-5.543378169633627,-0.038087463952999,-3.8087463952999,-3.0930289866907064,0.17977606579008099,normal,False,False,4,7,True
2003-07-01,2003,3,2003Q3,第三产业,2567.0,882.0,亿元（当年价格，按累计值差分得到单季度值）,13.1,False,浙江省第三产业季度.xlsx,6.782192056006791,6.8340364327113425,-0.05400450069693572,0.0021601239923842996,928.9328300592088,0.9474278424066155,880.0968269236677,1.9031730763323367,0.0021624587410282725,0.21624587410282725,0.1827679826156928,0.9957884905531204,normal,False,False,4,7,True
2003-07-01,2003,3,2003Q3,第二产业,3410.0,1263.0,亿元（当年价格，按累计值差分得到单季度值）,14.8,False,浙江省第二产业季度.xlsx,7.141245122350491,7.114663395309941,0.02360091929458134,0.002980807745968761,1229.869561657293,1.0238816249441631,1259.2408452590344,3.7591547409656414,0.002985254770855539,0.2985254770855539,0.19960308469469337,0.9823067611784019,normal,False,False,4,7,True
2003-10-01,2003,4,2003Q4,第一产业,722.0,294.0,亿元（当年价格，按累计值差分得到单季度值）,2.7,True,浙江省第一产业季度.xlsx,5.683579767338681,5.172237719575493,0.5046499254022625,0.006692122360925978,176.30892632523398,1.6564055534431017,292.0390846867082,1.960915313291821,0.006714564646014498,0.6714564646014498,0.5457290095242722,0.9649015891518732,normal,False,False,4,7,True
2003-10-01,2003,4,2003Q4,第三产业,3648.0,1081.0,亿元（当年价格，按累计值差分得到单季度值）,13.2,True,浙江省第三产业季度.xlsx,6.985641817639208,6.882000111073053,0.1052322454977969,-0.0015905389316417384,974.5736673105378,1.1109685978513733,1082.720740674859,-1.7207406748589165,-0.0015892746949562886,-0.15892746949562886,-0.13862698492956613,0.9977462002712402,normal,False,False,4,7,True
2003-10-01,2003,4,2003Q4,第二产业,4830.0,1420.0,亿元（当年价格，按累计值差分得到单季度值）,16.6,True,浙江省第二产业季度.xlsx,7.258412150595307,7.171046830505738,0.08547819518013576,0.0018871249094329912,1301.2060322555749,1.0892378104508784,1417.322809519537,2.6771904804629685,0.001888906650257427,0.1888906650257427,0.07214826242015622,0.9972097243725896,normal,False,False,4,7,True
2004-01-01,2004,1,2004Q1,第一产业,128.0,128.0,亿元（当年价格，按累计值差分得到单季度值）,2.2,False,浙江省第一产业季度.xlsx,4.852030263919617,5.1967304699404995,-0.34204197371183925,-0.0026582323090433846,180.68053466075315,0.7103183893840616,128.3407063732773,-0.3407063732772997,-0.0026547023380590895,-0.26547023380590895,-0.20165198141180526,0.9945958118932983,normal,False,False,4,7,True
2004-01-01,2004,1,2004Q1,第三产业,1009.0,1009.0,亿元（当年价格，按累计值差分得到单季度值）,14.7,False,浙江省第三产业季度.xlsx,6.9167150203536085,6.926956784716101,-0.021494378754367265,0.011252614391874971,1019.3870402566564,0.9787349791634116,997.7097536050507,11.29024639494935,0.01131616319691564,1.131616319691564,0.9619050887870592,0.8909205327330773,normal,False,False,4,7,True
2004-01-01,2004,1,2004Q1,第二产业,1248.0,1248.0,亿元（当年价格，按累计值差分得到单季度值）,16.8,False,浙江省第二产业季度.xlsx,7.129297548929373,7.2237775975421075,-0.09877133679735792,0.004291288184623987,1371.6608687797795,0.905949841732961,1242.655946982337,5.3440530176631,0.004300508946696535,0.4300508946696535,0.35232290969635105,0.9737610206085108,normal,False,False,4,7,True
2004-04-01,2004,2,2004Q2,第一产业,328.0,200.0,亿元（当年价格，按累计值差分得到单季度值）,2.3,False,浙江省第一产业季度.xlsx,5.298317366548036,5.224825518464159,0.009979540539871955,0.06351230754400561,185.82874401246363,1.010029502214444,187.69251381204398,12.307486187956016,0.06557260030243284,6.557260030243284,5.0874098126804395,0.0,medium,True,False,4,7,True
2004-04-01,2004,2,2004Q2,第三产业,2050.0,1041.0,亿元（当年价格，按累计值差分得到单季度值）,14.9,False,浙江省第三产业季度.xlsx,6.947937068614969,6.968925949134901,-0.0289497226727166,0.007960842152784586,1063.0803347883527,0.9714653059179158,1032.7456626504877,8.254337349512298,0.007992613910696944,0.7992613910696944,0.6798325449784026,0.9447369697359668,normal,False,False,4,7,True
2004-04-01,2004,2,2004Q2,第二产业,2732.0,1484.0,亿元（当年价格，按累计值差分得到单季度值）,17.8,False,浙江省第二产业季度.xlsx,7.302496423727326,7.273476032746905,-0.016765764352685373,0.04578615533310604,1441.5526382971238,0.9833739989051364,1417.585382554492,66.41461744550793,0.046850523617722795,4.6850523617722795,5.188021835417162,0.0,normal,True,False,4,7,True
2004-07-01,2004,3,2004Q3,第一产业,488.0,160.0,亿元（当年价格，按累计值差分得到单季度值）,2.5,False,浙江省第一产业季度.xlsx,5.075173815233827,5.252619601389362,-0.16732892875613886,-0.01011685739939594,191.06613055411884,0.8459213177234812,161.62691293066686,-1.6269129306668617,-0.010065854140051234,-1.0065854140051234,-0.7978255820723081,0.9237920126552986,normal,False,False,4,7,True
2004-07-01,2004,3,2004Q3,第三产业,3089.0,1039.0,亿元（当年价格，按累计值差分得到单季度值）,13.8,False,浙江省第三产业季度.xlsx,6.946013991099227,7.006144009028166,-0.05553323259651793,-0.004596785332420694,1103.3916232284616,0.9459805857569356,1043.7870540609565,-4.787054060956507,-0.004586236284816914,-0.45862362848169136,-0.3962327692889543,0.9817492511504876,normal,False,False,4,7,True
2004-07-01,2004,3,2004Q3,第二产业,4293.0,1561.0,亿元（当年价格，按累计值差分得到单季度值）,16.9,False,浙江省第二产业季度.xlsx,7.353081920515432,7.320457077032629,0.02563697727232978,0.00698786621047276,1510.8944070919292,1.0259684310030528,1550.129964255395,10.870035744605048,0.007012338316952915,0.7012338316952915,0.6665747764647996,0.9252896320833713,normal,False,False,4,7,True
2004-10-01,2004,4,2004Q4,第一产业,816.0,328.0,亿元（当年价格，按累计值差分得到单季度值）,3.7,True,浙江省第一产业季度.xlsx,5.793013608384144,5.279811968760342,0.5034264924373257,0.009775147186476651,196.33295515188868,1.654380291424489,324.8093715604127,3.1906284395872717,0.009823079993841244,0.9823079993841244,0.7921575387650929,0.9279530158186768,normal,False,False,4,7,True
2004-10-01,2004,4,2004Q4,第三产业,4382.0,1293.0,亿元（当年价格，按累计值差分得到单季度值）,13.9,True,浙江省第三产业季度.xlsx,7.164720378771857,7.038992276324538,0.10730675185381444,0.01842135059350536,1140.2379826638203,1.1132757014921353,1269.3992400180414,23.600759981958618,0.01859207035733146,1.8592070357331458,1.5761953584096797,0.7209535121608529,normal,False,False,4,7,True
2004-10-01,2004,4,2004Q4,第二产业,6045.0,1752.0,亿元（当年价格，按累计值差分得到单季度值）,16.2,True,浙江省第二产业季度.xlsx,7.468513271496337,7.364512847421221,0.09824078389559877,0.005759640179517689,1578.9460514900788,1.103228392760346,1741.938114640694,10.061885359305961,0.005776258797449474,0.5776258797449474,0.5234406563535356,0.9580864820086411,normal,False,False,4,7,True
2005-01-01,2005,1,2005Q1,第一产业,142.07,142.07,亿元（当年价格，按累计值差分得到单季度值）,1.9,False,浙江省第一产业季度.xlsx,4.956319893883986,5.304229443694116,-0.35537250786355973,0.00746295805342978,201.18591759312017,0.7009122992293706,141.01368407276448,1.0563159272355165,0.007490875330159019,0.7490875330159019,0.6073424952204546,0.9575612683036406,normal,False,False,4,7,True
2005-01-01,2005,1,2005Q1,第三产业,1134.48,1134.48,亿元（当年价格，按累计值差分得到单季度值）,10.7,False,浙江省第三产业季度.xlsx,7.03392967515309,7.069637531176661,-0.03177747210408438,-0.003930383919485969,1175.7217945091018,0.9687221257924431,1138.9477161173627,-4.46771611736267,-0.003922670070047651,-0.39226700700476513,-0.33912871466696026,0.9861530533199416,normal,False,False,4,7,True
2005-01-01,2005,1,2005Q1,第二产业,1469.54,1469.54,亿元（当年价格，按累计值差分得到单季度值）,14.5,False,浙江省第二产业季度.xlsx,7.292704705631416,7.4096386888445185,-0.10480542675609215,-0.012128556457009942,1651.8294146373796,0.9004997186928797,1487.471923209584,-17.931923209584056,-0.012055301972282995,-1.2055301972282995,-1.5612011126827985,0.7935567174711635,normal,False,False,4,7,True
2005-04-01,2005,2,2005Q2,第一产业,353.31,211.24,亿元（当年价格，按累计值差分得到单季度值）,2.9,False,浙江省第一产业季度.xlsx,5.352994927838733,5.322389889657192,0.016371173419786736,0.014233864761754589,204.8729210605794,1.0165059153697373,208.2545361571561,2.985463842843899,0.014335648567054271,1.433564856705427,1.1485462402993682,0.8495828738561677,normal,False,False,4,7,True
2005-04-01,2005,2,2005Q2,第三产业,2321.97,1187.4899999999998,亿元（当年价格，按累计值差分得到单季度值）,11.8,False,浙江省第三产业季度.xlsx,7.079597114820707,7.11332503945804,-0.01783869861990479,-0.01588922601742837,1228.2246595101094,0.9823194690659821,1206.5089954237178,-19.018995423718025,-0.01576365820384018,-1.576365820384018,-1.3638840034790434,0.7908818022572004,normal,False,False,4,7,True
2005-04-01,2005,2,2005Q2,第二产业,3418.72,1949.1799999999998,亿元（当年价格，按累计值差分得到单季度值）,13.0,False,浙江省第二产业季度.xlsx,7.575164050296969,7.459745109936629,-0.01957752376194666,0.1349964641222865,1736.705331995975,0.9806128714430733,1703.0356024590692,246.14439754093064,0.14453273741636097,14.453273741636096,15.584348514362627,0.0,high,True,False,4,7,True
2005-07-01,2005,3,2005Q3,第一产业,531.6,178.29000000000002,亿元（当年价格，按累计值差分得到单季度值）,2.3,False,浙江省第一产业季度.xlsx,5.183411438046679,5.336788416228447,-0.1567742706189468,0.0033972924371798996,207.84412843055372,0.8548970124126941,177.6853244428006,0.604675557199414,0.0034030697757150286,0.34030697757150286,0.2823707369997014,0.9909827145231774,normal,False,False,4,7,True
2005-07-01,2005,3,2005Q3,第三产业,3501.42,1179.4500000000003,亿元（当年价格，按累计值差分得到单季度值）,12.0,False,浙江省第三产业季度.xlsx,7.072803507105635,7.165566719144546,-0.05182854302282176,-0.040934669016088776,1294.0947813153507,0.9494916498554894,1228.732188980491,-49.28218898049067,-0.04010816142236928,-4.010816142236928,-3.5100324318402403,0.06850567292332929,normal,True,False,4,7,True
2005-07-01,2005,3,2005Q3,第二产业,4982.98,1564.2599999999998,亿元（当年价格，按累计值差分得到单季度值）,13.3,False,浙江省第二产业季度.xlsx,7.355168147698058,7.504168410421444,0.02255942689627247,-0.1715596896196585,1815.5948070993575,1.0228158151277675,1857.019082565071,-292.75908256507114,-0.15765001303093107,-15.765001303093108,-20.14087161993671,0.0,high,True,False,4,7,True
2005-10-01,2005,4,2005Q4,第一产业,872.55,340.94999999999993,亿元（当年价格，按累计值差分得到单季度值）,1.6,True,浙江省第一产业季度.xlsx,5.831735838966662,5.347279651498603,0.5024752181926639,-0.018019030724605756,210.0361484749008,1.6528072703682113,347.1492732394533,-6.199273239453362,-0.01785765869997169,-1.785765869997169,-1.4294523319443857,0.7644488937726791,normal,False,False,4,7,True
2005-10-01,2005,4,2005Q4,第三产业,5345.15,1843.7299999999996,亿元（当年价格，按累计值差分得到单季度值）,14.9,True,浙江省第三产业季度.xlsx,7.5195459725716685,7.216434554918633,0.10379154108106384,0.19931987657197148,1361.6255943712606,1.1093691729115356,1510.5454594428231,333.18454055717643,0.22057233595609516,22.057233595609517,17.07742195848649,0.0,high,True,False,4,7,True
2005-10-01,2005,4,2005Q4,第二产业,7147.81,2164.830000000001,亿元（当年价格，按累计值差分得到单季度值）,12.1,True,浙江省第二产业季度.xlsx,7.680097115413628,7.553158035064878,0.10468613477956283,0.022252945569187332,1906.7548317497674,1.1103620516282364,2117.188206933724,47.64179306627693,0.022502389211432217,2.2502389211432217,2.445525594449991,0.4526679402524503,normal,False,False,4,7,True
2006-01-01,2006,1,2006Q1,第一产业,148.0,148.0,亿元（当年价格，按累计值差分得到单季度值）,2.2,False,浙江省第一产业季度.xlsx,4.997212273764115,5.358234540238707,-0.3775016350927617,0.01647936861817012,212.34972043704022,0.6855720806094302,145.58103965685245,2.418960343147546,0.016615902378834813,1.6615902378834813,1.3280310787460496,0.800669861865307,normal,False,False,4,7,True
2006-01-01,2006,1,2006Q1,第三产业,1382.79,1382.79,亿元（当年价格，按累计值差分得到单季度值）,12.4,False,浙江省第三产业季度.xlsx,7.231858476317531,7.269180637198667,-0.04565755052629104,0.008335389645155011,1435.3738791194205,0.9553690718140992,1371.3118106005245,11.478189399475468,0.008370225728931091,0.8370225728931091,0.7119275856666591,0.9377384097758591,normal,False,False,4,7,True
2006-01-01,2006,1,2006Q1,第二产业,1788.59,1788.59,亿元（当年价格，按累计值差分得到单季度值）,17.1,False,浙江省第二产业季度.xlsx,7.489182878931451,7.6010354759246495,-0.10368321086968932,-0.008169386123509703,2000.2660504592768,0.9015108410255559,1803.2615294244101,-14.67152942441021,-0.00813610737267445,-0.813610737267445,-1.0998101734144659,0.9067041936533035,normal,False,False,4,7,True
2006-04-01,2006,2,2006Q2,第一产业,363.48,215.48000000000002,亿元（当年价格，按累计值差分得到单季度值）,2.5,False,浙江省第一产业季度.xlsx,5.372868097812333,5.371721210454697,0.025254974173094545,-0.02410808681545884,215.2330103738896,1.0255765827310843,220.73793527017776,-5.2579352701777395,-0.02381980815278606,-2.381980815278606,-1.9161552363447003,0.6011512426718775,normal,False,False,4,7,True
2006-04-01,2006,2,2006Q2,第三产业,2949.88,1567.0900000000001,亿元（当年价格，按累计值差分得到单季度值）,14.8,False,浙江省第三产业季度.xlsx,7.356975675295104,7.322694381441168,-0.005065356357846934,0.039346650211783185,1514.2785220457972,0.9949474509260585,1506.6275555015447,60.4624444984554,0.040130982788462166,4.013098278846217,3.3692879737471735,0.09585561325497967,normal,False,False,4,7,True
2006-04-01,2006,2,2006Q2,第二产业,3810.04,2021.45,亿元（当年价格，按累计值差分得到单季度值）,14.8,False,浙江省第二产业季度.xlsx,7.611570354666597,7.634168233926021,-0.027625348164577904,0.005027468905153931,2067.6505340106505,0.9727527421402947,2011.3127267467057,10.137273253294325,0.005040127832180108,0.5040127832180108,0.43811540799895743,0.9648800828172189,normal,False,False,4,7,True
2006-07-01,2006,3,2006Q3,第一产业,553.94,190.46000000000004,亿元（当年价格，按累计值差分得到单季度值）,3.0,False,浙江省第一产业季度.xlsx,5.2494421987659,5.388283010387373,-0.1369689433779425,-0.0018718682435308054,218.82733854469402,0.8719973070023858,190.81684990947258,-0.3568499094725439,-0.001870117390795678,-0.1870117390795678,-0.13879730099985466,0.9973034331468283,normal,False,False,4,7,True
2006-07-01,2006,3,2006Q3,第三产业,4460.05,1510.17,亿元（当年价格，按累计值差分得到单季度值）,14.8,False,浙江省第三产业季度.xlsx,7.319977506253461,7.368652502430242,-0.04385904024938478,-0.004815955927396587,1585.495891105717,0.9570888589718598,1517.4604533229428,-7.290453322942767,-0.004804377805680549,-0.48043778056805486,-0.4150135362322924,0.9800491392674776,normal,False,False,4,7,True
2006-07-01,2006,3,2006Q3,第二产业,5982.91,2172.87,亿元（当年价格，按累计值差分得到单季度值）,14.3,False,浙江省第二产业季度.xlsx,7.683804153340282,7.6700255378365805,0.016717438828048298,-0.0029388233243468065,2143.1361756103306,1.0168579571519514,2179.2650734295667,-6.395073429566764,-0.002934509210255287,-0.2934509210255287,-0.4902546151735105,0.9876364382908698,normal,False,False,4,7,True
2006-10-01,2006,4,2006Q4,第一产业,922.98,369.03999999999996,亿元（当年价格，按累计值差分得到单季度值）,3.0,True,浙江省第一产业季度.xlsx,5.910905039249565,5.409131001210543,0.5008472912274368,0.0009267468115847777,223.43733651580501,1.65011880974696,368.69815178449124,0.341848215508719,0.0009271763740994476,0.09271763740994476,0.08489813804681871,0.9993259518973928,normal,False,False,4,7,True
2006-10-01,2006,4,2006Q4,第三产业,6288.24,1828.1899999999996,亿元（当年价格，按累计值差分得到单季度值）,15.1,True,浙江省第三产业季度.xlsx,7.511081685343693,7.414973634061749,0.09638100390263055,-0.0002729526206861621,1660.6653828186043,1.1011785373986442,1828.68907736075,-0.49907736075033426,-0.00027291537250861975,-0.027291537250861975,-0.0257227815326135,0.9999332261527174,normal,False,False,4,7,True
2006-10-01,2006,4,2006Q4,第二产业,8437.71,2454.7999999999993,亿元（当年价格，按累计值差分得到单季度值）,13.9,True,浙江省第二产业季度.xlsx,7.805800570514942,7.707778927212968,0.10873713485144004,-0.010715491549466272,2225.5935592203778,1.1148692515489733,2481.2458256202376,-26.445825620238338,-0.01065828518366485,-1.065828518366485,-1.3965263727702337,0.8393321404353358,normal,False,False,4,7,True
2007-01-01,2007,1,2007Q1,第一产业,149.54,149.54,亿元（当年价格，按累计值差分得到单季度值）,2.8,False,浙江省第一产业季度.xlsx,5.00756391557177,5.434813800382825,-0.40271445239952974,-0.02453543241152545,229.25015800975746,0.6685029614887071,153.2544095512769,-3.7144095512769013,-0.024236885334344094,-2.4236885334344094,-1.950313296261531,0.5889124830067113,normal,False,False,4,7,True
2007-01-01,2007,1,2007Q1,第三产业,1633.72,1633.72,亿元（当年价格，按累计值差分得到单季度值）,16.2,False,浙江省第三产业季度.xlsx,7.39861490210725,7.462553113220985,-0.05969596702439133,-0.004242244089343927,1741.588859544039,0.9420509045886254,1640.6653605549336,-6.945360554933586,-0.004233258482756241,-0.42332584827562414,-0.3658520676316058,0.9837788805192699,normal,False,False,4,7,True
2007-01-01,2007,1,2007Q1,第二产业,2115.75,2115.75,亿元（当年价格，按累计值差分得到单季度值）,14.3,False,浙江省第二产业季度.xlsx,7.657164638550215,7.746854063402451,-0.09580768460812604,0.006118259755890421,2314.2803711553224,0.9086387444829029,2102.8448108279986,12.905189172001428,0.006137014536474528,0.6137014536474528,0.5652332061164408,0.9477556809498254,normal,False,False,4,7,True
2007-04-01,2007,2,2007Q2,第一产业,394.86,245.32000000000002,亿元（当年价格，按累计值差分得到单季度值）,2.9,False,浙江省第一产业季度.xlsx,5.502563480757783,5.46327800997204,0.029558790333084055,0.009726680452659231,235.86934054997533,1.0299999877342858,242.94541787336868,2.3745821266313385,0.009774138353451312,0.9774138353451312,0.7882835557102856,0.9279903371665308,normal,False,False,4,7,True
2007-04-01,2007,2,2007Q2,第三产业,3481.28,1847.5600000000002,亿元（当年价格，按累计值差分得到单季度值）,15.3,False,浙江省第三产业季度.xlsx,7.521621128614363,7.509330516006555,0.007484940417292901,0.004805672190514976,1824.9913312522713,1.0075130226045934,1838.7025323771572,8.857467622842933,0.00481723795278155,0.481723795278155,0.4094654743660136,0.9795059522616051,normal,False,False,4,7,True
2007-04-01,2007,2,2007Q2,第二产业,4468.25,2352.5,亿元（当年价格，按累计值差分得到单季度值）,15.4,False,浙江省第二产业季度.xlsx,7.763233871459534,7.788418880847875,-0.017444096331331798,-0.007740913057008747,2412.500114918798,0.9827071710656028,2370.781163127294,-18.281163127293894,-0.007711029348309473,-0.7711029348309473,-1.0498770879568162,0.9185849129998515,normal,False,False,4,7,True
2007-07-01,2007,3,2007Q3,第一产业,609.68,214.81999999999994,亿元（当年价格，按累计值差分得到单季度值）,2.8,False,浙江省第一产业季度.xlsx,5.369800468169901,5.492862237737819,-0.11388491033138604,-0.009176859236532664,242.95159785968565,0.8923606514643558,216.80044614037533,-1.980446140375392,-0.009134880373322996,-0.9134880373322996,-0.7226908109074033,0.9358933041980794,normal,False,False,4,7,True
2007-07-01,2007,3,2007Q3,第三产业,5349.0,1867.7199999999998,亿元（当年价格，按累计值差分得到单季度值）,15.9,False,浙江省第三产业季度.xlsx,7.5324737146201,7.554996623798305,-0.032791736543839406,0.010268827365635502,1910.2637944820249,0.9677400834977251,1848.6388439747154,19.081156025284372,0.010321732710245612,1.0321732710245612,0.8776042049768227,0.9079847220247138,normal,False,False,4,7,True
2007-07-01,2007,3,2007Q3,第二产业,7025.41,2557.16,亿元（当年价格，按累计值差分得到单季度值）,14.9,False,浙江省第二产业季度.xlsx,7.8466525466616766,7.827740855035122,0.012336997030197614,0.006574694596356956,2509.2541963256963,1.012413411697233,2540.4026017176966,16.757398282303257,0.006596355345791505,0.6596355345791505,0.6184248806386791,0.9402368469290314,normal,False,False,4,7,True
2007-10-01,2007,4,2007Q4,第一产业,1025.27,415.59000000000003,亿元（当年价格，按累计值差分得到单季度值）,2.8,True,浙江省第一产业季度.xlsx,6.029699197337897,5.521888577072899,0.4995828514465458,0.008227768818452219,250.10693766747264,1.6480336524364596,412.1846499838227,3.4053500161773513,0.008261709931000505,0.8261709931000505,0.668474403860977,0.9483146594084132,normal,False,False,4,7,True
2007-10-01,2007,4,2007Q4,第三产业,7521.09,2172.09,亿元（当年价格，按累计值差分得到单季度值）,15.1,True,浙江省第三产业季度.xlsx,7.683445116659448,7.599295862021915,0.08814732112098292,-0.003998066483450025,1996.789384733519,1.0921490067930057,2180.791543311531,-8.701543311530713,-0.00399008485621577,-0.399008485621577,-0.34492844551167656,0.985817336115712,normal,False,False,4,7,True
2007-10-01,2007,4,2007Q4,第二产业,10092.0,3066.59,亿元（当年价格，按累计值差分得到单季度值）,15.4,True,浙江省第二产业季度.xlsx,8.028321474056517,7.864965379003461,0.11961480259804032,0.04374129245501557,2604.420256166353,1.1270626263580121,2935.3447340548555,131.24526594514464,0.044712045035965486,4.471204503596549,4.949719078899235,0.0,normal,True,False,4,7,True
2008-01-01,2008,1,2008Q1,第一产业,168.68,168.68,亿元（当年价格，按累计值差分得到单季度值）,-0.8,False,浙江省第一产业季度.xlsx,5.128003428878359,5.548468439948355,-0.43111467001392717,0.010649658943931328,256.843882685408,0.6497843957168032,166.89314710429537,1.7868528957046408,0.010706568404441397,1.0706568404441397,0.8620579315246188,0.9140439763620929,normal,False,False,4,7,True
2008-01-01,2008,1,2008Q1,第三产业,1935.68,1935.68,亿元（当年价格，按累计值差分得到单季度值）,12.0,False,浙江省第三产业季度.xlsx,7.56821396491855,7.638494332336785,-0.07133655953394519,0.0010561921157092868,2076.6147698023938,0.9311484524957968,1933.6366293314145,2.043370668585567,0.001056750083024749,0.1056750083024749,0.08817186537909108,0.999030492733825,normal,False,False,4,7,True
2008-01-01,2008,1,2008Q1,第二产业,2497.61,2497.61,亿元（当年价格，按累计值差分得到单季度值）,12.5,False,浙江省第二产业季度.xlsx,7.8230895535968425,7.896684487903267,-0.13422599556785816,0.06063106126143403,2688.3542648105936,0.8743924334577635,2350.6766276042918,146.93337239570837,0.06250684193234046,6.250684193234046,6.918006784957316,0.0,medium,True,False,4,7,True
2008-04-01,2008,2,2008Q2,第一产业,440.26,271.58,亿元（当年价格，按累计值差分得到单季度值）,1.3,False,浙江省第一产业季度.xlsx,5.604256755270649,5.569629554261438,0.03557483405886583,-0.000947633049654506,262.33689965126024,1.0362151894151463,271.8374801627129,-0.2574801627129091,-0.0009471841872533693,-0.09471841872533693,-0.0649224759864491,0.9993047597518039,normal,False,False,4,7,True
2008-04-01,2008,2,2008Q2,第三产业,4156.52,2220.84,亿元（当年价格，按累计值差分得到单季度值）,12.3,False,浙江省第三产业季度.xlsx,7.7056407816776575,7.671867472732073,0.012869942952325512,0.02090336599325937,2147.0873306860867,1.0129531171006272,2174.8988043057366,45.94119569426357,0.021123371626905918,2.112337162690592,1.7888796958212907,0.6490854524058889,normal,False,False,4,7,True
2008-04-01,2008,2,2008Q2,第二产业,5291.97,2794.36,亿元（当年价格，按累计值差分得到单季度值）,11.5,False,浙江省第二产业季度.xlsx,7.9353583790472,7.926931576716498,-0.0026011328229398577,0.011027935153641089,2770.911417682017,0.9974022471917838,2763.7132747654164,30.646725234583755,0.011088966975846937,1.1088966975846937,1.1373934196094801,0.8368449631962512,normal,False,False,4,7,True
2008-07-01,2008,3,2008Q3,第一产业,685.6,245.34000000000003,亿元（当年价格，按累计值差分得到单季度值）,2.9,False,浙江省第一产业季度.xlsx,5.502645003604606,5.58204276961573,-0.0922364199460378,0.01283865393491368,265.61363944497606,0.9118895351836263,242.21029821191055,3.129701788089477,0.012921423288746015,1.2921423288746015,1.0370259731935518,0.8765795526328302,normal,False,False,4,7,True
2008-07-01,2008,3,2008Q3,第三产业,6336.8,2180.2799999999997,亿元（当年价格，按累计值差分得到单季度值）,11.5,False,浙江省第三产业季度.xlsx,7.687208587902349,7.702089136690457,-0.02651040172581687,0.011629852937709018,2212.9663552187662,0.9738379141878788,2155.070539534195,25.20946046580457,0.011697742604403816,1.1697742604403816,0.9942307263212927,0.8832916943906092,normal,False,False,4,7,True
2008-07-01,2008,3,2008Q3,第二产业,8279.5,2987.5299999999997,亿元（当年价格，按累计值差分得到单季度值）,10.6,False,浙江省第二产业季度.xlsx,8.002202238030351,7.952336765984766,0.013261874186562038,0.03660359785902312,2842.2087733932544,1.013350202876112,2880.152837134321,107.37716286567866,0.03728175862101679,3.728175862101679,4.117911569636572,0.0034143995557497507,normal,True,False,4,7,True
2008-10-01,2008,4,2008Q4,第一产业,1095.4,409.80000000000007,亿元（当年价格，按累计值差分得到单季度值）,3.9,True,浙江省第一产业季度.xlsx,6.0156692358048,5.593946043646334,0.4972922540311662,-0.0755690618727014,268.7942033897871,1.6442629909940774,441.968360827562,-32.16836082756191,-0.07278430692941096,-7.278430692941096,-6.029470280569085,0.0,medium,True,False,4,7,True
2008-10-01,2008,4,2008Q4,第三产业,8811.2,2474.4000000000005,亿元（当年价格，按累计值差分得到单季度值）,11.8,True,浙江省第三产业季度.xlsx,7.8137532213708605,7.729478971604585,0.09095919109279096,-0.006684941326515315,2274.416856249935,1.0952243094392609,2490.9966307633504,-16.596630763349822,-0.006662646813080597,-0.6662646813080597,-0.5751672247561178,0.9606528813391806,normal,False,False,4,7,True
2008-10-01,2008,4,2008Q4,第二产业,11580.3,3300.7999999999993,亿元（当年价格，按累计值差分得到单季度值）,9.4,True,浙江省第二产业季度.xlsx,8.101920142316986,7.968698821983342,0.13535035823797986,-0.0021290379043348295,2889.095689647605,1.1449378524970448,3307.835014563599,-7.035014563599816,-0.002126773110698199,-0.2126773110698199,-0.39588442544368163,0.9933635885270873,normal,False,False,4,7,True
2009-01-01,2009,1,2009Q1,第一产业,170.9,170.9,亿元（当年价格，按累计值差分得到单季度值）,2.0,False,浙江省第一产业季度.xlsx,5.141078590121546,5.607991494330165,-0.4533767773913236,-0.013536126817296434,272.596176830274,0.6354786545243981,173.22905168059748,-2.3290516805974733,-0.013444925421007392,-1.3444925421007392,-1.0711303984163782,0.8632991799911801,normal,False,False,4,7,True
2009-01-01,2009,1,2009Q1,第三产业,2145.8,2145.8,亿元（当年价格，按累计值差分得到单季度值）,11.4,False,浙江省第三产业季度.xlsx,7.6712677222026455,7.756276453416878,-0.08059822318454359,-0.004410508029688565,2336.189479403207,0.9225642819315383,2155.2849695216332,-9.484969521633047,-0.0044007960226893905,-0.44007960226893905,-0.38027063436008496,0.9827849711889788,normal,False,False,4,7,True
2009-01-01,2009,1,2009Q1,第二产业,2315.4,2315.4,亿元（当年价格，按累计值差分得到单季度值）,-3.0,False,浙江省第二产业季度.xlsx,7.747337737771628,7.987543604637641,-0.15645693661316992,-0.08374893025284358,2944.0563039168437,0.8551683433551602,2517.663752164884,-202.26375216488395,-0.08033787355081146,-8.033787355081145,-9.907644623031645,0.0,high,True,False,4,7,True
2009-04-01,2009,2,2009Q2,第一产业,432.9,262.0,亿元（当年价格，按累计值差分得到单季度值）,0.7,False,浙江省第一产业季度.xlsx,5.568344503761097,5.620351242763712,0.03880584187776454,-0.09081258088037991,275.9863044046618,1.0395686233625379,286.90670253686864,-24.906702536868636,-0.08681115608886147,-8.681115608886147,-7.247896398446924,0.0,high,True,False,4,7,True
2009-04-01,2009,2,2009Q2,第三产业,4543.1,2397.3,亿元（当年价格，按累计值差分得到单季度值）,12.2,False,浙江省第三产业季度.xlsx,7.782098383048527,7.787034160545182,0.014427577704353487,-0.019363355201008403,2409.1617888867604,1.014532157542873,2444.172107549132,-46.87210754913167,-0.019177089618346188,-1.9177089618346188,-1.6615827460272525,0.6943844498133395,normal,False,False,4,7,True
2009-04-01,2009,2,2009Q2,第二产业,5067.5,2752.1,亿元（当年价格，按累计值差分得到单季度值）,1.9,False,浙江省第二产业季度.xlsx,7.920119535602356,8.008112122287063,0.008940460983452872,-0.09693304766816002,3005.2382317726783,1.008980546276027,3032.2269127835993,-280.12691278359944,-0.0923832288416837,-9.23832288416837,-11.444085797639792,0.0,high,True,False,4,7,True
2009-07-01,2009,3,2009Q3,第一产业,694.4,261.5,亿元（当年价格，按累计值差分得到单季度值）,1.8,False,浙江省第一产业季度.xlsx,5.566434283504978,5.638438631063268,-0.07224563425230049,0.0002412866940098013,281.0235942364884,0.9303023536204148,261.43691114107367,0.06308885892633498,0.00024131580598529823,0.024131580598529823,0.030108787267889965,0.9999553757092546,normal,False,False,4,7,True
2009-07-01,2009,3,2009Q3,第三产业,6973.2,2430.0999999999995,亿元（当年价格，按累计值差分得到单季度值）,12.5,False,浙江省第三产业季度.xlsx,7.795687687751237,7.8232428617308365,-0.026600464151621806,-0.0009547098279769628,2497.992933281189,0.9737502119323844,2432.4211481881553,-2.321148188155803,-0.0009542542375463592,-0.09542542375463592,-0.0841426768816129,0.9991903283934739,normal,False,False,4,7,True
2009-07-01,2009,3,2009Q3,第二产业,8160.5,3093.0,亿元（当年价格，按累计值差分得到单季度值）,4.5,False,浙江省第二产业季度.xlsx,8.03689677268507,8.030167207270681,0.014321443943532014,-0.007591878529142448,3072.2553337562103,1.0144244871433519,3116.5710413190695,-23.571041319069536,-0.007563133009505618,-0.7563133009505618,-1.032509009545587,0.9193239193114775,normal,False,False,4,7,True
2009-10-01,2009,4,2009Q4,第一产业,1161.65,467.2500000000001,亿元（当年价格，按累计值差分得到单季度值）,2.3,True,浙江省第一产业季度.xlsx,6.146864446335672,5.664838145423307,0.49424613543710105,-0.012219834524735518,288.5412756109447,1.6392619916092395,472.9947461194677,-5.744746119467607,-0.012145475539841688,-1.2145475539841688,-0.9659181500366147,0.8877882106533573,normal,False,False,4,7,True
2009-10-01,2009,4,2009Q4,第三产业,9827.48,2854.2799999999997,亿元（当年价格，按累计值差分得到单季度值）,12.5,True,浙江省第三产业季度.xlsx,7.956574901143225,7.862780012751996,0.09988923833284465,-0.006094349941615285,2598.734858634545,1.1050485142812192,2871.7280945449174,-17.448094544917694,-0.006075817058746491,-0.6075817058746491,-0.5245593448086696,0.967249308619661,normal,False,False,4,7,True
2009-10-01,2009,4,2009Q4,第二产业,11843.3,3682.7999999999993,亿元（当年价格，按累计值差分得到单季度值）,6.8,True,浙江省第二产业季度.xlsx,8.211428611413691,8.056134111052828,0.15379024689958595,0.0015042534612774716,3153.077096546548,1.1662462373572173,3677.2642999446307,5.535700055368579,0.0015053854180271387,0.15053854180271387,0.027529465499811195,0.9966764921010721,normal,False,False,4,7,True
2010-01-01,2010,1,2010Q1,第一产业,185.3,185.3,亿元（当年价格，按累计值差分得到单季度值）,3.3,False,浙江省第一产业季度.xlsx,5.221976133291314,5.69726174049344,-0.4684181974500099,-0.006867409752116416,298.05014390677246,0.6259916807857294,186.576910542629,-1.2769105426289968,-0.006843882980564486,-0.6843882980564486,-0.5380947495704611,0.9638535231000179,normal,False,False,4,7,True
2010-01-01,2010,1,2010Q1,第三产业,2501.5,2501.5,亿元（当年价格，按累计值差分得到单季度值）,12.3,False,浙江省第三产业季度.xlsx,7.82464583092826,7.905868733596741,-0.09505807228794828,0.01383516961946718,2713.158500634108,0.9093201266346793,2467.1296313765647,34.3703686234353,0.013931318478898946,1.3931318478898946,1.1832047017805074,0.8369631435247723,normal,False,False,4,7,True
2010-01-01,2010,1,2010Q1,第二产业,2676.5,2676.5,亿元（当年价格，按累计值差分得到单季度值）,18.6,False,浙江省第二产业季度.xlsx,7.892265249833436,8.0934070194498,-0.19185634182357306,-0.009285427792789847,3272.819155213169,0.8254254390880165,2701.4681882474997,-24.96818824749971,-0.009242451329288914,-0.9242451329288914,-1.2298706332271458,0.881915711634263,normal,False,False,4,7,True
2010-04-01,2010,2,2010Q2,第一产业,506.8,321.5,亿元（当年价格，按累计值差分得到单季度值）,2.0,False,浙江省第一产业季度.xlsx,5.772997543677674,5.734476195648197,0.04090380572881956,-0.002382457699343199,309.3508889714628,1.041751890161659,322.26687330921095,-0.7668733092109505,-0.002379621899503026,-0.2379621899503026,-0.1796091062110713,0.9956173647003198,normal,False,False,4,7,True
2010-04-01,2010,2,2010Q2,第三产业,5356.61,2855.1099999999997,亿元（当年价格，按累计值差分得到单季度值）,11.4,False,浙江省第三产业季度.xlsx,7.9568656502445645,7.951722118428064,0.021701447655348226,-0.016557915838848025,2840.462353486397,1.0219386367453298,2902.778225248321,-47.668225248321505,-0.016421587027801166,-1.6421587027801166,-1.421184152227767,0.7710475861053209,normal,False,False,4,7,True
2010-04-01,2010,2,2010Q2,第二产业,6129.67,3453.17,亿元（当年价格，按累计值差分得到单季度值）,16.5,False,浙江省第二产业季度.xlsx,8.147047928729515,8.133745232736057,0.01788790785189587,-0.0045852118584388535,3407.537718389752,1.0180488547108417,3469.039871590685,-15.869871590684852,-0.004574715822856179,-0.4574715822856179,-0.6821202557391102,0.9705602120285071,normal,False,False,4,7,True
2010-07-01,2010,3,2010Q3,第一产业,809.8,302.99999999999994,亿元（当年价格，按累计值差分得到单季度值）,3.2,False,浙江省第一产业季度.xlsx,5.713732805509369,5.773179151537681,-0.0605716274505837,0.001125281422271307,321.5583922290756,0.9412263489600728,302.65923149524394,0.3407685047559994,0.0011259147889608467,0.11259147889608467,0.10076716112746863,0.9990247412937413,normal,False,False,4,7,True
2010-07-01,2010,3,2010Q3,第三产业,8231.9,2875.29,亿元（当年价格，按累计值差分得到单季度值）,11.3,False,浙江省第三产业季度.xlsx,7.963908817709676,7.998485155910963,-0.029272354769838235,-0.005303983431448778,2976.445719009547,0.9711519305841755,2890.581006295126,-15.291006295125953,-0.005289942147210236,-0.5289942147210236,-0.45683269913848135,0.9751335526758341,normal,False,False,4,7,True
2010-07-01,2010,3,2010Q3,第二产业,9723.4,3593.7299999999996,亿元（当年价格，按累计值差分得到单季度值）,14.3,False,浙江省第二产业季度.xlsx,8.186945939312784,8.175840037762084,0.014549540432828419,-0.003443638882128397,3554.0391974509253,1.0146559001987752,3606.1268412312993,-12.396841231299732,-0.0034377163580487924,-0.34377163580487924,-0.5490844468661006,0.983103518294474,normal,False,False,4,7,True
2010-10-01,2010,4,2010Q4,第一产业,1360.7,550.9000000000001,亿元（当年价格，按累计值差分得到单季度值）,3.2,True,浙江省第一产业季度.xlsx,6.311553304478671,5.813079372427472,0.4900237025285014,0.008450229522697583,334.6480466137678,1.632354910435635,546.2643821576769,4.6356178423231995,0.008486033491718947,0.8486033491718947,0.6862558578754676,0.9455218400410481,normal,False,False,4,7,True
2010-10-01,2010,4,2010Q4,第三产业,11744.8,3512.8999999999996,亿元（当年价格，按累计值差分得到单季度值）,12.1,True,浙江省第三产业季度.xlsx,8.164197186161838,8.045842577202308,0.113913053860859,0.004441555098670946,3120.7935056527313,1.1206546840500737,3497.331860062784,15.56813993721562,0.004451433424146334,0.4451433424146334,0.378264216538699,0.9825191910067016,normal,False,False,4,7,True
2010-10-01,2010,4,2010Q4,第二产业,14121.3,4397.9,亿元（当年价格，按累计值差分得到单季度值）,12.3,True,浙江省第二产业季度.xlsx,8.388882433248199,8.215770782133134,0.15688597386271186,0.016225677252352355,3698.826115209384,1.1698622114262454,4327.11689882,70.7831011799999,0.016358028413630876,1.6358028413630876,1.7431241427124549,0.6630747674122103,normal,False,False,4,7,True
2011-01-01,2011,1,2011Q1,第一产业,215.06,215.06,亿元（当年价格，按累计值差分得到单季度值）,3.1,False,浙江省第一产业季度.xlsx,5.37091705896238,5.852986260475278,-0.4737961023706454,-0.008273099142252605,348.27286260213197,0.6226341932617548,216.84659284124044,-1.7865928412404344,-0.008238971236907755,-0.8238971236907755,-0.6504525762444044,0.947739220729233,normal,False,False,4,7,True
2011-01-01,2011,1,2011Q1,第三产业,2928.67,2928.67,亿元（当年价格，按累计值差分得到单季度值）,10.5,False,浙江省第三产业季度.xlsx,7.982303674041336,8.08861131186555,-0.1179989891580205,0.0116913513338055,3257.161246952766,0.8886969509463484,2894.6292689075294,34.04073109247065,0.011759962306094662,1.1759962306094662,0.9995005347306011,0.8821212347416657,normal,False,False,4,7,True
2011-01-01,2011,1,2011Q1,第二产业,3167.51,3167.51,亿元（当年价格，按累计值差分得到单季度值）,10.8,False,浙江省第二产业季度.xlsx,8.060701069254241,8.246273302818663,-0.19838326626219524,0.012811032697774394,3813.3879656467234,0.8200554932962101,3127.1897492982525,40.32025070174768,0.012893445532301095,1.2893445532301095,1.3451907562720284,0.7819334157322761,normal,False,False,4,7,True
2011-04-01,2011,2,2011Q2,第一产业,593.4,378.34,亿元（当年价格，按累计值差分得到单季度值）,3.0,False,浙江省第一产业季度.xlsx,5.935793262237517,5.888896305561997,0.0444622295316135,0.002434727143906912,361.0066234104713,1.0454654882435384,377.4199658029796,0.9200341970203567,0.002437693498972493,0.2437693498972493,0.20543215786349425,0.9954230498832236,normal,False,False,4,7,True
2011-04-01,2011,2,2011Q2,第三产业,6460.0,3531.33,亿元（当年价格，按累计值差分得到单季度值）,10.3,False,浙江省第三产业季度.xlsx,8.16942984950539,8.119399789856558,0.03150843109487303,0.01852162855395889,3359.004031622908,1.0320100765338318,3466.5260077526045,64.8039922473954,0.018694217814165137,1.8694217814165137,1.5847881945291336,0.7181907783986309,normal,False,False,4,7,True
2011-04-01,2011,2,2011Q2,第二产业,7600.2,4432.69,亿元（当年价格，按累计值差分得到单季度值）,10.1,False,浙江省第二产业季度.xlsx,8.396761902229901,8.272675673824416,0.0359115834680946,0.08817464493739102,3915.411352648179,1.036564193028098,4058.5752091308104,374.11479086918916,0.09217884887965644,9.217884887965644,10.127861090930168,0.0,high,True,False,4,7,True
2011-07-01,2011,3,2011Q3,第一产业,951.6,358.20000000000005,亿元（当年价格，按累计值差分得到单季度值）,3.0,False,浙江省第一产业季度.xlsx,5.881091489626612,5.917869804799026,-0.058651451308667585,0.021873136136253635,371.61924858304513,0.9430354056373802,350.4501088301702,7.749891169829823,0.022114106900122055,2.2114106900122055,1.7591590364363745,0.664383807659264,normal,False,False,4,7,True
2011-07-01,2011,3,2011Q3,第三产业,9992.1,3532.1000000000004,亿元（当年价格，按累计值差分得到单季度值）,9.7,False,浙江省第三产业季度.xlsx,8.169647873893839,8.149690728996546,-0.029860993354196688,0.04981813825148862,3462.3081083770576,0.9705804413033816,3360.4485317568815,171.65146824311887,0.05107992775993431,5.107992775993431,4.266591630952155,0.0,medium,True,False,4,7,True
2011-07-01,2011,3,2011Q3,第二产业,11683.7,4083.500000000001,亿元（当年价格，按累计值差分得到单季度值）,9.7,False,浙江省第二产业季度.xlsx,8.31470974279833,8.294215128397912,0.009445937781445353,0.011048676618973019,4000.6620079593117,1.0094906914542088,4038.631056689427,44.86894331057374,0.011109938660094798,1.1109938660094798,1.139810573549619,0.8343692854552646,normal,False,False,4,7,True
2011-10-01,2011,4,2011Q4,第一产业,1580.6,628.9999999999999,亿元（当年价格，按累计值差分得到单季度值）,3.6,True,浙江省第一产业季度.xlsx,6.44413125670044,5.941760178729032,0.4819153236208465,0.020455754350561683,380.60427182774686,1.619172673817714,616.2640364817768,12.735963518223116,0.020666407196065162,2.066640719606516,1.6458666276545513,0.7027190810876918,normal,False,False,4,7,True
2011-10-01,2011,4,2011Q4,第三产业,14015.4,4023.2999999999993,亿元（当年价格，按累计值差分得到单季度值）,9.4,True,浙江省第三产业季度.xlsx,8.299857740385004,8.178610374251237,0.13296524498717596,-0.011717878853408692,3563.8987327328823,1.1422103001074142,4070.721841067258,-47.42184106725881,-0.011649491888354069,-1.1649491888354069,-1.0064405292035592,0.8815418992237596,normal,False,False,4,7,True
2011-10-01,2011,4,2011Q4,第二产业,16404.2,4720.5,亿元（当年价格，按累计值差分得到单季度值）,9.1,True,浙江省第二产业季度.xlsx,8.45967000517257,8.310711085353025,0.15380546930317662,-0.004846549483630724,4067.204084926464,1.1662639905632513,4743.433666521492,-22.93366652149234,-0.004834823913182351,-0.4834823913182351,-0.7125758315786147,0.9670620311507566,normal,False,False,4,7,True
2012-01-01,2012,1,2012Q1,第一产业,242.7,242.7,亿元（当年价格，按累计值差分得到单季度值）,0.8,False,浙江省第一产业季度.xlsx,5.491826112732555,5.960788497007897,-0.4713045636005569,0.002342179325215632,387.9158741865943,0.6241874446833994,242.13221826065723,0.5677817393427631,0.0023449243699222855,0.23449243699222855,0.1980347400238683,0.9957640554389807,normal,False,False,4,7,True
2012-01-01,2012,1,2012Q1,第三产业,3137.8,3137.8,亿元（当年价格，按累计值差分得到单季度值）,8.2,False,浙江省第三产业季度.xlsx,8.051277196398855,8.205563686170011,-0.14452744009373925,-0.009759049677416698,3661.263868944032,0.8654311645650064,3168.571853880014,-30.771853880013623,-0.009711584682017715,-0.9711584682017715,-0.8385881115917754,0.9170450927237699,normal,False,False,4,7,True
2012-01-01,2012,1,2012Q1,第二产业,3344.2,3344.2,亿元（当年价格，按累计值差分得到单季度值）,6.4,False,浙江省第二产业季度.xlsx,8.11498278102857,8.325220239491335,-0.20891943895883475,-0.001318019503930401,4126.645958778696,0.8114606051214727,3348.6106268326384,-4.410626832638627,-0.0013171512977041555,-0.13171512977041555,-0.30137054753338754,0.9974451955191131,normal,False,False,4,7,True
2012-04-01,2012,2,2012Q2,第一产业,655.7,413.00000000000006,亿元（当年价格，按累计值差分得到单季度值）,2.1,False,浙江省第一产业季度.xlsx,6.023447592961033,5.974053739774412,0.05807753332340434,-0.00868368013678289,393.0959539787696,1.0597971621210427,416.6019764679639,-3.601976467963823,-0.00864608588394633,-0.8646085883946331,-0.6832706287549805,0.9425189182465025,normal,False,False,4,7,True
2012-04-01,2012,2,2012Q2,第三产业,7128.8,3991.0,亿元（当年价格，按累计值差分得到单季度值）,8.8,False,浙江省第三产业季度.xlsx,8.291797105048733,8.236349197632082,0.03657078811884956,0.01887711929780167,3775.730668910382,1.0372477262343298,3916.368051200519,74.63194879948105,0.019056418555095656,1.9056418555095656,1.6152502590746056,0.7080716297650917,normal,False,False,4,7,True
2012-04-01,2012,2,2012Q2,第二产业,8005.9,4661.7,亿元（当年价格，按累计值差分得到单季度值）,6.5,False,浙江省第二产业季度.xlsx,8.447135467460798,8.341065675761923,0.05460449367605258,0.051465298022822736,4192.555266169926,1.056122828804806,4427.853327627866,233.84667237213398,0.052812650977626774,5.281265097762677,5.849853673687859,0.0,medium,True,False,4,7,True
2012-07-01,2012,3,2012Q3,第一产业,1029.4,373.70000000000005,亿元（当年价格，按累计值差分得到单季度值）,2.1,False,浙江省第一产业季度.xlsx,5.923453336491439,5.985796786264683,-0.062022904816022226,-0.0003205449572227792,397.73930824456244,0.9398613591930283,373.81980685122943,-0.11980685122938439,-0.00032049358817698437,-0.03204935881769844,-0.014798845764048761,0.9999191881190743,normal,False,False,4,7,True
2012-07-01,2012,3,2012Q3,第三产业,10916.5,3787.7,亿元（当年价格，按累计值差分得到单季度值）,9.2,False,浙江省第三产业季度.xlsx,8.239514253704003,8.266908527767466,-0.029385777560252242,0.0019915034967894485,3892.895591751354,0.9710417860688599,3780.164288393826,7.535711606173663,0.0019934878569458636,0.19934878569458636,0.16831886260492948,0.9964815367819135,normal,False,False,4,7,True
2012-07-01,2012,3,2012Q3,第二产业,12269.0,4263.1,亿元（当年价格，按累计值差分得到单季度值）,6.8,False,浙江省第二产业季度.xlsx,8.35775187414901,8.358294896709609,0.005472211447232966,-0.006015234007831438,4265.415588129488,1.005487211344683,4288.820824934458,-25.720824934457596,-0.005997178708171069,-0.5997178708171069,-0.8487711464825369,0.949820084857917,normal,False,False,4,7,True
2012-10-01,2012,4,2012Q4,第一产业,1669.5,640.0999999999999,亿元（当年价格，按累计值差分得到单季度值）,2.0,True,浙江省第一产业季度.xlsx,6.461624414147957,6.000206250557837,0.46394809595668857,-0.002529932366567955,403.51200948781826,1.5903404231995841,641.7214599349712,-1.6214599349713126,-0.0025267347848014765,-0.25267347848014765,-0.19139686900924624,0.9950471025513395,normal,False,False,4,7,True
2012-10-01,2012,4,2012Q4,第三产业,15624.4,4707.9,亿元（当年价格，按累计值差分得到单季度值）,9.3,True,浙江省第三产业季度.xlsx,8.456997227712785,8.296083420906113,0.15504160453684476,0.005872202269827653,4008.143401356082,1.1677065419843755,4680.335270975001,27.564729024998996,0.005889477447468483,0.5889477447468483,0.5008566249892736,0.9695664594393129,normal,False,False,4,7,True
2012-10-01,2012,4,2012Q4,第二产业,17312.4,5043.4000000000015,亿元（当年价格，按累计值差分得到单季度值）,7.3,True,浙江省第二产业季度.xlsx,8.52583573679758,8.376341879830113,0.14647660360958525,0.003017253357882055,4343.092277983774,1.157747843381038,5028.205718440553,15.194281559448427,0.003021809848336998,0.3021809848336998,0.2038503571524099,0.9860001912808579,normal,False,False,4,7,True
2013-01-01,2013,1,2013Q1,第一产业,258.3,258.3,亿元（当年价格，按累计值差分得到单季度值）,2.6,False,浙江省第一产业季度.xlsx,5.554121700101795,6.0165095381275435,-0.4631282344078194,0.0007403963820706849,410.14450061392233,0.6293119278913123,258.1088263953669,0.19117360463309296,0.0007406705431307614,0.07406705431307614,0.07000300587403424,0.9995742225552446,normal,False,False,4,7,True
2013-01-01,2013,1,2013Q1,第三产业,3446.7,3446.7,亿元（当年价格，按累计值差分得到单季度值）,8.2,False,浙江省第三产业季度.xlsx,8.145172530527429,8.323003261511786,-0.16220304611849223,-0.015627684865865632,4117.507409283179,0.8502685432843373,3500.9870268536756,-54.2870268536758,-0.015506206231921782,-1.5506206231921782,-1.3414724960679676,0.794494792157827,normal,False,False,4,7,True
2013-01-01,2013,1,2013Q1,第二产业,3556.6,3556.6,亿元（当年价格，按累计值差分得到单季度值）,8.6,False,浙江省第二产业季度.xlsx,8.17656031130956,8.395733642139486,-0.22001273117088946,0.0008394003409630812,4428.134384360084,0.8025085810235566,3553.615841374431,2.9841586255688526,0.0008397527360231027,0.08397527360231027,-0.049950708328966496,0.999339492639798,normal,False,False,4,7,True
2013-04-01,2013,2,2013Q2,第一产业,679.9,421.59999999999997,亿元（当年价格，按累计值差分得到单季度值）,2.4,False,浙江省第一产业季度.xlsx,6.044056997227153,6.031255736358819,0.07592310862885997,-0.06312184776052643,416.23738576159667,1.0788796144350323,449.0700302639173,-27.47003026391735,-0.06117092750049091,-6.117092750049091,-5.034554948915538,0.0,medium,True,False,4,7,True
2013-04-01,2013,2,2013Q2,第三产业,7833.7,4387.0,亿元（当年价格，按累计值差分得到单季度值）,8.1,False,浙江省第三产业季度.xlsx,8.386400901166214,8.347740872813189,0.030785215183626927,0.007874813169397754,4220.635013377509,1.031263980252787,4352.588863089966,34.41113691003375,0.007905901060824005,0.7905901060824005,0.6724607062171942,0.9454931926539273,normal,False,False,4,7,True
2013-04-01,2013,2,2013Q2,第二产业,8440.3,4883.699999999999,亿元（当年价格，按累计值差分得到单季度值）,8.9,False,浙江省第二产业季度.xlsx,8.493658408282574,8.414350201326773,0.0796940885292819,-0.00038588157348051766,4511.343137385819,1.0829557284176998,4885.58489348985,-1.8848934898514926,-0.0003858071307619726,-0.03858071307619726,-0.19274172911180562,0.9996493441289689,normal,False,False,4,7,True
2013-07-01,2013,3,2013Q3,第一产业,1074.5,394.6,亿元（当年价格，按累计值差分得到单季度值）,1.8,False,浙江省第一产业季度.xlsx,5.977872593588515,6.044145845717973,-0.07203781571976944,0.005764563590311411,421.63746018784593,0.9304957077809475,392.3318469444506,2.268153055549419,0.005781210659328906,0.5781210659328906,0.47158852848349936,0.9744467116751446,normal,False,False,4,7,True
2013-07-01,2013,3,2013Q3,第三产业,12063.0,4229.3,亿元（当年价格，按累计值差分得到单季度值）,8.5,False,浙江省第三产业季度.xlsx,8.349791773712662,8.368345921806467,-0.02706568128417194,0.008511533190366904,4308.503563676627,0.9732973120075397,4193.454937301364,35.84506269863596,0.008547859279418812,0.8547859279418812,0.7270213571261096,0.9366502140178548,normal,False,False,4,7,True
2013-07-01,2013,3,2013Q3,第二产业,13057.6,4617.300000000001,亿元（当年价格，按累计值差分得到单季度值）,8.5,False,浙江省第二产业季度.xlsx,8.437565397654017,8.430418019410645,0.0013053394593803627,0.005842038783992365,4584.416067378726,1.0013061917857504,4590.404193988397,26.89580601160378,0.005859136772057294,0.5859136772057294,0.5330431655437274,0.9539306692757976,normal,False,False,4,7,True
2013-10-01,2013,4,2013Q4,第一产业,1784.62,710.1199999999999,亿元（当年价格，按累计值差分得到单季度值）,0.4,True,浙江省第一产业季度.xlsx,6.565433969838597,6.056668368455697,0.4433118491941737,0.06545375218872529,426.9506225371378,1.557858075384312,665.1284751098397,44.991524890160235,0.06764336000308857,6.764336000308857,5.242590966083992,0.0,medium,True,False,4,7,True
2013-10-01,2013,4,2013Q4,第三产业,17337.22,5274.220000000001,亿元（当年价格，按累计值差分得到单季度值）,8.7,True,浙江省第三产业季度.xlsx,8.570586080112243,8.386532193064232,0.1646276320258973,0.019426255022112926,4387.576015368853,1.1789540322410486,5172.750435083225,101.46956491677611,0.019616172515994013,1.9616172515994013,1.662305796153771,0.6927354584822494,normal,False,False,4,7,True
2013-10-01,2013,4,2013Q4,第二产业,18446.65,5389.050000000001,亿元（当年价格，按累计值差分得到单季度值）,8.4,True,浙江省第二产业季度.xlsx,8.592124396049668,8.445065544418261,0.1411980325525499,0.005860819078856494,4652.060619582152,1.1516526901259918,5357.558127170975,31.49187282902585,0.005878027280621367,0.5878027280621367,0.5352317700131483,0.9397962629382026,normal,False,False,4,7,True
2014-01-01,2014,1,2014Q1,第一产业,274.21,274.21,亿元（当年价格，按累计值差分得到单季度值）,0.3,False,浙江省第一产业季度.xlsx,5.6138942361933335,6.0658553128521815,-0.4516977083449913,-0.00026336831385709303,430.8910667730758,0.6365465633582548,274.2822277361738,-0.07222773617382927,-0.0002633336354672666,-0.026333363546726662,-0.010228672986080196,0.9999452293006973,normal,False,False,4,7,True
2014-01-01,2014,1,2014Q1,第三产业,3749.32,3749.32,亿元（当年价格，按累计值差分得到单季度值）,7.9,False,浙江省第三产业季度.xlsx,8.229329769188247,8.402917863950503,-0.1611029030936201,-0.012485191668634599,4460.061632882162,0.8512044750264911,3796.4244208032524,-47.1044208032522,-0.012407575018518524,-1.2407575018518524,-1.0721916996878094,0.8660251693681544,normal,False,False,4,7,True
2014-01-01,2014,1,2014Q1,第二产业,3744.93,3744.93,亿元（当年价格，按累计值差分得到单季度值）,6.5,False,浙江省第二产业季度.xlsx,8.228158204187844,8.456902281930617,-0.2247413660718714,-0.004002711670901604,4707.4530259716175,0.798722768854989,3759.9499151588475,-15.019915158847652,-0.003994711498228276,-0.3994711498228276,-0.6142372686451489,0.977662132820554,normal,False,False,4,7,True
2014-04-01,2014,2,2014Q2,第一产业,755.2,480.99000000000007,亿元（当年价格，按累计值差分得到单季度值）,0.9,False,浙江省第一产业季度.xlsx,6.175846479868856,6.071089900966448,0.0955880841214833,0.009168494780924519,433.1525177481312,1.1003057372297547,476.6002003737819,4.389799626218178,0.00921065417676159,0.921065417676159,0.7436673486045529,0.9359932918877917,normal,False,False,4,7,True
2014-04-01,2014,2,2014Q2,第三产业,8307.66,4558.34,亿元（当年价格，按累计值差分得到单季度值）,8.4,False,浙江省第三产业季度.xlsx,8.424713801143854,8.420908144667642,0.017257660367568064,-0.013452003891355702,4541.025491291515,1.0174074341293229,4620.073093410747,-61.73309341074673,-0.013361930030672431,-1.336193003067243,-1.155038009590344,0.845873212944067,normal,False,False,4,7,True
2014-04-01,2014,2,2014Q2,第二产业,8915.35,5170.42,亿元（当年价格，按累计值差分得到单季度值）,6.5,False,浙江省第二产业季度.xlsx,8.550709202113879,8.458206838693904,0.07908233097919579,0.01342003244077894,4713.59817312963,1.0822934246797429,5101.496309360646,68.92369063935439,0.01351048524976628,1.351048524976628,1.4161619294649295,0.7478333793169303,normal,False,False,4,7,True
2014-07-01,2014,3,2014Q3,第一产业,1153.41,398.21000000000004,亿元（当年价格，按累计值差分得到单季度值）,1.1,False,浙江省第一产业季度.xlsx,5.986979504323308,6.072382876415781,-0.08497609079065213,-0.00042728130182023705,433.7129355445476,0.9185342455664897,398.38018404283844,-0.17018404283840027,-0.00042719003016500334,-0.042719003016500334,-0.023330363317104752,0.9998608534977499,normal,False,False,4,7,True
2014-07-01,2014,3,2014Q3,第三产业,12819.16,4511.5,亿元（当年价格，按累计值差分得到单季度值）,8.4,False,浙江省第三产业季度.xlsx,8.414384971434556,8.446792478899072,-0.027394729344427982,-0.005012778120088157,4660.101364394336,0.9729771030999202,4534.171925680388,-22.671925680388085,-0.005000235115033891,-0.5000235115033891,-0.4318792646418163,0.9777654671434692,normal,False,False,4,7,True
2014-07-01,2014,3,2014Q3,第二产业,13849.62,4934.27,亿元（当年价格，按累计值差分得到单季度值）,6.9,False,浙江省第二产业季度.xlsx,8.503960017926909,8.459334472371546,0.001613535072182257,0.04301201048317971,4718.916383105326,1.0016148375203178,4726.53666633601,207.73333366399038,0.04395043312443492,4.395043312443492,4.864730542000563,0.0,normal,True,False,4,7,True
2014-10-01,2014,4,2014Q4,第一产业,1779.26,625.8499999999999,亿元（当年价格，按累计值差分得到单季度值）,1.4,True,浙江省第一产业季度.xlsx,6.439110725774032,6.072396129707248,0.42803132711069464,-0.061316731043910444,433.71868370658626,1.534234143337588,665.4260131460808,-39.57601314608087,-0.05947470096482799,-5.947470096482799,-4.890270590937901,0.0,medium,True,False,4,7,True
2014-10-01,2014,4,2014Q4,第三产业,19221.51,6402.3499999999985,亿元（当年价格，按累计值差分得到单季度值）,8.7,True,浙江省第三产业季度.xlsx,8.764420389450931,8.480252295781511,0.1681085800827747,0.11605951358664512,4818.665472493068,1.1830650609763596,5700.794761039691,701.5552389603072,0.12306270763418259,12.306270763418258,9.942826767844489,0.0,high,True,False,4,7,True
2014-10-01,2014,4,2014Q4,第二产业,19152.73,5303.109999999999,亿元（当年价格，按累计值差分得到单季度值）,7.1,True,浙江省第二产业季度.xlsx,8.57604871989767,8.46177742598287,0.14600914351269018,-0.03173784959789039,4730.458569697841,1.1572067689371999,5474.118677031331,-171.0086770313319,-0.03123949024869732,-3.123949024869732,-3.8464147858869278,0.1274502912995314,normal,True,False,4,7,True
2015-01-01,2015,1,2015Q1,第一产业,278.19,278.19,亿元（当年价格，按累计值差分得到单季度值）,1.1,False,浙江省第一产业季度.xlsx,5.628304333480244,6.073496560795633,-0.4420476824309514,-0.0031445448844369395,434.19622393161535,0.6427189883210903,279.0661577781654,-0.8761577781654069,-0.003139605981395621,-0.3139605981395621,-0.2405233170275164,0.9923253285791026,normal,False,False,4,7,True
2015-01-01,2015,1,2015Q1,第三产业,4291.97,4291.97,亿元（当年价格，按累计值差分得到单季度值）,10.8,False,浙江省第三产业季度.xlsx,8.364501113977791,8.515511193317382,-0.14529666864017837,-0.005713410699412336,4991.597078335924,0.8647657061858491,4316.561972442389,-24.591972442388396,-0.005697120208023709,-0.5697120208023709,-0.49191659394981313,0.9712419435854788,normal,False,False,4,7,True
2015-01-01,2015,1,2015Q1,第二产业,3772.22,3772.22,亿元（当年价格，按累计值差分得到单季度值）,6.0,False,浙江省第二产业季度.xlsx,8.23541896654883,8.461272715501705,-0.22269220292469719,-0.003161546028177753,4728.071660076819,0.8003611602100185,3784.1649194151883,-11.944919415188451,-0.003156553604179213,-0.3156553604179213,-0.5162101131341381,0.989364582173526,normal,False,False,4,7,True
2015-04-01,2015,2,2015Q2,第一产业,763.3,485.10999999999996,亿元（当年价格，按累计值差分得到单季度值）,1.2,False,浙江省第一产业季度.xlsx,6.184375669345028,6.077643738688118,0.11525603107544276,-0.008524100418533465,436.0006519683279,1.122160708808283,489.26280065365256,-4.152800653652605,-0.00848787328222067,-0.848787328222067,-0.6705152999820939,0.9445534370706543,normal,False,False,4,7,True
2015-04-01,2015,2,2015Q2,第三产业,9646.83,5354.86,亿元（当年价格，按累计值差分得到单季度值）,11.4,False,浙江省第三产业季度.xlsx,8.585759838749244,8.550837302947789,0.002021649804177735,0.03290088599727703,5171.082377538314,1.0020236947159427,5181.5470696214425,173.3129303785572,0.03344810498676387,3.344810498676387,2.8169493012274205,0.2679469098649955,normal,False,False,4,7,True
2015-04-01,2015,2,2015Q2,第二产业,8870.56,5098.34,亿元（当年价格，按累计值差分得到单季度值）,5.8,False,浙江省第二产业季度.xlsx,8.536670275532908,8.46554934719375,0.0711547633220357,-3.38349828776785e-05,4748.33518010227,1.0737473897230514,5098.512505164943,-0.1725051649427769,-3.3834410481103916e-05,-0.0033834410481103916,-0.15171517722792763,1.0,normal,False,False,4,7,True
2015-07-01,2015,3,2015Q3,第一产业,1161.16,397.8600000000001,亿元（当年价格，按累计值差分得到单季度值）,1.1,False,浙江省第一产业季度.xlsx,5.986100184608832,6.090822663523093,-0.09150851602411754,-0.013213962890143094,441.7847018517497,0.9125535447909248,403.15219570921585,-5.292195709215719,-0.013127041761253011,-1.312704176125301,-1.0453795896376445,0.8693978498991914,normal,False,False,4,7,True
2015-07-01,2015,3,2015Q3,第三产业,14858.25,5211.42,亿元（当年价格，按累计值差分得到单季度值）,11.3,False,浙江省第三产业季度.xlsx,8.55860765039476,8.585629235600235,-0.03003631466914218,0.0030147294636666544,5354.16068408892,0.9704102927799192,5195.732637037465,15.68736296253519,0.0030192783305877935,0.30192783305877935,0.25599927619511187,0.9918930897590112,normal,False,False,4,7,True
2015-07-01,2015,3,2015Q3,第二产业,13664.82,4794.26,亿元（当年价格，按累计值差分得到单季度值）,5.4,False,浙江省第二产业季度.xlsx,8.475174647983437,8.476811573361788,0.0017145529971411052,-0.0033514783754924338,4802.114272539633,1.0017160236835343,4810.354814362349,-16.094814362349098,-0.0033458684407841055,-0.33458684407841055,-0.5383443121564582,0.9856126699824382,normal,False,False,4,7,True
2015-10-01,2015,4,2015Q4,第一产业,1832.8,671.6399999999999,亿元（当年价格，按累计值差分得到单季度值）,1.5,True,浙江省第一产业季度.xlsx,6.509722482691268,6.107694454779549,0.40563168215763346,-0.003603654245913468,449.3016348724275,1.5002498818855445,674.0647246483412,-2.424724648341339,-0.0035971688766331944,-0.35971688766331944,-0.2772202789759643,0.9899780335080549,normal,False,False,4,7,True
2015-10-01,2015,4,2015Q4,第三产业,21346.6,6488.3499999999985,亿元（当年价格，按累计值差分得到单季度值）,11.3,True,浙江省第三产业季度.xlsx,8.777763540086221,8.617234320589398,0.1651134247543578,-0.00458420525753489,5526.081868882405,1.1795268986730079,6518.162208616002,-29.812208616003772,-0.00457371382635996,-0.45737138263599597,-0.3951547804529701,0.9814128393233071,normal,False,False,4,7,True
2015-10-01,2015,4,2015Q4,第二产业,19707.09,6042.27,亿元（当年价格，按累计值差分得到单季度值）,5.4,True,浙江省第二产业季度.xlsx,8.706535048137846,8.492317428918383,0.14783831772557887,0.0663793014938836,4877.155448114331,1.1593254388353573,5654.210380153404,388.05961984659643,0.06863197400802545,6.863197400802545,7.58789106286995,0.0,medium,True,False,4,7,True
2016-01-01,2016,1,2016Q1,第一产业,301.8,301.8,亿元（当年价格，按累计值差分得到单季度值）,1.2,False,浙江省第一产业季度.xlsx,5.709764546333749,6.122110885561518,-0.437206587938252,0.024860248710482757,455.82587593068496,0.645837995288061,294.38966991149806,7.410330088501951,0.025171841426126385,2.5171841426126385,1.997921226167547,0.5797010911631556,normal,False,False,4,7,True
2016-01-01,2016,1,2016Q1,第三产业,5075.38,5075.38,亿元（当年价格，按累计值差分得到单季度值）,9.5,False,浙江省第三产业季度.xlsx,8.532156677954147,8.64617618215589,-0.12649110241216077,0.012471598210417767,5688.353865313942,0.8811819899027928,5012.474978308585,62.90502169141473,0.012549692908919274,1.2549692908919274,1.0663600272165084,0.8664671001003718,normal,False,False,4,7,True
2016-01-01,2016,1,2016Q1,第二产业,3979.02,3979.02,亿元（当年价格，按累计值差分得到单季度值）,5.0,False,浙江省第二产业季度.xlsx,8.288790836802836,8.512283907167369,-0.21298998064439317,-0.01050308972014058,4975.513732956964,0.8081642344607775,4021.0322470442525,-42.01224704425249,-0.010448124875182097,-1.0448124875182097,-1.3717736414452713,0.8447580485564485,normal,False,False,4,7,True
2016-04-01,2016,2,2016Q2,第一产业,832.49,530.69,亿元（当年价格，按累计值差分得到单季度值）,1.7,False,浙江省第一产业季度.xlsx,6.274178046618819,6.1347993407586605,0.12149008148147955,0.017888624378678664,461.64645109774295,1.1291781660950615,521.281093034843,9.40890696515703,0.018049584170374056,1.8049584170374056,1.440673968127988,0.7680447140851816,normal,False,False,4,7,True
2016-04-01,2016,2,2016Q2,第三产业,10816.06,5740.679999999999,亿元（当年价格，按累计值差分得到单季度值）,9.7,False,浙江省第三产业季度.xlsx,8.655332949195918,8.676763440679196,-0.008936725733436169,-0.012493765749841401,5865.0333108994455,0.9911030881099083,5812.85262629992,-72.17262629992092,-0.012416042679867734,-1.2416042679867734,-1.0729264142188162,0.866349267668993,normal,False,False,4,7,True
2016-04-01,2016,2,2016Q2,第二产业,9113.78,5134.76,亿元（当年价格，按累计值差分得到单季度值）,6.1,False,浙江省第二产业季度.xlsx,8.543788383198347,8.532004620141613,0.060287246814121724,-0.04850348375738811,5074.608307491844,1.062141599521123,5389.952584662567,-255.19258466256633,-0.04734597951542874,-4.734597951542874,-5.800236177916064,0.0,normal,True,False,4,7,True
2016-07-01,2016,3,2016Q3,第一产业,1251.14,418.6500000000001,亿元（当年价格，按累计值差分得到单季度值）,2.5,False,浙江省第一产业季度.xlsx,6.037035248650441,6.142073373644206,-0.09821037297440209,-0.006827752019362698,465.0167254472243,0.9064581893885774,421.51821898429597,-2.868218984295879,-0.006804495879697003,-0.6804495879697003,-0.5349248766993341,0.9642413915451802,normal,False,False,4,7,True
2016-07-01,2016,3,2016Q3,第三产业,16653.46,5837.4,亿元（当年价格，按累计值差分得到单季度值）,9.2,False,浙江省第三产业季度.xlsx,8.672040771209437,8.708703994437695,-0.02960655298589984,-0.00705667024235801,6055.389581850202,0.9708274275686342,5878.738290673538,-41.33829067353872,-0.007031830408086193,-0.7031830408086193,-0.60702074112454,0.956114921684331,normal,False,False,4,7,True
2016-07-01,2016,3,2016Q3,第二产业,14329.73,5215.949999999999,亿元（当年价格，按累计值差分得到单季度值）,6.2,False,浙江省第二产业季度.xlsx,8.559476517670973,8.553896190115442,0.001964974616560859,0.0036153529389704175,5186.924352119717,1.0019669064443064,5197.126547054031,18.8234529459678,0.003621896210443065,0.3621896210443065,0.2735512551307967,0.9844818875632414,normal,False,False,4,7,True
2016-10-01,2016,4,2016Q4,第一产业,1966.54,715.3999999999999,亿元（当年价格，按累计值差分得到单季度值）,2.7,True,浙江省第一产业季度.xlsx,6.572841826824917,6.143118408968047,0.4185734958939909,0.011149921962879006,465.50293836207965,1.5197920190047014,707.4676505459263,7.932349454073574,0.011212314015987213,1.1212314015987213,0.9020443367495037,0.9060521133806293,normal,False,False,4,7,True
2016-10-01,2016,4,2016Q4,第三产业,24000.61,7347.1500000000015,亿元（当年价格，按累计值差分得到单季度值）,9.4,True,浙江省第三产业季度.xlsx,8.902067761908393,8.740501483956264,0.15656497682524448,0.005001301126885238,6251.029717477483,1.1694867493864576,7310.496424610887,36.65357538911485,0.005013828509062623,0.5013828509062623,0.4262289524308842,0.9779062785036917,normal,False,False,4,7,True
2016-10-01,2016,4,2016Q4,第二产业,20517.83,6188.100000000002,亿元（当年价格，按累计值差分得到单季度值）,5.8,True,浙江省第二产业季度.xlsx,8.730383371872659,8.575550904008617,0.14556744429757876,0.009265023566463526,5300.470684581678,1.156695744483497,6131.031884615151,57.0681153848509,0.009308076757528205,0.9308076757528205,0.9319484994522369,0.8469307154929185,normal,False,False,4,7,True
2017-01-01,2017,1,2017Q1,第一产业,297.08,297.08,亿元（当年价格，按累计值差分得到单季度值）,1.1,False,浙江省第一产业季度.xlsx,5.694001462801095,6.143823824350199,-0.4398600050478322,-0.009962356501271863,465.8314271421346,0.6441265892425015,300.05440832703016,-2.9744083270301758,-0.00991289660969874,-0.991289660969874,-0.7854762072714414,0.9245392481672957,normal,False,False,4,7,True
2017-01-01,2017,1,2017Q1,第三产业,5818.85,5818.85,亿元（当年价格，按累计值差分得到单季度值）,10.0,False,浙江省第三产业季度.xlsx,8.668857926699399,8.773199217969108,-0.11042116559430931,0.006079874324599999,6458.80256389636,0.8954569202211151,5783.57945218288,35.27054781712013,0.006098394274467456,0.6098394274467456,0.5186520799943237,0.9673995507850236,normal,False,False,4,7,True
2017-01-01,2017,1,2017Q1,第二产业,4436.0,4436.0,亿元（当年价格，按累计值差分得到单季度值）,6.1,False,浙江省第二产业季度.xlsx,8.397508348470257,8.592655567316465,-0.19614202974139663,0.0009948108951896018,5391.913268891091,0.8218954927836771,4431.589213182089,4.410786817910775,0.000995305883674913,0.09953058836749129,-0.0318395851524617,0.9993607529790213,normal,False,False,4,7,True
2017-04-01,2017,2,2017Q2,第一产业,820.48,523.4000000000001,亿元（当年价格，按累计值差分得到单季度值）,1.5,False,浙江省第一产业季度.xlsx,6.260345990096046,6.146525680166498,0.12243393562000075,-0.008613625690452764,467.09173831581904,1.130244448708728,527.9278442691644,-4.527844269164348,-0.008576634701722319,-0.8576634701722319,-0.6776711233494964,0.9434200585002276,normal,False,False,4,7,True
2017-04-01,2017,2,2017Q2,第三产业,12387.82,6568.969999999999,亿元（当年价格，按累计值差分得到单季度值）,9.8,False,浙江省第三产业季度.xlsx,8.790112325976883,8.805251252707148,-0.016709771042781194,0.0015708443125159732,6669.173730211951,0.9834290628117996,6558.659271231418,10.310728768581612,0.00157207873472065,0.157207873472065,0.13227250290378506,0.9977767836657241,normal,False,False,4,7,True
2017-04-01,2017,2,2017Q2,第二产业,10174.91,5738.91,亿元（当年价格，按累计值差分得到单季度值）,6.6,False,浙江省第二产业季度.xlsx,8.6550245758108,8.607837351806058,0.05043516282855728,-0.003247938823815133,5474.396672484252,1.051728670032206,5757.5799315806,-18.66993158059995,-0.003242669976354917,-0.3242669976354917,-0.5262780944957552,0.9838225207571691,normal,False,False,4,7,True
2017-07-01,2017,3,2017Q3,第一产业,1247.79,427.30999999999995,亿元（当年价格，按累计值差分得到单季度值）,1.9,False,浙江省第一产业季度.xlsx,6.057509745137665,6.149967660578747,-0.10072113960920971,0.008263224168127081,468.7022289784959,0.9041851391542555,423.79359013083103,3.5164098691689105,0.008297458836230565,0.8297458836230565,0.6713083770426671,0.9478093507562032,normal,False,False,4,7,True
2017-07-01,2017,3,2017Q3,第三产业,19046.65,6658.830000000002,亿元（当年价格，按累计值差分得到单季度值）,9.3,False,浙江省第三产业季度.xlsx,8.80369907242598,8.834763930384375,-0.02626707660217521,-0.004797781356218778,6868.9321083106315,0.9740749022501609,6690.854371965665,-32.024371965663704,-0.004786290387643777,-0.4786290387643777,-0.4134561540222241,0.9795548801671761,normal,False,False,4,7,True
2017-07-01,2017,3,2017Q3,第二产业,16663.59,6488.68,亿元（当年价格，按累计值差分得到单季度值）,7.3,False,浙江省第二产业季度.xlsx,8.77781439918111,8.624109211847175,0.005245599157918282,0.14845958817601712,5564.203973323261,1.0052593814013513,5593.468244213882,895.2117557861184,0.16004591725574957,16.004591725574958,17.15330436354054,0.0,high,True,False,4,7,True
2017-10-01,2017,4,2017Q4,第一产业,2017.43,769.6400000000001,亿元（当年价格，按累计值差分得到单季度值）,2.8,True,浙江省第一产业季度.xlsx,6.6459228730528155,6.153907703232146,0.4203749342612921,0.07164023555937771,470.5525785868792,1.5225322981389813,716.4314988711047,53.208501128895364,0.0742687908233195,7.42687908233195,5.737081307377422,0.0,medium,True,False,4,7,True
2017-10-01,2017,4,2017Q4,第三产业,27279.31,8232.66,亿元（当年价格，按累计值差分得到单季度值）,8.8,True,浙江省第三产业季度.xlsx,9.015864449227161,8.864279053404413,0.14471512066897876,0.006870275153769256,7074.691047813679,1.1557102853940637,8176.293209943573,56.36679005642691,0.006893929634015139,0.6893929634015139,0.5863816664659114,0.958479425049486,normal,False,False,4,7,True
2017-10-01,2017,4,2017Q4,第二产业,22471.52,5807.93,亿元（当年价格，按累计值差分得到单季度值）,7.0,True,浙江省第二产业季度.xlsx,8.666979504090405,8.640057395321085,0.12430733333605494,-0.09738522456673593,5653.654308428329,1.1323638306803425,6401.993650034329,-594.0636500343289,-0.09279353940489199,-9.279353940489198,-11.49678126319834,0.0,high,True,False,4,7,True
2018-01-01,2018,1,2018Q1,第一产业,303.4,303.4,亿元（当年价格，按累计值差分得到单季度值）,1.4,False,浙江省第一产业季度.xlsx,5.715052066914432,6.158052539630014,-0.44299304272871676,-7.429986864870841e-06,472.5069896006598,0.642111674417368,303.4022542663895,-0.0022542663895137593,-7.4299592630611144e-06,-0.0007429959263061114,0.010228672986080196,1.0,normal,False,False,4,7,True
2018-01-01,2018,1,2018Q1,第三产业,6550.62,6550.62,亿元（当年价格，按累计值差分得到单季度值）,8.1,False,浙江省第三产业季度.xlsx,8.787314980638204,8.895838902078179,-0.09761990732100675,-0.010904014118967353,7301.527866940939,0.9069935798649386,6622.438898520366,-71.81889852036602,-0.010844780845982949,-1.0844780845982949,-0.936700316550371,0.8970913560363294,normal,False,False,4,7,True
2018-01-01,2018,1,2018Q1,第二产业,4837.46,4837.46,亿元（当年价格，按累计值差分得到单季度值）,6.9,False,浙江省第二产业季度.xlsx,8.484145068570001,8.65662593042789,-0.17199888399832258,-0.00048197785956638484,5748.107392203355,0.8419801128191938,4839.792110584226,-2.3321105842260295,-0.0004818617268964598,-0.04818617268964598,-0.2039405288507798,0.9997308220711023,normal,False,False,4,7,True
2018-04-01,2018,2,2018Q2,第一产业,804.9,501.5,亿元（当年价格，按累计值差分得到单季度值）,1.5,False,浙江省第一产业季度.xlsx,6.2176036074019905,6.162250034697036,0.12128404638962444,-0.06593047368466998,474.4945037308594,1.1289455397333092,535.6784536149239,-34.17845361492391,-0.0638040477160825,-6.38040477160825,-5.259050564370309,0.0,medium,True,False,4,7,True
2018-04-01,2018,2,2018Q2,第三产业,13916.49,7365.87,亿元（当年价格，按累计值差分得到单季度值）,8.1,False,浙江省第三产业季度.xlsx,8.904612448193284,8.926779369600474,-0.01971283516216159,-0.0024540862450290746,7530.97180021669,0.980480192319071,7383.968679025959,-18.098679025959427,-0.0024510774371738764,-0.24510774371738764,-0.21262450653622694,0.9945803163649082,normal,False,False,4,7,True
2018-04-01,2018,2,2018Q2,第二产业,10952.88,6115.419999999999,亿元（当年价格，按累计值差分得到单季度值）,7.4,False,浙江省第二产业季度.xlsx,8.718568729327668,8.671641892698966,0.04183817396121085,0.005088662667491306,5835.07205089828,1.0427257249231419,6084.379734251669,31.040265748330057,0.005101631900716219,0.5101631900716219,0.4452467625767846,0.9637780929705495,normal,False,False,4,7,True
2018-07-01,2018,3,2018Q3,第一产业,1233.01,428.11,亿元（当年价格，按累计值差分得到单季度值）,1.8,False,浙江省第一产业季度.xlsx,6.059380171906347,6.167524279284901,-0.09781647513854795,-0.010327632240006324,477.0037150796264,0.9068153116378929,432.554272542364,-4.44427254236399,-0.010274485363981012,-1.0274485363981012,-0.8146729760803365,0.919206193408616,normal,False,False,4,7,True
2018-07-01,2018,3,2018Q3,第三产业,21639.5,7723.01,亿元（当年价格，按累计值差分得到单季度值）,8.0,False,浙江省第三产业季度.xlsx,8.951959463402039,8.956092423232564,-0.02221087766148769,0.01807791783096313,7754.994940809674,0.9780339677874128,7584.648472131397,138.36152786860293,0.018242312531291383,1.8242312531291383,1.5467665444087786,0.7315314933108854,normal,False,False,4,7,True
2018-07-01,2018,3,2018Q3,第二产业,16923.11,5970.230000000001,亿元（当年价格，按累计值差分得到单季度值）,7.2,False,浙江省第二产业季度.xlsx,8.694540731607692,8.684330371901108,0.007850382963435196,0.002359976743148806,5909.581950256979,1.0078812780128443,5956.157008546638,14.072991453363102,0.002362763680200164,0.2362763680200164,0.1272531286712662,0.9920244706610221,normal,False,False,4,7,True
2018-10-01,2018,4,2018Q4,第一产业,1967.01,734.0,亿元（当年价格，按累计值差分得到单季度值）,1.9,True,浙江省第一产业季度.xlsx,6.598509028614515,6.176479502008155,0.41927208247239184,0.0027574441339686118,481.29457370956135,1.5208540962443982,731.9788239263879,2.0211760736120823,0.00276124937982547,0.276124937982547,0.23122717338294427,0.9941186356123349,normal,False,False,4,7,True
2018-10-01,2018,4,2018Q4,第三产业,30724.26,9084.759999999998,亿元（当年价格，按累计值差分得到单季度值）,7.8,True,浙江省第三产业季度.xlsx,9.114353563310171,8.984275215859284,0.1262814480852767,0.003796899365610784,7976.661271450376,1.1346014547566274,9050.33148268844,34.42851731155861,0.0038041167196376513,0.38041167196376513,0.3230235530609118,0.9867081212507556,normal,False,False,4,7,True
2018-10-01,2018,4,2018Q4,第二产业,23505.88,6582.77,亿元（当年价格，按累计值差分得到单季度值）,6.7,True,浙江省第二产业季度.xlsx,8.792210908379616,8.697524786122036,0.11365160440417216,-0.01896548214659255,5988.072099442173,1.1203617277900917,6708.806803462673,-126.03680346267265,-0.01878676896726561,-1.878676896726561,-2.3579578318703436,0.5774684746970867,normal,False,False,4,7,True
2019-01-01,2019,1,2019Q1,第一产业,311.11,311.11,亿元（当年价格，按累计值差分得到单季度值）,1.5,False,浙江省第一产业季度.xlsx,5.740146547392127,6.189708884500266,-0.4411050296163,-0.008457307491839039,487.7041073214788,0.6433251348324337,313.7523106009221,-2.6423106009220874,-0.008421645073661277,-0.8421645073661277,-0.665176490332367,0.945401923829905,normal,False,False,4,7,True
2019-01-01,2019,1,2019Q1,第三产业,7540.08,7540.08,亿元（当年价格，按累计值差分得到单季度值）,7.8,False,浙江省第三产业季度.xlsx,8.927988071025291,9.008168830419768,-0.07785117931110253,-0.002329580083374694,8169.547742279957,0.9251020906300812,7557.665695885453,-17.58569588545288,-0.0023268687175495018,-0.23268687175495018,-0.2019555515822209,0.9950192051436201,normal,False,False,4,7,True
2019-01-01,2019,1,2019Q1,第二产业,5232.88,5232.88,亿元（当年价格，按累计值差分得到单季度值）,7.9,False,浙江省第二产业季度.xlsx,8.562717074712374,8.709269810765115,-0.153543043269127,0.006990307216387492,6058.816789638128,0.8576638467485336,5196.428114545633,36.451885454366675,0.0070147964430282705,0.701479644302827,0.6668592446530532,0.9313591014973663,normal,False,False,4,7,True
2019-04-01,2019,2,2019Q2,第一产业,872.46,561.35,亿元（当年价格，按累计值差分得到单季度值）,1.6,False,浙江省第一产业季度.xlsx,6.330344596904789,6.204567606887363,0.12048700780341241,0.005289982214012667,495.00487296172867,1.1280460850740612,558.3883090370613,2.9616909629387465,0.005303998874987448,0.5303998874987448,0.4336548765721837,0.9784581945899099,normal,False,False,4,7,True
2019-04-01,2019,2,2019Q2,第三产业,15789.37,8249.29,亿元（当年价格，按累计值差分得到单季度值）,8.3,False,浙江省第三产业季度.xlsx,9.01788241501924,9.028858678613782,-0.023320662924074368,0.012344399329533573,8340.335135130015,0.9769491621656383,8148.083422445902,101.20657755409866,0.012420905912094549,1.2420905912094549,1.0554603326767265,0.870157405620937,normal,False,False,4,7,True
2019-04-01,2019,2,2019Q2,第二产业,11594.5,6361.62,亿元（当年价格，按累计值差分得到单季度值）,6.1,False,浙江省第二产业季度.xlsx,8.758038340880438,8.721472511194962,0.030510361519245056,0.006055468166231037,6133.203653135735,1.0309805725184809,6323.213813682315,38.40618631768484,0.006073839577364959,0.6073839577364959,0.5579156450895876,0.9488033783477156,normal,False,False,4,7,True
2019-07-01,2019,3,2019Q3,第一产业,1330.26,457.79999999999995,亿元（当年价格，按累计值差分得到单季度值）,1.7,False,浙江省第一产业季度.xlsx,6.126432407518466,6.21852789145955,-0.0962179482929661,0.004122464351882904,501.96374273686064,0.9082660394622982,455.9166205692804,1.8833794307195717,0.004130973396775595,0.41309733967755946,0.34033428205649224,0.9868897667955333,normal,False,False,4,7,True
2019-07-01,2019,3,2019Q3,第三产业,24030.54,8241.17,亿元（当年价格，按累计值差分得到单季度值）,7.6,False,浙江省第三产业季度.xlsx,9.016897603115112,9.048451532286684,-0.015958693748019885,-0.015595235423552012,8505.357451030746,0.9841679715059216,8370.700389513702,-129.53038951370218,-0.01547425943902736,-1.547425943902736,-1.3386918976323041,0.7929403096315257,normal,False,False,4,7,True
2019-07-01,2019,3,2019Q3,第二产业,17837.72,6243.220000000001,亿元（当年价格，按累计值差分得到单季度值）,5.7,False,浙江省第二产业季度.xlsx,8.739251353909053,8.736698674384803,0.012263753996030198,-0.00971107447178099,6227.303383793704,1.0123392621826295,6304.143712937113,-60.923712937112214,-0.009664074252001442,-0.9664074252001442,-1.279474339173928,0.8725346423771949,normal,False,False,4,7,True
2019-10-01,2019,4,2019Q4,第一产业,2097.38,767.1200000000001,亿元（当年价格，按累计值差分得到单季度值）,2.0,True,浙江省第一产业季度.xlsx,6.642643242845426,6.230176453172959,0.4142207872849357,-0.0017539976124680834,507.8450864670756,1.5131911833782912,768.466707363965,-1.3467073639649243,-0.0017524602576270976,-0.17524602576270976,-0.12937581142482804,0.9976158558269483,normal,False,False,4,7,True
2019-10-01,2019,4,2019Q4,第三产业,33687.76,9657.220000000001,亿元（当年价格，按累计值差分得到单季度值）,7.8,True,浙江省第三产业季度.xlsx,9.175461101109518,9.068381489997673,0.10008692221658232,0.006992688895262944,8676.569320888339,1.105266986156714,9589.925623478051,67.29437652194974,0.007017194831751228,0.7017194831751228,0.5968713215672623,0.9547329917542151,normal,False,False,4,7,True
2019-10-01,2019,4,2019Q4,第二产业,26566.6,8728.879999999997,亿元（当年价格，按累计值差分得到单季度值）,5.9,True,浙江省第二产业季度.xlsx,9.07439234736167,8.756640454562037,0.10182264898632162,0.2159292438133118,6352.7333911207215,1.1071870935611399,7033.664419483752,1695.2155805162456,0.2410145664357226,24.101456643572263,25.016034472219875,0.0,high,True,False,4,7,True
2020-01-01,2020,1,2020Q1,第一产业,334.99,334.99,亿元（当年价格，按累计值差分得到单季度值）,-0.7,False,浙江省第一产业季度.xlsx,5.814100680633255,6.239082618421998,-0.44079495424079373,0.01581301645205091,512.3882397348211,0.643524645045193,329.73446010068216,5.255539899317853,0.01593870382159368,1.593870382159368,1.2747690411223784,0.815900752925335,normal,False,False,4,7,True
2020-01-01,2020,1,2020Q1,第三产业,7848.78,7848.78,亿元（当年价格，按累计值差分得到单季度值）,-1.5,False,浙江省第三产业季度.xlsx,8.968113384685706,9.090407057131676,-0.05634065974409683,-0.0659530127018737,8869.795831164618,0.9452170836285654,8383.882547914232,-535.1025479142327,-0.06382514841496167,-6.382514841496167,-5.653858715301046,0.0,medium,True,False,4,7,True
2020-01-01,2020,1,2020Q1,第二产业,4930.22,4930.22,亿元（当年价格，按累计值差分得到单季度值）,-11.0,False,浙江省第二产业季度.xlsx,8.503138890787532,8.77748295434191,-0.13848032199389992,-0.13586374156047754,6486.52971687058,0.8706803843544578,5647.6941870114915,-717.4741870114913,-0.12703842723310532,-12.703842723310533,-15.980962948228099,0.0,high,True,False,4,7,True
2020-04-01,2020,2,2020Q2,第一产业,913.59,578.6,亿元（当年价格，按累计值差分得到单季度值）,1.3,False,浙江省第一产业季度.xlsx,6.360611392542035,6.245669674273062,0.12380251232049322,-0.00886079405151996,515.7745102198037,1.1317923338852862,583.749636680212,-5.149636680211984,-0.00882165290842496,-0.882165290842496,-0.6974274792464276,0.9401373522016444,normal,False,False,4,7,True
2020-04-01,2020,2,2020Q2,第三产业,16553.03,8704.25,亿元（当年价格，按累计值差分得到单季度值）,2.5,False,浙江省第三产业季度.xlsx,9.071566691109714,9.113898369180413,-0.025572447063126107,-0.016759231007572595,9080.625611623791,0.9747517585054688,8851.355783260085,-147.10578326008545,-0.01661957635216693,-1.6619576352166932,-1.438434884546082,0.7647191437631451,normal,False,False,4,7,True
2020-04-01,2020,2,2020Q2,第二产业,11620.02,6689.8,亿元（当年价格，按累计值差分得到单季度值）,-2.0,False,浙江省第二产业季度.xlsx,8.80833925730918,8.799373975415534,0.01800509229434712,-0.009039810400700787,6630.092106161979,1.018168161188564,6750.548688241755,-60.74868824175519,-0.008999074156382014,-0.8999074156382014,-1.2012470505846633,0.8859424453973604,normal,False,False,4,7,True
2020-07-01,2020,3,2020Q3,第一产业,1389.18,475.59000000000003,亿元（当年价格，按累计值差分得到单季度值）,1.4,False,浙江省第一产业季度.xlsx,6.164556138523246,6.2511911865362215,-0.09554252925497066,0.008907481241995363,518.6302422274131,0.9088797068549066,471.37250252174044,4.217497478259588,0.008947270907184723,0.8947270907184723,0.7228043370656286,0.9395390737559375,normal,False,False,4,7,True
2020-07-01,2020,3,2020Q3,第三产业,25858.2,9305.170000000002,亿元（当年价格，按累计值差分得到单季度值）,3.4,False,浙江省第三产业季度.xlsx,9.13832543865691,9.13893772893685,-0.01575988068343549,0.015147590403493894,9310.869209751521,0.9843636564081155,9165.281259648755,139.88874035124718,0.01526289661912772,1.526289661912772,1.29566627026377,0.8044675447850358,normal,False,False,4,7,True
2020-07-01,2020,3,2020Q3,第二产业,18578.54,6958.52,亿元（当年价格，按累计值差分得到单季度值）,1.0,False,浙江省第二产业季度.xlsx,8.847722087038433,8.827405392755697,0.015999708075558484,0.0043169862071774645,6818.57232733467,1.016128388773339,6928.544912709053,29.975087290947158,0.00432631781544246,0.432631781544246,0.35531768733018054,0.9738966191007403,normal,False,False,4,7,True
2020-10-01,2020,4,2020Q4,第一产业,2169.23,780.05,亿元（当年价格，按累计值差分得到单季度值）,1.3,True,浙江省第一产业季度.xlsx,6.659358020193259,6.2552050895445985,0.4124809115740139,-0.008327980925353806,520.7161572466239,1.5105607078062024,786.573367056586,-6.523367056586039,-0.008293399357007125,-0.8293399357007125,-0.654839319088529,0.9470625859275565,normal,False,False,4,7,True
2020-10-01,2020,4,2020Q4,第三产业,36031.16,10172.960000000003,亿元（当年价格，按累计值差分得到单季度值）,4.1,True,浙江省第三产业季度.xlsx,9.227488498809217,9.166136602573,0.08718207316463499,-0.025830176928417714,9567.589794022157,1.0910953208121015,10439.152455707197,-266.1924557071943,-0.02549943176293623,-2.549943176293623,-2.2157258405420457,0.528580625375649,normal,False,False,4,7,True
2020-10-01,2020,4,2020Q4,第二产业,26412.95,7834.41,亿元（当年价格，按累计值差分得到单季度值）,3.1,True,浙江省第二产业季度.xlsx,8.966280848827704,8.859619751365948,0.10421319944294488,0.002447898018811401,7041.80459883703,1.1098370463341451,7815.255616835493,19.154383164506726,0.0024508965673808447,0.24508965673808447,0.13749923493660862,0.9912688657627732,normal,False,False,4,7,True
2021-01-01,2021,1,2021Q1,第一产业,337.17,337.17,亿元（当年价格，按累计值差分得到单季度值）,2.8,False,浙江省第一产业季度.xlsx,5.820587254198285,6.25829990341968,-0.4442052312035614,0.006492581982167067,522.3301730861206,0.641333785615249,334.98798724638993,2.1820127536100813,0.006513704481006188,0.6513704481006188,0.5297795946333519,0.9675633540270088,normal,False,False,4,7,True
2021-01-01,2021,1,2021Q1,第三产业,9627.77,9627.77,亿元（当年价格，按累计值差分得到单季度值）,15.4,False,浙江省第三产业季度.xlsx,9.172406909959543,9.19175320728662,-0.037200836231063864,0.01785453890398614,9815.845113535875,0.9634826136997936,9457.396105661895,170.37389433810495,0.01801488405842555,1.801488405842555,1.5276251647539518,0.7309260294794745,normal,False,False,4,7,True
2021-01-01,2021,1,2021Q1,第二产业,6381.82,6381.82,亿元（当年价格，按累计值差分得到单季度值）,27.1,False,浙江省第二产业季度.xlsx,8.761208602115776,8.889832916796545,-0.12917018276976824,0.0005458680889987022,7257.806424634207,0.8788243920493494,6378.337318741023,3.4826812589762994,0.0005460171020970073,0.05460171020970073,-0.08415815838319528,0.9995823622636205,normal,False,False,4,7,True
2021-04-01,2021,2,2021Q2,第一产业,934.95,597.78,亿元（当年价格，按累计值差分得到单季度值）,3.1,False,浙江省第一产业季度.xlsx,6.39322279328482,6.261463789466408,0.12695060572729625,0.004808398091115329,523.9853833000379,1.1353609360687469,594.9125352698724,2.867464730127608,0.004819976988427177,0.4819976988427177,0.3951614897762715,0.9823056487192086,normal,False,False,4,7,True
2021-04-01,2021,2,2021Q2,第三产业,19444.0,9816.23,亿元（当年价格，按累计值差分得到单季度值）,11.5,False,浙江省第三产业季度.xlsx,9.191792417249086,9.212233189016409,-0.03409783501772836,0.013657063250406054,10018.946095491856,0.9664769447229256,9683.08041171465,133.14958828534873,0.01375074693423639,1.375074693423639,1.1679427355991905,0.8309700859909505,normal,False,False,4,7,True
2021-04-01,2021,2,2021Q2,第二产业,14177.49,7795.67,亿元（当年价格，按累计值差分得到单季度值）,16.9,False,浙江省第二产业季度.xlsx,8.961323730331845,8.918815184230194,0.004656527747530526,0.03785201835412089,7471.231950167143,1.0046673862205804,7506.103075222109,289.5669247778915,0.03857753109383233,3.857753109383233,4.263399097657564,0.0,normal,True,False,4,7,True
2021-07-01,2021,3,2021Q3,第一产业,1407.2,472.25,亿元（当年价格，按累计值差分得到单季度值）,2.7,False,浙江省第一产业季度.xlsx,6.157508506381619,6.265845916225915,-0.09428190348808597,-0.014055506356210223,526.2865920815633,0.910026186521441,478.93458040935036,-6.68458040935036,-0.013957188899655137,-1.3957188899655137,-1.1126448016840977,0.8531572321973542,normal,False,False,4,7,True
2021-07-01,2021,3,2021Q3,第三产业,29436.92,9992.919999999998,亿元（当年价格，按累计值差分得到单季度值）,9.1,False,浙江省第三产业季度.xlsx,9.209632121225821,9.227055929991721,-0.016537534727736638,-0.0008862740381623269,10168.560446345831,0.9835984595974063,10001.78039134887,-8.860391348871417,-0.0008858814133266835,-0.08858814133266835,-0.07827840198089767,0.9997474603280864,normal,False,False,4,7,True
2021-07-01,2021,3,2021Q3,第二产业,22008.51,7831.019999999999,亿元（当年价格，按累计值差分得到单季度值）,13.3,False,浙江省第二产业季度.xlsx,8.965848048699918,8.94268484585654,0.018601912566713084,0.0045612902766656305,7651.713172423884,1.0187760059568365,7795.381784529314,35.63821547068437,0.004571708795765739,0.4571708795765739,0.3837882189298067,0.9710091968549278,normal,False,False,4,7,True
2021-10-01,2021,4,2021Q4,第一产业,2209.09,801.8900000000001,亿元（当年价格，按累计值差分得到单季度值）,2.2,True,浙江省第一产业季度.xlsx,6.686971441352386,6.27304726559436,0.41353719186393456,0.0003869838940921966,530.0902449778359,1.5121571262928468,801.5797415215554,0.31025847844466625,0.00038705878201938937,0.03870587820193894,0.041754475759677334,0.9998773237367659,normal,False,False,4,7,True
2021-10-01,2021,4,2021Q4,第三产业,40118.1,10681.18,亿元（当年价格，按累计值差分得到单季度值）,7.6,True,浙江省第三产业季度.xlsx,9.276238593302345,9.23924409620584,0.08164790327985574,-0.04465340618335212,10293.254906000164,1.0850736916742687,11168.940100197884,-487.76010019788373,-0.04367111792364631,-4.36711179236463,-3.828691675657068,0.026295938214991196,normal,True,False,4,7,True
2021-10-01,2021,4,2021Q4,第二产业,31188.57,9180.060000000001,亿元（当年价格，按累计值差分得到单季度值）,10.2,True,浙江省第二产业季度.xlsx,9.12478901954089,8.964907225037667,0.10477603366352313,0.05510576083969987,7823.655855808194,1.1104618764244714,8687.871562140066,492.1884378599352,0.05665236120717876,5.665236120717876,6.274103306050962,0.0,medium,True,False,4,7,True
2022-01-01,2022,1,2022Q1,第一产业,336.25,336.25,亿元（当年价格，按累计值差分得到单季度值）,2.4,False,浙江省第一产业季度.xlsx,5.817854930916049,6.284885181126761,-0.45155394749636935,-0.015476302714342971,536.4026979481838,0.6366380804105174,341.4943839487545,-5.244383948754489,-0.015357160162087657,-1.5357160162087657,-1.226210139849297,0.8238178781285412,normal,False,False,4,7,True
2022-01-01,2022,1,2022Q1,第三产业,10141.68,10141.68,亿元（当年价格，按累计值差分得到单季度值）,3.5,False,浙江省第三产业季度.xlsx,9.224408943895053,9.252854138148708,-0.02095350052118881,-0.007491693732465166,10434.304203179936,0.9792644987996049,10217.943675849605,-76.26367584960462,-0.007463700943063145,-0.7463700943063145,-0.6442979807263155,0.9538330514961011,normal,False,False,4,7,True
2022-01-01,2022,1,2022Q1,第二产业,7408.46,7408.46,亿元（当年价格，按累计值差分得到单季度值）,7.6,False,浙江省第二产业季度.xlsx,8.910377869430596,8.985561028937274,-0.12023437609432236,0.045051216587642884,7986.924363626964,0.8867125881275468,7082.1063736506285,326.35362634937155,0.04608143525824304,4.608143525824304,5.102374073509897,0.0,normal,True,False,4,7,True
2022-04-01,2022,2,2022Q2,第一产业,954.96,618.71,亿元（当年价格，按累计值差分得到单季度值）,3.4,False,浙江省第一产业季度.xlsx,6.427636665328581,6.300911798934786,0.13070693826953012,-0.0039820718757352935,545.0686766546754,1.139633749329705,621.1786596181487,-2.4686596181486493,-0.003974153940938918,-0.3974153940938918,-0.3074674891777613,0.9875039917130156,normal,False,False,4,7,True
2022-04-01,2022,2,2022Q2,第三产业,19745.53,9603.849999999999,亿元（当年价格，按累计值差分得到单季度值）,1.5,False,浙江省第三产业季度.xlsx,9.16991933872688,9.266634404852935,-0.042479002615045974,-0.05423606351100929,10579.086979479678,0.9584105894257616,10139.108987589518,-535.2589875895192,-0.052791521251491336,-5.279152125149134,-4.649831272364355,0.0,medium,True,False,4,7,True
2022-04-01,2022,2,2022Q2,第二产业,15521.77,8113.31,亿元（当年价格，按累计值差分得到单季度值）,3.7,False,浙江省第二产业季度.xlsx,9.00126120194487,9.00371781422357,-0.006247382365243627,0.0037907700865424943,8133.265758711864,0.9937720919523578,8082.612527439571,30.69747256042956,0.0037979641429322086,0.37979641429322086,0.2939938922654557,0.9799626312853565,normal,False,False,4,7,True
2022-07-01,2022,3,2022Q3,第一产业,1462.7,507.74,亿元（当年价格，按累计值差分得到单季度值）,2.8,False,浙江省第一产业季度.xlsx,6.229969505534891,6.318972540241865,-0.09542675158374936,0.006423716876775565,555.0024567104012,0.9089849409225467,504.4888753247722,3.2511246752278,0.006444393195260911,0.6444393195260911,0.5242751541575569,0.9682227344923643,normal,False,False,4,7,True
2022-07-01,2022,3,2022Q3,第三产业,30322.4,10576.870000000003,亿元（当年价格，按累计值差分得到单季度值）,2.3,False,浙江省第三产业季度.xlsx,9.266424820432817,9.28381523074507,-0.021380721276773505,0.003990310964521626,10762.414782960137,0.9788462260342757,10534.749093316022,42.12090668398014,0.0039982828552322935,0.39982828552322935,0.33959702708776496,0.9859693813535187,normal,False,False,4,7,True
2022-07-01,2022,3,2022Q3,第二产业,23965.1,8443.329999999998,亿元（当年价格，按累计值差分得到单季度值）,4.0,False,浙江省第二产业季度.xlsx,9.041132059538745,9.018399242660823,0.01963742432961193,0.0030953925483085953,8253.55456302254,1.0198315068922648,8417.23498722481,26.09501277518757,0.0031001882227112976,0.31001882227112976,0.21295648581767876,0.9863613048296388,normal,False,False,4,7,True
2022-10-01,2022,4,2022Q4,第一产业,2324.77,862.0699999999999,亿元（当年价格，按累计值差分得到单季度值）,3.2,True,浙江省第一产业季度.xlsx,6.759336473863144,6.336953324999698,0.41831367973801153,0.004069469125434821,565.0720951264398,1.519397203776344,858.5689612671524,3.501038732847519,0.004077760658480312,0.40777606584803117,0.336098333126677,0.98726439637809,normal,False,False,4,7,True
2022-10-01,2022,4,2022Q4,第三产业,42185.42,11863.019999999997,亿元（当年价格，按累计值差分得到单季度值）,2.8,True,浙江省第三产业季度.xlsx,9.38118127757387,9.303001085462718,0.08430071022823339,-0.006120518117082696,10970.894444624579,1.0879560041219603,11935.850481617577,-72.83048161758052,-0.006101825900864499,-0.6101825900864499,-0.5268017003803187,0.969810304405131,normal,False,False,4,7,True
2022-10-01,2022,4,2022Q4,第二产业,33205.17,9240.07,亿元（当年价格，按累计值差分得到单季度值）,3.4,True,浙江省第二产业季度.xlsx,9.131304740364609,9.02553931662366,0.10252086939844088,0.0032445543425065893,8312.696440491118,1.1079604241360783,9210.138673921012,29.931326078987695,0.0032498236062112884,0.32498236062112884,0.23033939550096025,0.9850325826230172,normal,False,False,4,7,True
2023-01-01,2023,1,2023Q1,第一产业,365.69,365.69,亿元（当年价格，按累计值差分得到单季度值）,4.1,False,浙江省第一产业季度.xlsx,5.901785979963302,6.350108692422452,-0.45028783771746916,0.0019651252583186007,572.5549380148992,0.6374446446014043,364.9720789776866,0.7179210223134191,0.0019670573823740156,0.19670573823740156,0.16789652044819264,0.9971097686580348,normal,False,False,4,7,True
2023-01-01,2023,1,2023Q1,第三产业,11064.55,11064.55,亿元（当年价格，按累计值差分得到单季度值）,6.4,False,浙江省第三产业季度.xlsx,9.311501582882736,9.32232100702652,-0.013632902653331773,0.0028134785095463855,11184.912009095226,0.9864596045065283,11033.463876932403,31.086123067596418,0.0028174400545768474,0.28174400545768474,0.2387540464375664,0.9933694410787092,normal,False,False,4,7,True
2023-01-01,2023,1,2023Q1,第二产业,7494.47,7494.47,亿元（当年价格，按累计值差分得到单季度值）,2.7,False,浙江省第二产业季度.xlsx,8.921920694227152,9.032730299383495,-0.10855836990070494,-0.0022512352556383064,8372.68833912078,0.8971265281023008,7511.3608205580485,-16.89082055804829,-0.00224870312604597,-0.224870312604597,-0.4101249723120373,0.9929880869436382,normal,False,False,4,7,True
2023-04-01,2023,2,2023Q2,第一产业,1049.84,684.1499999999999,亿元（当年价格，按累计值差分得到单季度值）,4.3,False,浙江省第一产业季度.xlsx,6.528177191825819,6.359393179531574,0.1357474742609819,0.03303653803326245,577.895571111483,1.1453926159545642,661.9173199439384,22.23268005606144,0.033588303835204725,3.3588303835204725,2.6514582771058706,0.3367388251768302,normal,False,False,4,7,True
2023-04-01,2023,2,2023Q2,第三产业,21867.06,10802.510000000002,亿元（当年价格，按累计值差分得到单季度值）,8.4,False,浙江省第三产业季度.xlsx,9.287533793517301,9.341321395618746,-0.05077027761287103,-0.0030173244885727257,11399.461490811564,0.9504969958932108,10835.15390181673,-32.64390181672752,-0.0030127769399984627,-0.3012776939998463,-0.26088849097598243,0.9917444532434861,normal,False,False,4,7,True
2023-04-01,2023,2,2023Q2,第二产业,15800.09,8305.619999999999,亿元（当年价格，按累计值差分得到单季度值）,4.7,False,浙江省第二产业季度.xlsx,9.024687673083935,9.040998529245083,-0.013556008353329095,-0.002754847807818095,8442.202634935986,0.9865354605437088,8328.532264459876,-22.912264459877406,-0.0027510566967063887,-0.2751056696706389,-0.46881460900471456,0.9891422878035897,normal,False,False,4,7,True
2023-07-01,2023,3,2023Q3,第一产业,1580.12,530.28,亿元（当年价格，按累计值差分得到单季度值）,3.9,False,浙江省第一产业季度.xlsx,6.2734051689306485,6.360363669818391,-0.08528825680567333,-0.0016702440820699493,578.4566853839764,0.9182475551412226,531.1664371089319,-0.8864371089318865,-0.0016688500006827311,-0.16688500006827311,-0.12268132776589348,0.997731250323345,normal,False,False,4,7,True
2023-07-01,2023,3,2023Q3,第三产业,33167.99,11300.929999999997,亿元（当年价格，按累计值差分得到单季度值）,7.3,False,浙江省第三产业季度.xlsx,9.332640302198856,9.359508195408395,-0.03454717876991529,0.00767928556037667,11608.67793679731,0.966042761902156,11214.479296096288,86.45070390370893,0.007708846895263521,0.7708846895263521,0.6557059109107478,0.9488125430956704,normal,False,False,4,7,True
2023-07-01,2023,3,2023Q3,第二产业,24433.73,8633.64,亿元（当年价格，按累计值差分得到单季度值）,5.1,False,浙江省第二产业季度.xlsx,9.063421479624177,9.050207853806665,0.02100973362767315,-0.007796107810161601,8520.308719130773,1.0212319918811281,8701.211844680067,-67.57184468006744,-0.0077657969816447014,-0.7765796981644701,-1.0563093343253032,0.9158770543750367,normal,False,False,4,7,True
2023-10-01,2023,4,2023Q4,第一产业,2331.97,751.8499999999999,亿元（当年价格，按累计值差分得到单季度值）,4.2,True,浙江省第一产业季度.xlsx,6.622536835968329,6.360997066129587,0.38428743726969794,-0.12274766743095622,578.8231937749633,1.4685675020543005,850.0409318131906,-98.19093181319067,-0.115513180763829,-11.551318076382898,-9.800492259698606,0.0,high,True,False,4,7,True
2023-10-01,2023,4,2023Q4,第三产业,46268.57,13100.580000000002,亿元（当年价格，按累计值差分得到单季度值）,6.7,True,浙江省第三产业季度.xlsx,9.480411783018303,9.377618936879234,0.10234343591925742,0.0004494102198115968,11820.835064260882,1.1077638523029543,13094.693788223474,5.886211776527489,0.0004495112197140383,0.04495112197140383,0.03617661768838312,0.9997759822920086,normal,False,False,4,7,True
2023-10-01,2023,4,2023Q4,第二产业,33952.67,9518.939999999999,亿元（当年价格，按累计值差分得到单季度值）,5.0,True,浙江省第二产业季度.xlsx,9.161038777048333,9.060706606304247,0.09398413112623052,0.006348039617854795,8610.232549618513,1.098542313149557,9458.70478181353,60.235218186468046,0.0063682311242321266,0.6368231124232127,0.592011126086093,0.9437140266633055,normal,False,False,4,7,True
2024-01-01,2024,1,2024Q1,第一产业,347.0,347.0,亿元（当年价格，按累计值差分得到单季度值）,3.9,False,浙江省第一产业季度.xlsx,5.849324779946859,6.361354879056827,-0.44343485264621185,-0.06859524646375537,579.0303412540949,0.6418280457710591,371.63791236926505,-24.637912369265052,-0.06629547618592924,-6.629547618592923,-5.47204788805994,0.0,medium,True,False,4,7,True
2024-01-01,2024,1,2024Q1,第三产业,11882.0,11882.0,亿元（当年价格，按累计值差分得到单季度值）,5.5,False,浙江省第三产业季度.xlsx,9.382779928915687,9.39661998815441,-0.007298231884350175,-0.006541827354372032,12047.590834154382,0.9927283355389411,11959.98479604428,-77.9847960442803,-0.006520476185728374,-0.6520476185728374,-0.5629037632390561,0.96220400883259,normal,False,False,4,7,True
2024-01-01,2024,1,2024Q1,第二产业,7908.0,7908.0,亿元（当年价格，按累计值差分得到单季度值）,7.3,False,浙江省第二产业季度.xlsx,8.975630184290507,9.072458199967436,-0.09505111824794728,-0.0017768974289804618,8712.013376019886,0.9093264501052004,7922.064196485178,-14.0641964851784,-0.0017753196813803385,-0.17753196813803385,-0.3548469324862852,0.9955712247677293,normal,False,False,4,7,True
2024-04-01,2024,2,2024Q2,第一产业,1010.0,663.0,亿元（当年价格，按累计值差分得到单季度值）,3.8,False,浙江省第一产业季度.xlsx,6.4967749901858625,6.363544846993422,0.14473886865868288,-0.011508725466242709,580.2997886529561,1.155737731515916,670.6743613369331,-7.674361336933089,-0.011442753412602369,-1.144275341260237,-0.9090786598184627,0.8997263895522394,normal,False,False,4,7,True
2024-04-01,2024,2,2024Q2,第三产业,23364.0,11482.0,亿元（当年价格，按累计值差分得到单季度值）,5.0,False,浙江省第三产业季度.xlsx,9.348535870727583,9.419969104657808,-0.06075897059516603,-0.010674263335058498,12332.20120625899,0.9410500331723877,11605.218354238572,-123.21835423857192,-0.010617495550488187,-1.0617495550488187,-0.9170129313511108,0.9011868901192156,normal,False,False,4,7,True
2024-04-01,2024,2,2024Q2,第二产业,16546.0,8638.0,亿元（当年价格，按累计值差分得到单季度值）,6.5,False,浙江省第二产业季度.xlsx,9.063926353520646,9.082727974476198,-0.019833416750986665,0.0010317957954342205,8801.944786152802,0.9803619715874348,8629.091944356509,8.908055643491025,0.001032328279839012,0.10323282798390121,-0.027529465499811195,0.9985021846616297,normal,False,False,4,7,True
2024-07-01,2024,3,2024Q3,第一产业,1554.0,544.0,亿元（当年价格，按累计值差分得到单季度值）,3.7,False,浙江省第一产业季度.xlsx,6.298949246855942,6.375314477528083,-0.07490807566437747,-0.0014571550077633333,587.1700536973847,0.9278287724520369,544.793270142641,-0.7932701426409494,-0.0014560938728800377,-0.14560938728800377,-0.10564895529082328,0.9983973086715534,normal,False,False,4,7,True
2024-07-01,2024,3,2024Q3,第三产业,35394.0,12030.0,亿元（当年价格，按累计值差分得到单季度值）,4.8,False,浙江省第三产业季度.xlsx,9.395158808968725,9.451480853492166,-0.049377857174007056,-0.006944187349434472,12726.99813549615,0.9518214091934608,12113.829300130503,-83.82930013050282,-0.006920132193838913,-0.6920132193838913,-0.5973820621888835,0.9573322214696458,normal,False,False,4,7,True
2024-07-01,2024,3,2024Q3,第二产业,25670.0,9124.0,亿元（当年价格，按累计值差分得到单季度值）,6.3,False,浙江省第二产业季度.xlsx,9.11866358340428,9.088794494487013,0.02238235103750783,0.0074867378797591755,8855.504255868656,1.022634715173634,9055.946072419138,68.05392758086236,0.007514833573062818,0.7514833573062818,0.7247119235632238,0.9222690614281439,normal,False,False,4,7,True
2024-10-01,2024,4,2024Q4,第一产业,2586.0,1032.0,亿元（当年价格，按累计值差分得到单季度值）,3.5,True,浙江省第一产业季度.xlsx,6.939253946041508,6.399318672904213,0.36445042313762677,0.17548484999966796,601.4351241988184,1.4397225524831951,865.8997121645704,166.10028783542964,0.19182393238151474,19.182393238151473,14.037460660154778,0.0,high,True,False,4,7,True
2024-10-01,2024,4,2024Q4,第三产业,52761.0,17367.0,亿元（当年价格，按累计值差分得到单季度值）,5.1,True,浙江省第三产业季度.xlsx,9.762327132747114,9.48585149432753,0.1219751624545624,0.1545004759650208,13172.037551203086,1.1297260418099542,14880.793845292746,2486.2061547072535,0.16707483354416053,16.707483354416052,13.236839614710705,0.0,high,True,False,4,7,True
2024-10-01,2024,4,2024Q4,第二产业,34783.0,9113.0,亿元（当年价格，按累计值差分得到单季度值）,6.1,True,浙江省第二产业季度.xlsx,9.117457244496126,9.093277895444025,0.08451834045177027,-0.060338991399669695,8895.296167016142,1.088192801996588,9679.797260574811,-566.7972605748109,-0.058554662387748535,-5.855466238774854,-7.179514038629377,0.0,medium,True,False,4,7,True
2025-01-01,2025,1,2025Q1,第一产业,398.0,398.0,亿元（当年价格，按累计值差分得到单季度值）,3.3,False,浙江省第一产业季度.xlsx,5.986452005284438,6.4218537309268315,-0.43863219045814933,0.003230464815755063,615.1423662946307,0.6449179429847957,396.71634951353303,1.2836504864669678,0.003235688390561764,0.3235688390561764,0.26903607778977306,0.9918648243663252,normal,False,True,4,7,True
2025-01-01,2025,1,2025Q1,第三产业,13653.0,13653.0,亿元（当年价格，按累计值差分得到单季度值）,5.7,False,浙江省第三产业季度.xlsx,9.521714556684751,9.522823226532815,-0.00143608433165542,0.0003274144835909709,13668.145063321834,0.9985649463440103,13648.53054177813,4.469458221870809,0.0003274680895639648,0.03274680895639648,0.0257227815326135,0.9998892843358074,normal,False,True,4,7,True
2025-01-01,2025,1,2025Q1,第二产业,8249.0,8249.0,亿元（当年价格，按累计值差分得到单季度值）,6.5,False,浙江省第二产业季度.xlsx,9.017847259860732,9.094593379681774,-0.08088592563544429,0.004139805814402209,8907.005488939589,0.9222988961044202,8214.921330044994,34.07866995500626,0.0041483866474008035,0.41483866474008035,0.3346695663966632,0.9760175283910156,normal,False,True,4,7,True
2025-04-01,2025,2,2025Q2,第一产业,1132.0,734.0,亿元（当年价格，按累计值差分得到单季度值）,3.5,False,浙江省第一产业季度.xlsx,6.598509028614515,6.443955719013482,0.15112703789366677,0.003426271707366091,628.8895964851756,1.1631444121125862,731.489419987471,2.510580012528976,0.003432148085712461,0.3432148085712461,0.28468707220118,0.9910640410496573,normal,False,True,4,7,True
2025-04-01,2025,2,2025Q2,第三产业,26921.0,13268.0,亿元（当年价格，按累计值差分得到单季度值）,6.0,False,浙江省第三产业季度.xlsx,9.493110400066943,9.560012167307836,-0.07113893365092577,0.004237166410032245,14186.01880420523,0.9313324897156035,13211.900212072836,56.09978792716356,0.004246155891784564,0.42461558917845643,0.3607501137567991,0.9841490467408235,normal,False,True,4,7,True
2025-04-01,2025,2,2025Q2,第二产业,16952.0,8703.0,亿元（当年价格，按累计值差分得到单季度值）,5.6,False,浙江省第二产业季度.xlsx,9.071423072789514,9.095734081163393,-0.025886012110456654,0.00157500373657804,8917.171520398846,0.9744461583394467,8689.303531306581,13.696468693418865,0.0015762447063878415,0.15762447063878415,0.03577451009872916,0.9964467093776168,normal,False,True,4,7,True
2025-07-01,2025,3,2025Q3,第一产业,1735.0,603.0,亿元（当年价格，按累计值差分得到单季度值）,3.7,False,浙江省第一产业季度.xlsx,6.401917196727186,6.465899523903234,-0.06550848899826137,0.0015261618222135453,642.8423555130205,0.9365910960056953,602.0804263088224,0.9195736911775612,0.001527326999841483,0.1527326999841483,0.1328098377029298,0.9981857850382334,normal,False,True,4,7,True
2025-07-01,2025,3,2025Q3,第三产业,40674.0,13753.0,亿元（当年价格，按累计值差分得到单季度值）,6.0,False,浙江省第三产业季度.xlsx,9.529012261114708,9.597315167660282,-0.06533494907264298,-0.0029679574729311042,14725.193769618701,0.9367536460588851,13793.878952613903,-40.878952613902584,-0.002963557441263198,-0.2963557441263198,-0.25665822269772454,0.9921429748998551,normal,False,True,4,7,True
2025-07-01,2025,3,2025Q3,第二产业,26086.0,9134.0,亿元（当年价格，按累计值差分得到单季度值）,5.2,False,浙江省第二产业季度.xlsx,9.119758993744945,9.09657500912217,0.024055646254786133,-0.0008716616320096904,8924.673373060295,1.0243473173965156,9141.96522833442,-7.965228334420317,-0.0008712818453665561,-0.0871281845366556,-0.24935321550987805,0.9989242181500049,normal,False,True,4,7,True
2025-10-01,2025,4,2025Q4,第一产业,2657.0,922.0,亿元（当年价格，按累计值差分得到单季度值）,3.9,True,浙江省第一产业季度.xlsx,6.826545223556594,6.487583227391598,0.343379843351801,-0.004417847186805268,656.9337835889589,1.409704126983226,926.0822658800614,-4.0822658800614136,-0.004408102854860374,-0.4408102854860374,-0.34229934265375594,0.984979393829526,normal,False,True,4,7,True
2025-10-01,2025,4,2025Q4,第三产业,56206.0,15532.0,亿元（当年价格，按累计值差分得到单季度值）,5.8,True,浙江省第三产业季度.xlsx,9.650657690851558,9.63452031947235,0.14268452156013037,-0.12654715018092233,15283.365893834894,1.1533658821955415,17627.312787060146,-2095.3127870601456,-0.11886739699758841,-11.886739699758841,-10.846181044178124,0.0,high,True,True,4,7,True
2025-10-01,2025,4,2025Q4,第二产业,35682.0,9596.0,亿元（当年价格，按累计值差分得到单季度值）,5.1,True,浙江省第二产业季度.xlsx,9.169101623959586,9.097086104335851,0.0742211383490068,-0.0022056187252719184,8929.235896747632,1.0770449551064218,9617.188475547202,-21.18847554720196,-0.0022031881356049388,-0.22031881356049388,-0.4048089459683809,0.9931085865695414,normal,False,True,4,7,True
