edge_id,source_id,relation,target_id,properties_json
e:obs:electricity:2021-01:region,obs:electricity:2021-01,OBSERVED_IN,region:CN-ZJ,{}
e:obs:electricity:2021-01:metric,obs:electricity:2021-01,MEASURES,metric:electricity_total_monthly,{}
e:obs:electricity:2021-01:time,obs:electricity:2021-01,AT_TIME,period:M:2021-01,{}
e:obs:electricity:2021-02:region,obs:electricity:2021-02,OBSERVED_IN,region:CN-ZJ,{}
e:obs:electricity:2021-02:metric,obs:electricity:2021-02,MEASURES,metric:electricity_total_monthly,{}
e:obs:electricity:2021-02:time,obs:electricity:2021-02,AT_TIME,period:M:2021-02,{}
e:obs:electricity:2021-03:region,obs:electricity:2021-03,OBSERVED_IN,region:CN-ZJ,{}
e:obs:electricity:2021-03:metric,obs:electricity:2021-03,MEASURES,metric:electricity_total_monthly,{}
e:obs:electricity:2021-03:time,obs:electricity:2021-03,AT_TIME,period:M:2021-03,{}
e:obs:electricity:2021-04:region,obs:electricity:2021-04,OBSERVED_IN,region:CN-ZJ,{}
e:obs:electricity:2021-04:metric,obs:electricity:2021-04,MEASURES,metric:electricity_total_monthly,{}
e:obs:electricity:2021-04:time,obs:electricity:2021-04,AT_TIME,period:M:2021-04,{}
e:obs:electricity:2021-05:region,obs:electricity:2021-05,OBSERVED_IN,region:CN-ZJ,{}
e:obs:electricity:2021-05:metric,obs:electricity:2021-05,MEASURES,metric:electricity_total_monthly,{}
e:obs:electricity:2021-05:time,obs:electricity:2021-05,AT_TIME,period:M:2021-05,{}
e:obs:electricity:2021-06:region,obs:electricity:2021-06,OBSERVED_IN,region:CN-ZJ,{}
e:obs:electricity:2021-06:metric,obs:electricity:2021-06,MEASURES,metric:electricity_total_monthly,{}
e:obs:electricity:2021-06:time,obs:electricity:2021-06,AT_TIME,period:M:2021-06,{}
e:obs:electricity:2021-07:region,obs:electricity:2021-07,OBSERVED_IN,region:CN-ZJ,{}
e:obs:electricity:2021-07:metric,obs:electricity:2021-07,MEASURES,metric:electricity_total_monthly,{}
e:obs:electricity:2021-07:time,obs:electricity:2021-07,AT_TIME,period:M:2021-07,{}
e:obs:electricity:2021-08:region,obs:electricity:2021-08,OBSERVED_IN,region:CN-ZJ,{}
e:obs:electricity:2021-08:metric,obs:electricity:2021-08,MEASURES,metric:electricity_total_monthly,{}
e:obs:electricity:2021-08:time,obs:electricity:2021-08,AT_TIME,period:M:2021-08,{}
e:obs:electricity:2021-09:region,obs:electricity:2021-09,OBSERVED_IN,region:CN-ZJ,{}
e:obs:electricity:2021-09:metric,obs:electricity:2021-09,MEASURES,metric:electricity_total_monthly,{}
e:obs:electricity:2021-09:time,obs:electricity:2021-09,AT_TIME,period:M:2021-09,{}
e:obs:electricity:2021-10:region,obs:electricity:2021-10,OBSERVED_IN,region:CN-ZJ,{}
e:obs:electricity:2021-10:metric,obs:electricity:2021-10,MEASURES,metric:electricity_total_monthly,{}
e:obs:electricity:2021-10:time,obs:electricity:2021-10,AT_TIME,period:M:2021-10,{}
e:obs:electricity:2021-11:region,obs:electricity:2021-11,OBSERVED_IN,region:CN-ZJ,{}
e:obs:electricity:2021-11:metric,obs:electricity:2021-11,MEASURES,metric:electricity_total_monthly,{}
e:obs:electricity:2021-11:time,obs:electricity:2021-11,AT_TIME,period:M:2021-11,{}
e:obs:electricity:2021-12:region,obs:electricity:2021-12,OBSERVED_IN,region:CN-ZJ,{}
e:obs:electricity:2021-12:metric,obs:electricity:2021-12,MEASURES,metric:electricity_total_monthly,{}
e:obs:electricity:2021-12:time,obs:electricity:2021-12,AT_TIME,period:M:2021-12,{}
e:obs:electricity:2022-01:region,obs:electricity:2022-01,OBSERVED_IN,region:CN-ZJ,{}
e:obs:electricity:2022-01:metric,obs:electricity:2022-01,MEASURES,metric:electricity_total_monthly,{}
e:obs:electricity:2022-01:time,obs:electricity:2022-01,AT_TIME,period:M:2022-01,{}
e:obs:electricity:2022-02:region,obs:electricity:2022-02,OBSERVED_IN,region:CN-ZJ,{}
e:obs:electricity:2022-02:metric,obs:electricity:2022-02,MEASURES,metric:electricity_total_monthly,{}
e:obs:electricity:2022-02:time,obs:electricity:2022-02,AT_TIME,period:M:2022-02,{}
e:obs:electricity:2022-03:region,obs:electricity:2022-03,OBSERVED_IN,region:CN-ZJ,{}
e:obs:electricity:2022-03:metric,obs:electricity:2022-03,MEASURES,metric:electricity_total_monthly,{}
e:obs:electricity:2022-03:time,obs:electricity:2022-03,AT_TIME,period:M:2022-03,{}
e:obs:electricity:2022-04:region,obs:electricity:2022-04,OBSERVED_IN,region:CN-ZJ,{}
e:obs:electricity:2022-04:metric,obs:electricity:2022-04,MEASURES,metric:electricity_total_monthly,{}
e:obs:electricity:2022-04:time,obs:electricity:2022-04,AT_TIME,period:M:2022-04,{}
e:obs:electricity:2022-05:region,obs:electricity:2022-05,OBSERVED_IN,region:CN-ZJ,{}
e:obs:electricity:2022-05:metric,obs:electricity:2022-05,MEASURES,metric:electricity_total_monthly,{}
e:obs:electricity:2022-05:time,obs:electricity:2022-05,AT_TIME,period:M:2022-05,{}
e:obs:electricity:2022-06:region,obs:electricity:2022-06,OBSERVED_IN,region:CN-ZJ,{}
e:obs:electricity:2022-06:metric,obs:electricity:2022-06,MEASURES,metric:electricity_total_monthly,{}
e:obs:electricity:2022-06:time,obs:electricity:2022-06,AT_TIME,period:M:2022-06,{}
e:obs:electricity:2022-07:region,obs:electricity:2022-07,OBSERVED_IN,region:CN-ZJ,{}
e:obs:electricity:2022-07:metric,obs:electricity:2022-07,MEASURES,metric:electricity_total_monthly,{}
e:obs:electricity:2022-07:time,obs:electricity:2022-07,AT_TIME,period:M:2022-07,{}
e:obs:electricity:2022-08:region,obs:electricity:2022-08,OBSERVED_IN,region:CN-ZJ,{}
e:obs:electricity:2022-08:metric,obs:electricity:2022-08,MEASURES,metric:electricity_total_monthly,{}
e:obs:electricity:2022-08:time,obs:electricity:2022-08,AT_TIME,period:M:2022-08,{}
e:obs:electricity:2022-09:region,obs:electricity:2022-09,OBSERVED_IN,region:CN-ZJ,{}
e:obs:electricity:2022-09:metric,obs:electricity:2022-09,MEASURES,metric:electricity_total_monthly,{}
e:obs:electricity:2022-09:time,obs:electricity:2022-09,AT_TIME,period:M:2022-09,{}
e:obs:electricity:2022-10:region,obs:electricity:2022-10,OBSERVED_IN,region:CN-ZJ,{}
e:obs:electricity:2022-10:metric,obs:electricity:2022-10,MEASURES,metric:electricity_total_monthly,{}
e:obs:electricity:2022-10:time,obs:electricity:2022-10,AT_TIME,period:M:2022-10,{}
e:obs:electricity:2022-11:region,obs:electricity:2022-11,OBSERVED_IN,region:CN-ZJ,{}
e:obs:electricity:2022-11:metric,obs:electricity:2022-11,MEASURES,metric:electricity_total_monthly,{}
e:obs:electricity:2022-11:time,obs:electricity:2022-11,AT_TIME,period:M:2022-11,{}
e:obs:electricity:2022-12:region,obs:electricity:2022-12,OBSERVED_IN,region:CN-ZJ,{}
e:obs:electricity:2022-12:metric,obs:electricity:2022-12,MEASURES,metric:electricity_total_monthly,{}
e:obs:electricity:2022-12:time,obs:electricity:2022-12,AT_TIME,period:M:2022-12,{}
e:obs:electricity:2023-01:region,obs:electricity:2023-01,OBSERVED_IN,region:CN-ZJ,{}
e:obs:electricity:2023-01:metric,obs:electricity:2023-01,MEASURES,metric:electricity_total_monthly,{}
e:obs:electricity:2023-01:time,obs:electricity:2023-01,AT_TIME,period:M:2023-01,{}
e:obs:electricity:2023-02:region,obs:electricity:2023-02,OBSERVED_IN,region:CN-ZJ,{}
e:obs:electricity:2023-02:metric,obs:electricity:2023-02,MEASURES,metric:electricity_total_monthly,{}
e:obs:electricity:2023-02:time,obs:electricity:2023-02,AT_TIME,period:M:2023-02,{}
e:obs:electricity:2023-03:region,obs:electricity:2023-03,OBSERVED_IN,region:CN-ZJ,{}
e:obs:electricity:2023-03:metric,obs:electricity:2023-03,MEASURES,metric:electricity_total_monthly,{}
e:obs:electricity:2023-03:time,obs:electricity:2023-03,AT_TIME,period:M:2023-03,{}
e:obs:electricity:2023-04:region,obs:electricity:2023-04,OBSERVED_IN,region:CN-ZJ,{}
e:obs:electricity:2023-04:metric,obs:electricity:2023-04,MEASURES,metric:electricity_total_monthly,{}
e:obs:electricity:2023-04:time,obs:electricity:2023-04,AT_TIME,period:M:2023-04,{}
e:obs:electricity:2023-05:region,obs:electricity:2023-05,OBSERVED_IN,region:CN-ZJ,{}
e:obs:electricity:2023-05:metric,obs:electricity:2023-05,MEASURES,metric:electricity_total_monthly,{}
e:obs:electricity:2023-05:time,obs:electricity:2023-05,AT_TIME,period:M:2023-05,{}
e:obs:electricity:2023-06:region,obs:electricity:2023-06,OBSERVED_IN,region:CN-ZJ,{}
e:obs:electricity:2023-06:metric,obs:electricity:2023-06,MEASURES,metric:electricity_total_monthly,{}
e:obs:electricity:2023-06:time,obs:electricity:2023-06,AT_TIME,period:M:2023-06,{}
e:obs:electricity:2023-07:region,obs:electricity:2023-07,OBSERVED_IN,region:CN-ZJ,{}
e:obs:electricity:2023-07:metric,obs:electricity:2023-07,MEASURES,metric:electricity_total_monthly,{}
e:obs:electricity:2023-07:time,obs:electricity:2023-07,AT_TIME,period:M:2023-07,{}
e:obs:electricity:2023-08:region,obs:electricity:2023-08,OBSERVED_IN,region:CN-ZJ,{}
e:obs:electricity:2023-08:metric,obs:electricity:2023-08,MEASURES,metric:electricity_total_monthly,{}
e:obs:electricity:2023-08:time,obs:electricity:2023-08,AT_TIME,period:M:2023-08,{}
e:obs:electricity:2023-09:region,obs:electricity:2023-09,OBSERVED_IN,region:CN-ZJ,{}
e:obs:electricity:2023-09:metric,obs:electricity:2023-09,MEASURES,metric:electricity_total_monthly,{}
e:obs:electricity:2023-09:time,obs:electricity:2023-09,AT_TIME,period:M:2023-09,{}
e:obs:electricity:2023-10:region,obs:electricity:2023-10,OBSERVED_IN,region:CN-ZJ,{}
e:obs:electricity:2023-10:metric,obs:electricity:2023-10,MEASURES,metric:electricity_total_monthly,{}
e:obs:electricity:2023-10:time,obs:electricity:2023-10,AT_TIME,period:M:2023-10,{}
e:obs:electricity:2023-11:region,obs:electricity:2023-11,OBSERVED_IN,region:CN-ZJ,{}
e:obs:electricity:2023-11:metric,obs:electricity:2023-11,MEASURES,metric:electricity_total_monthly,{}
e:obs:electricity:2023-11:time,obs:electricity:2023-11,AT_TIME,period:M:2023-11,{}
e:obs:electricity:2023-12:region,obs:electricity:2023-12,OBSERVED_IN,region:CN-ZJ,{}
e:obs:electricity:2023-12:metric,obs:electricity:2023-12,MEASURES,metric:electricity_total_monthly,{}
e:obs:electricity:2023-12:time,obs:electricity:2023-12,AT_TIME,period:M:2023-12,{}
e:obs:electricity:2024-01:region,obs:electricity:2024-01,OBSERVED_IN,region:CN-ZJ,{}
e:obs:electricity:2024-01:metric,obs:electricity:2024-01,MEASURES,metric:electricity_total_monthly,{}
e:obs:electricity:2024-01:time,obs:electricity:2024-01,AT_TIME,period:M:2024-01,{}
e:obs:electricity:2024-02:region,obs:electricity:2024-02,OBSERVED_IN,region:CN-ZJ,{}
e:obs:electricity:2024-02:metric,obs:electricity:2024-02,MEASURES,metric:electricity_total_monthly,{}
e:obs:electricity:2024-02:time,obs:electricity:2024-02,AT_TIME,period:M:2024-02,{}
e:obs:electricity:2024-03:region,obs:electricity:2024-03,OBSERVED_IN,region:CN-ZJ,{}
e:obs:electricity:2024-03:metric,obs:electricity:2024-03,MEASURES,metric:electricity_total_monthly,{}
e:obs:electricity:2024-03:time,obs:electricity:2024-03,AT_TIME,period:M:2024-03,{}
e:obs:electricity:2024-04:region,obs:electricity:2024-04,OBSERVED_IN,region:CN-ZJ,{}
e:obs:electricity:2024-04:metric,obs:electricity:2024-04,MEASURES,metric:electricity_total_monthly,{}
e:obs:electricity:2024-04:time,obs:electricity:2024-04,AT_TIME,period:M:2024-04,{}
e:obs:electricity:2024-05:region,obs:electricity:2024-05,OBSERVED_IN,region:CN-ZJ,{}
e:obs:electricity:2024-05:metric,obs:electricity:2024-05,MEASURES,metric:electricity_total_monthly,{}
e:obs:electricity:2024-05:time,obs:electricity:2024-05,AT_TIME,period:M:2024-05,{}
e:obs:electricity:2024-06:region,obs:electricity:2024-06,OBSERVED_IN,region:CN-ZJ,{}
e:obs:electricity:2024-06:metric,obs:electricity:2024-06,MEASURES,metric:electricity_total_monthly,{}
e:obs:electricity:2024-06:time,obs:electricity:2024-06,AT_TIME,period:M:2024-06,{}
e:obs:electricity:2024-07:region,obs:electricity:2024-07,OBSERVED_IN,region:CN-ZJ,{}
e:obs:electricity:2024-07:metric,obs:electricity:2024-07,MEASURES,metric:electricity_total_monthly,{}
e:obs:electricity:2024-07:time,obs:electricity:2024-07,AT_TIME,period:M:2024-07,{}
e:obs:electricity:2024-08:region,obs:electricity:2024-08,OBSERVED_IN,region:CN-ZJ,{}
e:obs:electricity:2024-08:metric,obs:electricity:2024-08,MEASURES,metric:electricity_total_monthly,{}
e:obs:electricity:2024-08:time,obs:electricity:2024-08,AT_TIME,period:M:2024-08,{}
e:obs:electricity:2024-09:region,obs:electricity:2024-09,OBSERVED_IN,region:CN-ZJ,{}
e:obs:electricity:2024-09:metric,obs:electricity:2024-09,MEASURES,metric:electricity_total_monthly,{}
e:obs:electricity:2024-09:time,obs:electricity:2024-09,AT_TIME,period:M:2024-09,{}
e:obs:electricity:2024-10:region,obs:electricity:2024-10,OBSERVED_IN,region:CN-ZJ,{}
e:obs:electricity:2024-10:metric,obs:electricity:2024-10,MEASURES,metric:electricity_total_monthly,{}
e:obs:electricity:2024-10:time,obs:electricity:2024-10,AT_TIME,period:M:2024-10,{}
e:obs:electricity:2024-11:region,obs:electricity:2024-11,OBSERVED_IN,region:CN-ZJ,{}
e:obs:electricity:2024-11:metric,obs:electricity:2024-11,MEASURES,metric:electricity_total_monthly,{}
e:obs:electricity:2024-11:time,obs:electricity:2024-11,AT_TIME,period:M:2024-11,{}
e:obs:electricity:2024-12:region,obs:electricity:2024-12,OBSERVED_IN,region:CN-ZJ,{}
e:obs:electricity:2024-12:metric,obs:electricity:2024-12,MEASURES,metric:electricity_total_monthly,{}
e:obs:electricity:2024-12:time,obs:electricity:2024-12,AT_TIME,period:M:2024-12,{}
e:obs:electricity:2025-01:region,obs:electricity:2025-01,OBSERVED_IN,region:CN-ZJ,{}
e:obs:electricity:2025-01:metric,obs:electricity:2025-01,MEASURES,metric:electricity_total_monthly,{}
e:obs:electricity:2025-01:time,obs:electricity:2025-01,AT_TIME,period:M:2025-01,{}
e:obs:electricity:2025-02:region,obs:electricity:2025-02,OBSERVED_IN,region:CN-ZJ,{}
e:obs:electricity:2025-02:metric,obs:electricity:2025-02,MEASURES,metric:electricity_total_monthly,{}
e:obs:electricity:2025-02:time,obs:electricity:2025-02,AT_TIME,period:M:2025-02,{}
e:obs:electricity:2025-03:region,obs:electricity:2025-03,OBSERVED_IN,region:CN-ZJ,{}
e:obs:electricity:2025-03:metric,obs:electricity:2025-03,MEASURES,metric:electricity_total_monthly,{}
e:obs:electricity:2025-03:time,obs:electricity:2025-03,AT_TIME,period:M:2025-03,{}
e:obs:gdp_primary:2000Q1:region,obs:gdp_primary:2000Q1,OBSERVED_IN,region:CN-ZJ,{}
e:obs:gdp_primary:2000Q1:metric,obs:gdp_primary:2000Q1,MEASURES,metric:gdp_primary_quarterly,{}
e:obs:gdp_primary:2000Q1:time,obs:gdp_primary:2000Q1,AT_TIME,period:Q:2000Q1,{}
e:obs:gdp_tertiary:2000Q1:region,obs:gdp_tertiary:2000Q1,OBSERVED_IN,region:CN-ZJ,{}
e:obs:gdp_tertiary:2000Q1:metric,obs:gdp_tertiary:2000Q1,MEASURES,metric:gdp_tertiary_quarterly,{}
e:obs:gdp_tertiary:2000Q1:time,obs:gdp_tertiary:2000Q1,AT_TIME,period:Q:2000Q1,{}
e:obs:gdp_secondary:2000Q1:region,obs:gdp_secondary:2000Q1,OBSERVED_IN,region:CN-ZJ,{}
e:obs:gdp_secondary:2000Q1:metric,obs:gdp_secondary:2000Q1,MEASURES,metric:gdp_secondary_quarterly,{}
e:obs:gdp_secondary:2000Q1:time,obs:gdp_secondary:2000Q1,AT_TIME,period:Q:2000Q1,{}
e:obs:gdp_primary:2000Q2:region,obs:gdp_primary:2000Q2,OBSERVED_IN,region:CN-ZJ,{}
e:obs:gdp_primary:2000Q2:metric,obs:gdp_primary:2000Q2,MEASURES,metric:gdp_primary_quarterly,{}
e:obs:gdp_primary:2000Q2:time,obs:gdp_primary:2000Q2,AT_TIME,period:Q:2000Q2,{}
e:obs:gdp_tertiary:2000Q2:region,obs:gdp_tertiary:2000Q2,OBSERVED_IN,region:CN-ZJ,{}
e:obs:gdp_tertiary:2000Q2:metric,obs:gdp_tertiary:2000Q2,MEASURES,metric:gdp_tertiary_quarterly,{}
e:obs:gdp_tertiary:2000Q2:time,obs:gdp_tertiary:2000Q2,AT_TIME,period:Q:2000Q2,{}
e:obs:gdp_secondary:2000Q2:region,obs:gdp_secondary:2000Q2,OBSERVED_IN,region:CN-ZJ,{}
e:obs:gdp_secondary:2000Q2:metric,obs:gdp_secondary:2000Q2,MEASURES,metric:gdp_secondary_quarterly,{}
e:obs:gdp_secondary:2000Q2:time,obs:gdp_secondary:2000Q2,AT_TIME,period:Q:2000Q2,{}
e:obs:gdp_primary:2000Q3:region,obs:gdp_primary:2000Q3,OBSERVED_IN,region:CN-ZJ,{}
e:obs:gdp_primary:2000Q3:metric,obs:gdp_primary:2000Q3,MEASURES,metric:gdp_primary_quarterly,{}
e:obs:gdp_primary:2000Q3:time,obs:gdp_primary:2000Q3,AT_TIME,period:Q:2000Q3,{}
e:obs:gdp_tertiary:2000Q3:region,obs:gdp_tertiary:2000Q3,OBSERVED_IN,region:CN-ZJ,{}
e:obs:gdp_tertiary:2000Q3:metric,obs:gdp_tertiary:2000Q3,MEASURES,metric:gdp_tertiary_quarterly,{}
e:obs:gdp_tertiary:2000Q3:time,obs:gdp_tertiary:2000Q3,AT_TIME,period:Q:2000Q3,{}
e:obs:gdp_secondary:2000Q3:region,obs:gdp_secondary:2000Q3,OBSERVED_IN,region:CN-ZJ,{}
e:obs:gdp_secondary:2000Q3:metric,obs:gdp_secondary:2000Q3,MEASURES,metric:gdp_secondary_quarterly,{}
e:obs:gdp_secondary:2000Q3:time,obs:gdp_secondary:2000Q3,AT_TIME,period:Q:2000Q3,{}
e:obs:gdp_primary:2000Q4:region,obs:gdp_primary:2000Q4,OBSERVED_IN,region:CN-ZJ,{}
e:obs:gdp_primary:2000Q4:metric,obs:gdp_primary:2000Q4,MEASURES,metric:gdp_primary_quarterly,{}
e:obs:gdp_primary:2000Q4:time,obs:gdp_primary:2000Q4,AT_TIME,period:Q:2000Q4,{}
e:obs:gdp_tertiary:2000Q4:region,obs:gdp_tertiary:2000Q4,OBSERVED_IN,region:CN-ZJ,{}
e:obs:gdp_tertiary:2000Q4:metric,obs:gdp_tertiary:2000Q4,MEASURES,metric:gdp_tertiary_quarterly,{}
e:obs:gdp_tertiary:2000Q4:time,obs:gdp_tertiary:2000Q4,AT_TIME,period:Q:2000Q4,{}
e:obs:gdp_secondary:2000Q4:region,obs:gdp_secondary:2000Q4,OBSERVED_IN,region:CN-ZJ,{}
e:obs:gdp_secondary:2000Q4:metric,obs:gdp_secondary:2000Q4,MEASURES,metric:gdp_secondary_quarterly,{}
e:obs:gdp_secondary:2000Q4:time,obs:gdp_secondary:2000Q4,AT_TIME,period:Q:2000Q4,{}
e:obs:gdp_primary:2001Q1:region,obs:gdp_primary:2001Q1,OBSERVED_IN,region:CN-ZJ,{}
e:obs:gdp_primary:2001Q1:metric,obs:gdp_primary:2001Q1,MEASURES,metric:gdp_primary_quarterly,{}
e:obs:gdp_primary:2001Q1:time,obs:gdp_primary:2001Q1,AT_TIME,period:Q:2001Q1,{}
e:obs:gdp_tertiary:2001Q1:region,obs:gdp_tertiary:2001Q1,OBSERVED_IN,region:CN-ZJ,{}
e:obs:gdp_tertiary:2001Q1:metric,obs:gdp_tertiary:2001Q1,MEASURES,metric:gdp_tertiary_quarterly,{}
e:obs:gdp_tertiary:2001Q1:time,obs:gdp_tertiary:2001Q1,AT_TIME,period:Q:2001Q1,{}
e:obs:gdp_secondary:2001Q1:region,obs:gdp_secondary:2001Q1,OBSERVED_IN,region:CN-ZJ,{}
e:obs:gdp_secondary:2001Q1:metric,obs:gdp_secondary:2001Q1,MEASURES,metric:gdp_secondary_quarterly,{}
e:obs:gdp_secondary:2001Q1:time,obs:gdp_secondary:2001Q1,AT_TIME,period:Q:2001Q1,{}
e:obs:gdp_primary:2001Q2:region,obs:gdp_primary:2001Q2,OBSERVED_IN,region:CN-ZJ,{}
e:obs:gdp_primary:2001Q2:metric,obs:gdp_primary:2001Q2,MEASURES,metric:gdp_primary_quarterly,{}
e:obs:gdp_primary:2001Q2:time,obs:gdp_primary:2001Q2,AT_TIME,period:Q:2001Q2,{}
e:obs:gdp_tertiary:2001Q2:region,obs:gdp_tertiary:2001Q2,OBSERVED_IN,region:CN-ZJ,{}
e:obs:gdp_tertiary:2001Q2:metric,obs:gdp_tertiary:2001Q2,MEASURES,metric:gdp_tertiary_quarterly,{}
e:obs:gdp_tertiary:2001Q2:time,obs:gdp_tertiary:2001Q2,AT_TIME,period:Q:2001Q2,{}
e:obs:gdp_secondary:2001Q2:region,obs:gdp_secondary:2001Q2,OBSERVED_IN,region:CN-ZJ,{}
e:obs:gdp_secondary:2001Q2:metric,obs:gdp_secondary:2001Q2,MEASURES,metric:gdp_secondary_quarterly,{}
e:obs:gdp_secondary:2001Q2:time,obs:gdp_secondary:2001Q2,AT_TIME,period:Q:2001Q2,{}
e:obs:gdp_primary:2001Q3:region,obs:gdp_primary:2001Q3,OBSERVED_IN,region:CN-ZJ,{}
e:obs:gdp_primary:2001Q3:metric,obs:gdp_primary:2001Q3,MEASURES,metric:gdp_primary_quarterly,{}
e:obs:gdp_primary:2001Q3:time,obs:gdp_primary:2001Q3,AT_TIME,period:Q:2001Q3,{}
e:obs:gdp_tertiary:2001Q3:region,obs:gdp_tertiary:2001Q3,OBSERVED_IN,region:CN-ZJ,{}
e:obs:gdp_tertiary:2001Q3:metric,obs:gdp_tertiary:2001Q3,MEASURES,metric:gdp_tertiary_quarterly,{}
e:obs:gdp_tertiary:2001Q3:time,obs:gdp_tertiary:2001Q3,AT_TIME,period:Q:2001Q3,{}
e:obs:gdp_secondary:2001Q3:region,obs:gdp_secondary:2001Q3,OBSERVED_IN,region:CN-ZJ,{}
e:obs:gdp_secondary:2001Q3:metric,obs:gdp_secondary:2001Q3,MEASURES,metric:gdp_secondary_quarterly,{}
e:obs:gdp_secondary:2001Q3:time,obs:gdp_secondary:2001Q3,AT_TIME,period:Q:2001Q3,{}
e:obs:gdp_primary:2001Q4:region,obs:gdp_primary:2001Q4,OBSERVED_IN,region:CN-ZJ,{}
e:obs:gdp_primary:2001Q4:metric,obs:gdp_primary:2001Q4,MEASURES,metric:gdp_primary_quarterly,{}
e:obs:gdp_primary:2001Q4:time,obs:gdp_primary:2001Q4,AT_TIME,period:Q:2001Q4,{}
e:obs:gdp_tertiary:2001Q4:region,obs:gdp_tertiary:2001Q4,OBSERVED_IN,region:CN-ZJ,{}
e:obs:gdp_tertiary:2001Q4:metric,obs:gdp_tertiary:2001Q4,MEASURES,metric:gdp_tertiary_quarterly,{}
e:obs:gdp_tertiary:2001Q4:time,obs:gdp_tertiary:2001Q4,AT_TIME,period:Q:2001Q4,{}
e:obs:gdp_secondary:2001Q4:region,obs:gdp_secondary:2001Q4,OBSERVED_IN,region:CN-ZJ,{}
e:obs:gdp_secondary:2001Q4:metric,obs:gdp_secondary:2001Q4,MEASURES,metric:gdp_secondary_quarterly,{}
e:obs:gdp_secondary:2001Q4:time,obs:gdp_secondary:2001Q4,AT_TIME,period:Q:2001Q4,{}
e:obs:gdp_primary:2002Q1:region,obs:gdp_primary:2002Q1,OBSERVED_IN,region:CN-ZJ,{}
e:obs:gdp_primary:2002Q1:metric,obs:gdp_primary:2002Q1,MEASURES,metric:gdp_primary_quarterly,{}
e:obs:gdp_primary:2002Q1:time,obs:gdp_primary:2002Q1,AT_TIME,period:Q:2002Q1,{}
e:obs:gdp_tertiary:2002Q1:region,obs:gdp_tertiary:2002Q1,OBSERVED_IN,region:CN-ZJ,{}
e:obs:gdp_tertiary:2002Q1:metric,obs:gdp_tertiary:2002Q1,MEASURES,metric:gdp_tertiary_quarterly,{}
e:obs:gdp_tertiary:2002Q1:time,obs:gdp_tertiary:2002Q1,AT_TIME,period:Q:2002Q1,{}
e:obs:gdp_secondary:2002Q1:region,obs:gdp_secondary:2002Q1,OBSERVED_IN,region:CN-ZJ,{}
e:obs:gdp_secondary:2002Q1:metric,obs:gdp_secondary:2002Q1,MEASURES,metric:gdp_secondary_quarterly,{}
e:obs:gdp_secondary:2002Q1:time,obs:gdp_secondary:2002Q1,AT_TIME,period:Q:2002Q1,{}
e:obs:gdp_primary:2002Q2:region,obs:gdp_primary:2002Q2,OBSERVED_IN,region:CN-ZJ,{}
e:obs:gdp_primary:2002Q2:metric,obs:gdp_primary:2002Q2,MEASURES,metric:gdp_primary_quarterly,{}
e:obs:gdp_primary:2002Q2:time,obs:gdp_primary:2002Q2,AT_TIME,period:Q:2002Q2,{}
e:obs:gdp_tertiary:2002Q2:region,obs:gdp_tertiary:2002Q2,OBSERVED_IN,region:CN-ZJ,{}
e:obs:gdp_tertiary:2002Q2:metric,obs:gdp_tertiary:2002Q2,MEASURES,metric:gdp_tertiary_quarterly,{}
e:obs:gdp_tertiary:2002Q2:time,obs:gdp_tertiary:2002Q2,AT_TIME,period:Q:2002Q2,{}
e:obs:gdp_secondary:2002Q2:region,obs:gdp_secondary:2002Q2,OBSERVED_IN,region:CN-ZJ,{}
e:obs:gdp_secondary:2002Q2:metric,obs:gdp_secondary:2002Q2,MEASURES,metric:gdp_secondary_quarterly,{}
e:obs:gdp_secondary:2002Q2:time,obs:gdp_secondary:2002Q2,AT_TIME,period:Q:2002Q2,{}
e:obs:gdp_primary:2002Q3:region,obs:gdp_primary:2002Q3,OBSERVED_IN,region:CN-ZJ,{}
e:obs:gdp_primary:2002Q3:metric,obs:gdp_primary:2002Q3,MEASURES,metric:gdp_primary_quarterly,{}
e:obs:gdp_primary:2002Q3:time,obs:gdp_primary:2002Q3,AT_TIME,period:Q:2002Q3,{}
e:obs:gdp_tertiary:2002Q3:region,obs:gdp_tertiary:2002Q3,OBSERVED_IN,region:CN-ZJ,{}
e:obs:gdp_tertiary:2002Q3:metric,obs:gdp_tertiary:2002Q3,MEASURES,metric:gdp_tertiary_quarterly,{}
e:obs:gdp_tertiary:2002Q3:time,obs:gdp_tertiary:2002Q3,AT_TIME,period:Q:2002Q3,{}
e:obs:gdp_secondary:2002Q3:region,obs:gdp_secondary:2002Q3,OBSERVED_IN,region:CN-ZJ,{}
e:obs:gdp_secondary:2002Q3:metric,obs:gdp_secondary:2002Q3,MEASURES,metric:gdp_secondary_quarterly,{}
e:obs:gdp_secondary:2002Q3:time,obs:gdp_secondary:2002Q3,AT_TIME,period:Q:2002Q3,{}
e:obs:gdp_primary:2002Q4:region,obs:gdp_primary:2002Q4,OBSERVED_IN,region:CN-ZJ,{}
e:obs:gdp_primary:2002Q4:metric,obs:gdp_primary:2002Q4,MEASURES,metric:gdp_primary_quarterly,{}
e:obs:gdp_primary:2002Q4:time,obs:gdp_primary:2002Q4,AT_TIME,period:Q:2002Q4,{}
e:obs:gdp_tertiary:2002Q4:region,obs:gdp_tertiary:2002Q4,OBSERVED_IN,region:CN-ZJ,{}
e:obs:gdp_tertiary:2002Q4:metric,obs:gdp_tertiary:2002Q4,MEASURES,metric:gdp_tertiary_quarterly,{}
e:obs:gdp_tertiary:2002Q4:time,obs:gdp_tertiary:2002Q4,AT_TIME,period:Q:2002Q4,{}
e:obs:gdp_secondary:2002Q4:region,obs:gdp_secondary:2002Q4,OBSERVED_IN,region:CN-ZJ,{}
e:obs:gdp_secondary:2002Q4:metric,obs:gdp_secondary:2002Q4,MEASURES,metric:gdp_secondary_quarterly,{}
e:obs:gdp_secondary:2002Q4:time,obs:gdp_secondary:2002Q4,AT_TIME,period:Q:2002Q4,{}
e:obs:gdp_primary:2003Q1:region,obs:gdp_primary:2003Q1,OBSERVED_IN,region:CN-ZJ,{}
e:obs:gdp_primary:2003Q1:metric,obs:gdp_primary:2003Q1,MEASURES,metric:gdp_primary_quarterly,{}
e:obs:gdp_primary:2003Q1:time,obs:gdp_primary:2003Q1,AT_TIME,period:Q:2003Q1,{}
e:obs:gdp_tertiary:2003Q1:region,obs:gdp_tertiary:2003Q1,OBSERVED_IN,region:CN-ZJ,{}
e:obs:gdp_tertiary:2003Q1:metric,obs:gdp_tertiary:2003Q1,MEASURES,metric:gdp_tertiary_quarterly,{}
e:obs:gdp_tertiary:2003Q1:time,obs:gdp_tertiary:2003Q1,AT_TIME,period:Q:2003Q1,{}
e:obs:gdp_secondary:2003Q1:region,obs:gdp_secondary:2003Q1,OBSERVED_IN,region:CN-ZJ,{}
e:obs:gdp_secondary:2003Q1:metric,obs:gdp_secondary:2003Q1,MEASURES,metric:gdp_secondary_quarterly,{}
e:obs:gdp_secondary:2003Q1:time,obs:gdp_secondary:2003Q1,AT_TIME,period:Q:2003Q1,{}
e:obs:gdp_primary:2003Q2:region,obs:gdp_primary:2003Q2,OBSERVED_IN,region:CN-ZJ,{}
e:obs:gdp_primary:2003Q2:metric,obs:gdp_primary:2003Q2,MEASURES,metric:gdp_primary_quarterly,{}
e:obs:gdp_primary:2003Q2:time,obs:gdp_primary:2003Q2,AT_TIME,period:Q:2003Q2,{}
e:obs:gdp_tertiary:2003Q2:region,obs:gdp_tertiary:2003Q2,OBSERVED_IN,region:CN-ZJ,{}
e:obs:gdp_tertiary:2003Q2:metric,obs:gdp_tertiary:2003Q2,MEASURES,metric:gdp_tertiary_quarterly,{}
e:obs:gdp_tertiary:2003Q2:time,obs:gdp_tertiary:2003Q2,AT_TIME,period:Q:2003Q2,{}
e:obs:gdp_secondary:2003Q2:region,obs:gdp_secondary:2003Q2,OBSERVED_IN,region:CN-ZJ,{}
e:obs:gdp_secondary:2003Q2:metric,obs:gdp_secondary:2003Q2,MEASURES,metric:gdp_secondary_quarterly,{}
e:obs:gdp_secondary:2003Q2:time,obs:gdp_secondary:2003Q2,AT_TIME,period:Q:2003Q2,{}
e:obs:gdp_primary:2003Q3:region,obs:gdp_primary:2003Q3,OBSERVED_IN,region:CN-ZJ,{}
e:obs:gdp_primary:2003Q3:metric,obs:gdp_primary:2003Q3,MEASURES,metric:gdp_primary_quarterly,{}
e:obs:gdp_primary:2003Q3:time,obs:gdp_primary:2003Q3,AT_TIME,period:Q:2003Q3,{}
e:obs:gdp_tertiary:2003Q3:region,obs:gdp_tertiary:2003Q3,OBSERVED_IN,region:CN-ZJ,{}
e:obs:gdp_tertiary:2003Q3:metric,obs:gdp_tertiary:2003Q3,MEASURES,metric:gdp_tertiary_quarterly,{}
e:obs:gdp_tertiary:2003Q3:time,obs:gdp_tertiary:2003Q3,AT_TIME,period:Q:2003Q3,{}
e:obs:gdp_secondary:2003Q3:region,obs:gdp_secondary:2003Q3,OBSERVED_IN,region:CN-ZJ,{}
e:obs:gdp_secondary:2003Q3:metric,obs:gdp_secondary:2003Q3,MEASURES,metric:gdp_secondary_quarterly,{}
e:obs:gdp_secondary:2003Q3:time,obs:gdp_secondary:2003Q3,AT_TIME,period:Q:2003Q3,{}
e:obs:gdp_primary:2003Q4:region,obs:gdp_primary:2003Q4,OBSERVED_IN,region:CN-ZJ,{}
e:obs:gdp_primary:2003Q4:metric,obs:gdp_primary:2003Q4,MEASURES,metric:gdp_primary_quarterly,{}
e:obs:gdp_primary:2003Q4:time,obs:gdp_primary:2003Q4,AT_TIME,period:Q:2003Q4,{}
e:obs:gdp_tertiary:2003Q4:region,obs:gdp_tertiary:2003Q4,OBSERVED_IN,region:CN-ZJ,{}
e:obs:gdp_tertiary:2003Q4:metric,obs:gdp_tertiary:2003Q4,MEASURES,metric:gdp_tertiary_quarterly,{}
e:obs:gdp_tertiary:2003Q4:time,obs:gdp_tertiary:2003Q4,AT_TIME,period:Q:2003Q4,{}
e:obs:gdp_secondary:2003Q4:region,obs:gdp_secondary:2003Q4,OBSERVED_IN,region:CN-ZJ,{}
e:obs:gdp_secondary:2003Q4:metric,obs:gdp_secondary:2003Q4,MEASURES,metric:gdp_secondary_quarterly,{}
e:obs:gdp_secondary:2003Q4:time,obs:gdp_secondary:2003Q4,AT_TIME,period:Q:2003Q4,{}
e:obs:gdp_primary:2004Q1:region,obs:gdp_primary:2004Q1,OBSERVED_IN,region:CN-ZJ,{}
e:obs:gdp_primary:2004Q1:metric,obs:gdp_primary:2004Q1,MEASURES,metric:gdp_primary_quarterly,{}
e:obs:gdp_primary:2004Q1:time,obs:gdp_primary:2004Q1,AT_TIME,period:Q:2004Q1,{}
e:obs:gdp_tertiary:2004Q1:region,obs:gdp_tertiary:2004Q1,OBSERVED_IN,region:CN-ZJ,{}
e:obs:gdp_tertiary:2004Q1:metric,obs:gdp_tertiary:2004Q1,MEASURES,metric:gdp_tertiary_quarterly,{}
e:obs:gdp_tertiary:2004Q1:time,obs:gdp_tertiary:2004Q1,AT_TIME,period:Q:2004Q1,{}
e:obs:gdp_secondary:2004Q1:region,obs:gdp_secondary:2004Q1,OBSERVED_IN,region:CN-ZJ,{}
e:obs:gdp_secondary:2004Q1:metric,obs:gdp_secondary:2004Q1,MEASURES,metric:gdp_secondary_quarterly,{}
e:obs:gdp_secondary:2004Q1:time,obs:gdp_secondary:2004Q1,AT_TIME,period:Q:2004Q1,{}
e:obs:gdp_primary:2004Q2:region,obs:gdp_primary:2004Q2,OBSERVED_IN,region:CN-ZJ,{}
e:obs:gdp_primary:2004Q2:metric,obs:gdp_primary:2004Q2,MEASURES,metric:gdp_primary_quarterly,{}
e:obs:gdp_primary:2004Q2:time,obs:gdp_primary:2004Q2,AT_TIME,period:Q:2004Q2,{}
e:obs:gdp_tertiary:2004Q2:region,obs:gdp_tertiary:2004Q2,OBSERVED_IN,region:CN-ZJ,{}
e:obs:gdp_tertiary:2004Q2:metric,obs:gdp_tertiary:2004Q2,MEASURES,metric:gdp_tertiary_quarterly,{}
e:obs:gdp_tertiary:2004Q2:time,obs:gdp_tertiary:2004Q2,AT_TIME,period:Q:2004Q2,{}
e:obs:gdp_secondary:2004Q2:region,obs:gdp_secondary:2004Q2,OBSERVED_IN,region:CN-ZJ,{}
e:obs:gdp_secondary:2004Q2:metric,obs:gdp_secondary:2004Q2,MEASURES,metric:gdp_secondary_quarterly,{}
e:obs:gdp_secondary:2004Q2:time,obs:gdp_secondary:2004Q2,AT_TIME,period:Q:2004Q2,{}
e:obs:gdp_primary:2004Q3:region,obs:gdp_primary:2004Q3,OBSERVED_IN,region:CN-ZJ,{}
e:obs:gdp_primary:2004Q3:metric,obs:gdp_primary:2004Q3,MEASURES,metric:gdp_primary_quarterly,{}
e:obs:gdp_primary:2004Q3:time,obs:gdp_primary:2004Q3,AT_TIME,period:Q:2004Q3,{}
e:obs:gdp_tertiary:2004Q3:region,obs:gdp_tertiary:2004Q3,OBSERVED_IN,region:CN-ZJ,{}
e:obs:gdp_tertiary:2004Q3:metric,obs:gdp_tertiary:2004Q3,MEASURES,metric:gdp_tertiary_quarterly,{}
e:obs:gdp_tertiary:2004Q3:time,obs:gdp_tertiary:2004Q3,AT_TIME,period:Q:2004Q3,{}
e:obs:gdp_secondary:2004Q3:region,obs:gdp_secondary:2004Q3,OBSERVED_IN,region:CN-ZJ,{}
e:obs:gdp_secondary:2004Q3:metric,obs:gdp_secondary:2004Q3,MEASURES,metric:gdp_secondary_quarterly,{}
e:obs:gdp_secondary:2004Q3:time,obs:gdp_secondary:2004Q3,AT_TIME,period:Q:2004Q3,{}
e:obs:gdp_primary:2004Q4:region,obs:gdp_primary:2004Q4,OBSERVED_IN,region:CN-ZJ,{}
e:obs:gdp_primary:2004Q4:metric,obs:gdp_primary:2004Q4,MEASURES,metric:gdp_primary_quarterly,{}
e:obs:gdp_primary:2004Q4:time,obs:gdp_primary:2004Q4,AT_TIME,period:Q:2004Q4,{}
e:obs:gdp_tertiary:2004Q4:region,obs:gdp_tertiary:2004Q4,OBSERVED_IN,region:CN-ZJ,{}
e:obs:gdp_tertiary:2004Q4:metric,obs:gdp_tertiary:2004Q4,MEASURES,metric:gdp_tertiary_quarterly,{}
e:obs:gdp_tertiary:2004Q4:time,obs:gdp_tertiary:2004Q4,AT_TIME,period:Q:2004Q4,{}
e:obs:gdp_secondary:2004Q4:region,obs:gdp_secondary:2004Q4,OBSERVED_IN,region:CN-ZJ,{}
e:obs:gdp_secondary:2004Q4:metric,obs:gdp_secondary:2004Q4,MEASURES,metric:gdp_secondary_quarterly,{}
e:obs:gdp_secondary:2004Q4:time,obs:gdp_secondary:2004Q4,AT_TIME,period:Q:2004Q4,{}
e:obs:gdp_primary:2005Q1:region,obs:gdp_primary:2005Q1,OBSERVED_IN,region:CN-ZJ,{}
e:obs:gdp_primary:2005Q1:metric,obs:gdp_primary:2005Q1,MEASURES,metric:gdp_primary_quarterly,{}
e:obs:gdp_primary:2005Q1:time,obs:gdp_primary:2005Q1,AT_TIME,period:Q:2005Q1,{}
e:obs:gdp_tertiary:2005Q1:region,obs:gdp_tertiary:2005Q1,OBSERVED_IN,region:CN-ZJ,{}
e:obs:gdp_tertiary:2005Q1:metric,obs:gdp_tertiary:2005Q1,MEASURES,metric:gdp_tertiary_quarterly,{}
e:obs:gdp_tertiary:2005Q1:time,obs:gdp_tertiary:2005Q1,AT_TIME,period:Q:2005Q1,{}
e:obs:gdp_secondary:2005Q1:region,obs:gdp_secondary:2005Q1,OBSERVED_IN,region:CN-ZJ,{}
e:obs:gdp_secondary:2005Q1:metric,obs:gdp_secondary:2005Q1,MEASURES,metric:gdp_secondary_quarterly,{}
e:obs:gdp_secondary:2005Q1:time,obs:gdp_secondary:2005Q1,AT_TIME,period:Q:2005Q1,{}
e:obs:gdp_primary:2005Q2:region,obs:gdp_primary:2005Q2,OBSERVED_IN,region:CN-ZJ,{}
e:obs:gdp_primary:2005Q2:metric,obs:gdp_primary:2005Q2,MEASURES,metric:gdp_primary_quarterly,{}
e:obs:gdp_primary:2005Q2:time,obs:gdp_primary:2005Q2,AT_TIME,period:Q:2005Q2,{}
e:obs:gdp_tertiary:2005Q2:region,obs:gdp_tertiary:2005Q2,OBSERVED_IN,region:CN-ZJ,{}
e:obs:gdp_tertiary:2005Q2:metric,obs:gdp_tertiary:2005Q2,MEASURES,metric:gdp_tertiary_quarterly,{}
e:obs:gdp_tertiary:2005Q2:time,obs:gdp_tertiary:2005Q2,AT_TIME,period:Q:2005Q2,{}
e:obs:gdp_secondary:2005Q2:region,obs:gdp_secondary:2005Q2,OBSERVED_IN,region:CN-ZJ,{}
e:obs:gdp_secondary:2005Q2:metric,obs:gdp_secondary:2005Q2,MEASURES,metric:gdp_secondary_quarterly,{}
e:obs:gdp_secondary:2005Q2:time,obs:gdp_secondary:2005Q2,AT_TIME,period:Q:2005Q2,{}
e:obs:gdp_primary:2005Q3:region,obs:gdp_primary:2005Q3,OBSERVED_IN,region:CN-ZJ,{}
e:obs:gdp_primary:2005Q3:metric,obs:gdp_primary:2005Q3,MEASURES,metric:gdp_primary_quarterly,{}
e:obs:gdp_primary:2005Q3:time,obs:gdp_primary:2005Q3,AT_TIME,period:Q:2005Q3,{}
e:obs:gdp_tertiary:2005Q3:region,obs:gdp_tertiary:2005Q3,OBSERVED_IN,region:CN-ZJ,{}
e:obs:gdp_tertiary:2005Q3:metric,obs:gdp_tertiary:2005Q3,MEASURES,metric:gdp_tertiary_quarterly,{}
e:obs:gdp_tertiary:2005Q3:time,obs:gdp_tertiary:2005Q3,AT_TIME,period:Q:2005Q3,{}
e:obs:gdp_secondary:2005Q3:region,obs:gdp_secondary:2005Q3,OBSERVED_IN,region:CN-ZJ,{}
e:obs:gdp_secondary:2005Q3:metric,obs:gdp_secondary:2005Q3,MEASURES,metric:gdp_secondary_quarterly,{}
e:obs:gdp_secondary:2005Q3:time,obs:gdp_secondary:2005Q3,AT_TIME,period:Q:2005Q3,{}
e:obs:gdp_primary:2005Q4:region,obs:gdp_primary:2005Q4,OBSERVED_IN,region:CN-ZJ,{}
e:obs:gdp_primary:2005Q4:metric,obs:gdp_primary:2005Q4,MEASURES,metric:gdp_primary_quarterly,{}
e:obs:gdp_primary:2005Q4:time,obs:gdp_primary:2005Q4,AT_TIME,period:Q:2005Q4,{}
e:obs:gdp_tertiary:2005Q4:region,obs:gdp_tertiary:2005Q4,OBSERVED_IN,region:CN-ZJ,{}
e:obs:gdp_tertiary:2005Q4:metric,obs:gdp_tertiary:2005Q4,MEASURES,metric:gdp_tertiary_quarterly,{}
e:obs:gdp_tertiary:2005Q4:time,obs:gdp_tertiary:2005Q4,AT_TIME,period:Q:2005Q4,{}
e:obs:gdp_secondary:2005Q4:region,obs:gdp_secondary:2005Q4,OBSERVED_IN,region:CN-ZJ,{}
e:obs:gdp_secondary:2005Q4:metric,obs:gdp_secondary:2005Q4,MEASURES,metric:gdp_secondary_quarterly,{}
e:obs:gdp_secondary:2005Q4:time,obs:gdp_secondary:2005Q4,AT_TIME,period:Q:2005Q4,{}
e:obs:gdp_primary:2006Q1:region,obs:gdp_primary:2006Q1,OBSERVED_IN,region:CN-ZJ,{}
e:obs:gdp_primary:2006Q1:metric,obs:gdp_primary:2006Q1,MEASURES,metric:gdp_primary_quarterly,{}
e:obs:gdp_primary:2006Q1:time,obs:gdp_primary:2006Q1,AT_TIME,period:Q:2006Q1,{}
e:obs:gdp_tertiary:2006Q1:region,obs:gdp_tertiary:2006Q1,OBSERVED_IN,region:CN-ZJ,{}
e:obs:gdp_tertiary:2006Q1:metric,obs:gdp_tertiary:2006Q1,MEASURES,metric:gdp_tertiary_quarterly,{}
e:obs:gdp_tertiary:2006Q1:time,obs:gdp_tertiary:2006Q1,AT_TIME,period:Q:2006Q1,{}
e:obs:gdp_secondary:2006Q1:region,obs:gdp_secondary:2006Q1,OBSERVED_IN,region:CN-ZJ,{}
e:obs:gdp_secondary:2006Q1:metric,obs:gdp_secondary:2006Q1,MEASURES,metric:gdp_secondary_quarterly,{}
e:obs:gdp_secondary:2006Q1:time,obs:gdp_secondary:2006Q1,AT_TIME,period:Q:2006Q1,{}
e:obs:gdp_primary:2006Q2:region,obs:gdp_primary:2006Q2,OBSERVED_IN,region:CN-ZJ,{}
e:obs:gdp_primary:2006Q2:metric,obs:gdp_primary:2006Q2,MEASURES,metric:gdp_primary_quarterly,{}
e:obs:gdp_primary:2006Q2:time,obs:gdp_primary:2006Q2,AT_TIME,period:Q:2006Q2,{}
e:obs:gdp_tertiary:2006Q2:region,obs:gdp_tertiary:2006Q2,OBSERVED_IN,region:CN-ZJ,{}
e:obs:gdp_tertiary:2006Q2:metric,obs:gdp_tertiary:2006Q2,MEASURES,metric:gdp_tertiary_quarterly,{}
e:obs:gdp_tertiary:2006Q2:time,obs:gdp_tertiary:2006Q2,AT_TIME,period:Q:2006Q2,{}
e:obs:gdp_secondary:2006Q2:region,obs:gdp_secondary:2006Q2,OBSERVED_IN,region:CN-ZJ,{}
e:obs:gdp_secondary:2006Q2:metric,obs:gdp_secondary:2006Q2,MEASURES,metric:gdp_secondary_quarterly,{}
e:obs:gdp_secondary:2006Q2:time,obs:gdp_secondary:2006Q2,AT_TIME,period:Q:2006Q2,{}
e:obs:gdp_primary:2006Q3:region,obs:gdp_primary:2006Q3,OBSERVED_IN,region:CN-ZJ,{}
e:obs:gdp_primary:2006Q3:metric,obs:gdp_primary:2006Q3,MEASURES,metric:gdp_primary_quarterly,{}
e:obs:gdp_primary:2006Q3:time,obs:gdp_primary:2006Q3,AT_TIME,period:Q:2006Q3,{}
e:obs:gdp_tertiary:2006Q3:region,obs:gdp_tertiary:2006Q3,OBSERVED_IN,region:CN-ZJ,{}
e:obs:gdp_tertiary:2006Q3:metric,obs:gdp_tertiary:2006Q3,MEASURES,metric:gdp_tertiary_quarterly,{}
e:obs:gdp_tertiary:2006Q3:time,obs:gdp_tertiary:2006Q3,AT_TIME,period:Q:2006Q3,{}
e:obs:gdp_secondary:2006Q3:region,obs:gdp_secondary:2006Q3,OBSERVED_IN,region:CN-ZJ,{}
e:obs:gdp_secondary:2006Q3:metric,obs:gdp_secondary:2006Q3,MEASURES,metric:gdp_secondary_quarterly,{}
e:obs:gdp_secondary:2006Q3:time,obs:gdp_secondary:2006Q3,AT_TIME,period:Q:2006Q3,{}
e:obs:gdp_primary:2006Q4:region,obs:gdp_primary:2006Q4,OBSERVED_IN,region:CN-ZJ,{}
e:obs:gdp_primary:2006Q4:metric,obs:gdp_primary:2006Q4,MEASURES,metric:gdp_primary_quarterly,{}
e:obs:gdp_primary:2006Q4:time,obs:gdp_primary:2006Q4,AT_TIME,period:Q:2006Q4,{}
e:obs:gdp_tertiary:2006Q4:region,obs:gdp_tertiary:2006Q4,OBSERVED_IN,region:CN-ZJ,{}
e:obs:gdp_tertiary:2006Q4:metric,obs:gdp_tertiary:2006Q4,MEASURES,metric:gdp_tertiary_quarterly,{}
e:obs:gdp_tertiary:2006Q4:time,obs:gdp_tertiary:2006Q4,AT_TIME,period:Q:2006Q4,{}
e:obs:gdp_secondary:2006Q4:region,obs:gdp_secondary:2006Q4,OBSERVED_IN,region:CN-ZJ,{}
e:obs:gdp_secondary:2006Q4:metric,obs:gdp_secondary:2006Q4,MEASURES,metric:gdp_secondary_quarterly,{}
e:obs:gdp_secondary:2006Q4:time,obs:gdp_secondary:2006Q4,AT_TIME,period:Q:2006Q4,{}
e:obs:gdp_primary:2007Q1:region,obs:gdp_primary:2007Q1,OBSERVED_IN,region:CN-ZJ,{}
e:obs:gdp_primary:2007Q1:metric,obs:gdp_primary:2007Q1,MEASURES,metric:gdp_primary_quarterly,{}
e:obs:gdp_primary:2007Q1:time,obs:gdp_primary:2007Q1,AT_TIME,period:Q:2007Q1,{}
e:obs:gdp_tertiary:2007Q1:region,obs:gdp_tertiary:2007Q1,OBSERVED_IN,region:CN-ZJ,{}
e:obs:gdp_tertiary:2007Q1:metric,obs:gdp_tertiary:2007Q1,MEASURES,metric:gdp_tertiary_quarterly,{}
e:obs:gdp_tertiary:2007Q1:time,obs:gdp_tertiary:2007Q1,AT_TIME,period:Q:2007Q1,{}
e:obs:gdp_secondary:2007Q1:region,obs:gdp_secondary:2007Q1,OBSERVED_IN,region:CN-ZJ,{}
e:obs:gdp_secondary:2007Q1:metric,obs:gdp_secondary:2007Q1,MEASURES,metric:gdp_secondary_quarterly,{}
e:obs:gdp_secondary:2007Q1:time,obs:gdp_secondary:2007Q1,AT_TIME,period:Q:2007Q1,{}
e:obs:gdp_primary:2007Q2:region,obs:gdp_primary:2007Q2,OBSERVED_IN,region:CN-ZJ,{}
e:obs:gdp_primary:2007Q2:metric,obs:gdp_primary:2007Q2,MEASURES,metric:gdp_primary_quarterly,{}
e:obs:gdp_primary:2007Q2:time,obs:gdp_primary:2007Q2,AT_TIME,period:Q:2007Q2,{}
e:obs:gdp_tertiary:2007Q2:region,obs:gdp_tertiary:2007Q2,OBSERVED_IN,region:CN-ZJ,{}
e:obs:gdp_tertiary:2007Q2:metric,obs:gdp_tertiary:2007Q2,MEASURES,metric:gdp_tertiary_quarterly,{}
e:obs:gdp_tertiary:2007Q2:time,obs:gdp_tertiary:2007Q2,AT_TIME,period:Q:2007Q2,{}
e:obs:gdp_secondary:2007Q2:region,obs:gdp_secondary:2007Q2,OBSERVED_IN,region:CN-ZJ,{}
e:obs:gdp_secondary:2007Q2:metric,obs:gdp_secondary:2007Q2,MEASURES,metric:gdp_secondary_quarterly,{}
e:obs:gdp_secondary:2007Q2:time,obs:gdp_secondary:2007Q2,AT_TIME,period:Q:2007Q2,{}
e:obs:gdp_primary:2007Q3:region,obs:gdp_primary:2007Q3,OBSERVED_IN,region:CN-ZJ,{}
e:obs:gdp_primary:2007Q3:metric,obs:gdp_primary:2007Q3,MEASURES,metric:gdp_primary_quarterly,{}
e:obs:gdp_primary:2007Q3:time,obs:gdp_primary:2007Q3,AT_TIME,period:Q:2007Q3,{}
e:obs:gdp_tertiary:2007Q3:region,obs:gdp_tertiary:2007Q3,OBSERVED_IN,region:CN-ZJ,{}
e:obs:gdp_tertiary:2007Q3:metric,obs:gdp_tertiary:2007Q3,MEASURES,metric:gdp_tertiary_quarterly,{}
e:obs:gdp_tertiary:2007Q3:time,obs:gdp_tertiary:2007Q3,AT_TIME,period:Q:2007Q3,{}
e:obs:gdp_secondary:2007Q3:region,obs:gdp_secondary:2007Q3,OBSERVED_IN,region:CN-ZJ,{}
e:obs:gdp_secondary:2007Q3:metric,obs:gdp_secondary:2007Q3,MEASURES,metric:gdp_secondary_quarterly,{}
e:obs:gdp_secondary:2007Q3:time,obs:gdp_secondary:2007Q3,AT_TIME,period:Q:2007Q3,{}
e:obs:gdp_primary:2007Q4:region,obs:gdp_primary:2007Q4,OBSERVED_IN,region:CN-ZJ,{}
e:obs:gdp_primary:2007Q4:metric,obs:gdp_primary:2007Q4,MEASURES,metric:gdp_primary_quarterly,{}
e:obs:gdp_primary:2007Q4:time,obs:gdp_primary:2007Q4,AT_TIME,period:Q:2007Q4,{}
e:obs:gdp_tertiary:2007Q4:region,obs:gdp_tertiary:2007Q4,OBSERVED_IN,region:CN-ZJ,{}
e:obs:gdp_tertiary:2007Q4:metric,obs:gdp_tertiary:2007Q4,MEASURES,metric:gdp_tertiary_quarterly,{}
e:obs:gdp_tertiary:2007Q4:time,obs:gdp_tertiary:2007Q4,AT_TIME,period:Q:2007Q4,{}
e:obs:gdp_secondary:2007Q4:region,obs:gdp_secondary:2007Q4,OBSERVED_IN,region:CN-ZJ,{}
e:obs:gdp_secondary:2007Q4:metric,obs:gdp_secondary:2007Q4,MEASURES,metric:gdp_secondary_quarterly,{}
e:obs:gdp_secondary:2007Q4:time,obs:gdp_secondary:2007Q4,AT_TIME,period:Q:2007Q4,{}
e:obs:gdp_primary:2008Q1:region,obs:gdp_primary:2008Q1,OBSERVED_IN,region:CN-ZJ,{}
e:obs:gdp_primary:2008Q1:metric,obs:gdp_primary:2008Q1,MEASURES,metric:gdp_primary_quarterly,{}
e:obs:gdp_primary:2008Q1:time,obs:gdp_primary:2008Q1,AT_TIME,period:Q:2008Q1,{}
e:obs:gdp_tertiary:2008Q1:region,obs:gdp_tertiary:2008Q1,OBSERVED_IN,region:CN-ZJ,{}
e:obs:gdp_tertiary:2008Q1:metric,obs:gdp_tertiary:2008Q1,MEASURES,metric:gdp_tertiary_quarterly,{}
e:obs:gdp_tertiary:2008Q1:time,obs:gdp_tertiary:2008Q1,AT_TIME,period:Q:2008Q1,{}
e:obs:gdp_secondary:2008Q1:region,obs:gdp_secondary:2008Q1,OBSERVED_IN,region:CN-ZJ,{}
e:obs:gdp_secondary:2008Q1:metric,obs:gdp_secondary:2008Q1,MEASURES,metric:gdp_secondary_quarterly,{}
e:obs:gdp_secondary:2008Q1:time,obs:gdp_secondary:2008Q1,AT_TIME,period:Q:2008Q1,{}
e:obs:gdp_primary:2008Q2:region,obs:gdp_primary:2008Q2,OBSERVED_IN,region:CN-ZJ,{}
e:obs:gdp_primary:2008Q2:metric,obs:gdp_primary:2008Q2,MEASURES,metric:gdp_primary_quarterly,{}
e:obs:gdp_primary:2008Q2:time,obs:gdp_primary:2008Q2,AT_TIME,period:Q:2008Q2,{}
e:obs:gdp_tertiary:2008Q2:region,obs:gdp_tertiary:2008Q2,OBSERVED_IN,region:CN-ZJ,{}
e:obs:gdp_tertiary:2008Q2:metric,obs:gdp_tertiary:2008Q2,MEASURES,metric:gdp_tertiary_quarterly,{}
e:obs:gdp_tertiary:2008Q2:time,obs:gdp_tertiary:2008Q2,AT_TIME,period:Q:2008Q2,{}
e:obs:gdp_secondary:2008Q2:region,obs:gdp_secondary:2008Q2,OBSERVED_IN,region:CN-ZJ,{}
e:obs:gdp_secondary:2008Q2:metric,obs:gdp_secondary:2008Q2,MEASURES,metric:gdp_secondary_quarterly,{}
e:obs:gdp_secondary:2008Q2:time,obs:gdp_secondary:2008Q2,AT_TIME,period:Q:2008Q2,{}
e:obs:gdp_primary:2008Q3:region,obs:gdp_primary:2008Q3,OBSERVED_IN,region:CN-ZJ,{}
e:obs:gdp_primary:2008Q3:metric,obs:gdp_primary:2008Q3,MEASURES,metric:gdp_primary_quarterly,{}
e:obs:gdp_primary:2008Q3:time,obs:gdp_primary:2008Q3,AT_TIME,period:Q:2008Q3,{}
e:obs:gdp_tertiary:2008Q3:region,obs:gdp_tertiary:2008Q3,OBSERVED_IN,region:CN-ZJ,{}
e:obs:gdp_tertiary:2008Q3:metric,obs:gdp_tertiary:2008Q3,MEASURES,metric:gdp_tertiary_quarterly,{}
e:obs:gdp_tertiary:2008Q3:time,obs:gdp_tertiary:2008Q3,AT_TIME,period:Q:2008Q3,{}
e:obs:gdp_secondary:2008Q3:region,obs:gdp_secondary:2008Q3,OBSERVED_IN,region:CN-ZJ,{}
e:obs:gdp_secondary:2008Q3:metric,obs:gdp_secondary:2008Q3,MEASURES,metric:gdp_secondary_quarterly,{}
e:obs:gdp_secondary:2008Q3:time,obs:gdp_secondary:2008Q3,AT_TIME,period:Q:2008Q3,{}
e:obs:gdp_primary:2008Q4:region,obs:gdp_primary:2008Q4,OBSERVED_IN,region:CN-ZJ,{}
e:obs:gdp_primary:2008Q4:metric,obs:gdp_primary:2008Q4,MEASURES,metric:gdp_primary_quarterly,{}
e:obs:gdp_primary:2008Q4:time,obs:gdp_primary:2008Q4,AT_TIME,period:Q:2008Q4,{}
e:obs:gdp_tertiary:2008Q4:region,obs:gdp_tertiary:2008Q4,OBSERVED_IN,region:CN-ZJ,{}
e:obs:gdp_tertiary:2008Q4:metric,obs:gdp_tertiary:2008Q4,MEASURES,metric:gdp_tertiary_quarterly,{}
e:obs:gdp_tertiary:2008Q4:time,obs:gdp_tertiary:2008Q4,AT_TIME,period:Q:2008Q4,{}
e:obs:gdp_secondary:2008Q4:region,obs:gdp_secondary:2008Q4,OBSERVED_IN,region:CN-ZJ,{}
e:obs:gdp_secondary:2008Q4:metric,obs:gdp_secondary:2008Q4,MEASURES,metric:gdp_secondary_quarterly,{}
e:obs:gdp_secondary:2008Q4:time,obs:gdp_secondary:2008Q4,AT_TIME,period:Q:2008Q4,{}
e:obs:gdp_primary:2009Q1:region,obs:gdp_primary:2009Q1,OBSERVED_IN,region:CN-ZJ,{}
e:obs:gdp_primary:2009Q1:metric,obs:gdp_primary:2009Q1,MEASURES,metric:gdp_primary_quarterly,{}
e:obs:gdp_primary:2009Q1:time,obs:gdp_primary:2009Q1,AT_TIME,period:Q:2009Q1,{}
e:obs:gdp_tertiary:2009Q1:region,obs:gdp_tertiary:2009Q1,OBSERVED_IN,region:CN-ZJ,{}
e:obs:gdp_tertiary:2009Q1:metric,obs:gdp_tertiary:2009Q1,MEASURES,metric:gdp_tertiary_quarterly,{}
e:obs:gdp_tertiary:2009Q1:time,obs:gdp_tertiary:2009Q1,AT_TIME,period:Q:2009Q1,{}
e:obs:gdp_secondary:2009Q1:region,obs:gdp_secondary:2009Q1,OBSERVED_IN,region:CN-ZJ,{}
e:obs:gdp_secondary:2009Q1:metric,obs:gdp_secondary:2009Q1,MEASURES,metric:gdp_secondary_quarterly,{}
e:obs:gdp_secondary:2009Q1:time,obs:gdp_secondary:2009Q1,AT_TIME,period:Q:2009Q1,{}
e:obs:gdp_primary:2009Q2:region,obs:gdp_primary:2009Q2,OBSERVED_IN,region:CN-ZJ,{}
e:obs:gdp_primary:2009Q2:metric,obs:gdp_primary:2009Q2,MEASURES,metric:gdp_primary_quarterly,{}
e:obs:gdp_primary:2009Q2:time,obs:gdp_primary:2009Q2,AT_TIME,period:Q:2009Q2,{}
e:obs:gdp_tertiary:2009Q2:region,obs:gdp_tertiary:2009Q2,OBSERVED_IN,region:CN-ZJ,{}
e:obs:gdp_tertiary:2009Q2:metric,obs:gdp_tertiary:2009Q2,MEASURES,metric:gdp_tertiary_quarterly,{}
e:obs:gdp_tertiary:2009Q2:time,obs:gdp_tertiary:2009Q2,AT_TIME,period:Q:2009Q2,{}
e:obs:gdp_secondary:2009Q2:region,obs:gdp_secondary:2009Q2,OBSERVED_IN,region:CN-ZJ,{}
e:obs:gdp_secondary:2009Q2:metric,obs:gdp_secondary:2009Q2,MEASURES,metric:gdp_secondary_quarterly,{}
e:obs:gdp_secondary:2009Q2:time,obs:gdp_secondary:2009Q2,AT_TIME,period:Q:2009Q2,{}
e:obs:gdp_primary:2009Q3:region,obs:gdp_primary:2009Q3,OBSERVED_IN,region:CN-ZJ,{}
e:obs:gdp_primary:2009Q3:metric,obs:gdp_primary:2009Q3,MEASURES,metric:gdp_primary_quarterly,{}
e:obs:gdp_primary:2009Q3:time,obs:gdp_primary:2009Q3,AT_TIME,period:Q:2009Q3,{}
e:obs:gdp_tertiary:2009Q3:region,obs:gdp_tertiary:2009Q3,OBSERVED_IN,region:CN-ZJ,{}
e:obs:gdp_tertiary:2009Q3:metric,obs:gdp_tertiary:2009Q3,MEASURES,metric:gdp_tertiary_quarterly,{}
e:obs:gdp_tertiary:2009Q3:time,obs:gdp_tertiary:2009Q3,AT_TIME,period:Q:2009Q3,{}
e:obs:gdp_secondary:2009Q3:region,obs:gdp_secondary:2009Q3,OBSERVED_IN,region:CN-ZJ,{}
e:obs:gdp_secondary:2009Q3:metric,obs:gdp_secondary:2009Q3,MEASURES,metric:gdp_secondary_quarterly,{}
e:obs:gdp_secondary:2009Q3:time,obs:gdp_secondary:2009Q3,AT_TIME,period:Q:2009Q3,{}
e:obs:gdp_primary:2009Q4:region,obs:gdp_primary:2009Q4,OBSERVED_IN,region:CN-ZJ,{}
e:obs:gdp_primary:2009Q4:metric,obs:gdp_primary:2009Q4,MEASURES,metric:gdp_primary_quarterly,{}
e:obs:gdp_primary:2009Q4:time,obs:gdp_primary:2009Q4,AT_TIME,period:Q:2009Q4,{}
e:obs:gdp_tertiary:2009Q4:region,obs:gdp_tertiary:2009Q4,OBSERVED_IN,region:CN-ZJ,{}
e:obs:gdp_tertiary:2009Q4:metric,obs:gdp_tertiary:2009Q4,MEASURES,metric:gdp_tertiary_quarterly,{}
e:obs:gdp_tertiary:2009Q4:time,obs:gdp_tertiary:2009Q4,AT_TIME,period:Q:2009Q4,{}
e:obs:gdp_secondary:2009Q4:region,obs:gdp_secondary:2009Q4,OBSERVED_IN,region:CN-ZJ,{}
e:obs:gdp_secondary:2009Q4:metric,obs:gdp_secondary:2009Q4,MEASURES,metric:gdp_secondary_quarterly,{}
e:obs:gdp_secondary:2009Q4:time,obs:gdp_secondary:2009Q4,AT_TIME,period:Q:2009Q4,{}
e:obs:gdp_primary:2010Q1:region,obs:gdp_primary:2010Q1,OBSERVED_IN,region:CN-ZJ,{}
e:obs:gdp_primary:2010Q1:metric,obs:gdp_primary:2010Q1,MEASURES,metric:gdp_primary_quarterly,{}
e:obs:gdp_primary:2010Q1:time,obs:gdp_primary:2010Q1,AT_TIME,period:Q:2010Q1,{}
e:obs:gdp_tertiary:2010Q1:region,obs:gdp_tertiary:2010Q1,OBSERVED_IN,region:CN-ZJ,{}
e:obs:gdp_tertiary:2010Q1:metric,obs:gdp_tertiary:2010Q1,MEASURES,metric:gdp_tertiary_quarterly,{}
e:obs:gdp_tertiary:2010Q1:time,obs:gdp_tertiary:2010Q1,AT_TIME,period:Q:2010Q1,{}
e:obs:gdp_secondary:2010Q1:region,obs:gdp_secondary:2010Q1,OBSERVED_IN,region:CN-ZJ,{}
e:obs:gdp_secondary:2010Q1:metric,obs:gdp_secondary:2010Q1,MEASURES,metric:gdp_secondary_quarterly,{}
e:obs:gdp_secondary:2010Q1:time,obs:gdp_secondary:2010Q1,AT_TIME,period:Q:2010Q1,{}
e:obs:gdp_primary:2010Q2:region,obs:gdp_primary:2010Q2,OBSERVED_IN,region:CN-ZJ,{}
e:obs:gdp_primary:2010Q2:metric,obs:gdp_primary:2010Q2,MEASURES,metric:gdp_primary_quarterly,{}
e:obs:gdp_primary:2010Q2:time,obs:gdp_primary:2010Q2,AT_TIME,period:Q:2010Q2,{}
e:obs:gdp_tertiary:2010Q2:region,obs:gdp_tertiary:2010Q2,OBSERVED_IN,region:CN-ZJ,{}
e:obs:gdp_tertiary:2010Q2:metric,obs:gdp_tertiary:2010Q2,MEASURES,metric:gdp_tertiary_quarterly,{}
e:obs:gdp_tertiary:2010Q2:time,obs:gdp_tertiary:2010Q2,AT_TIME,period:Q:2010Q2,{}
e:obs:gdp_secondary:2010Q2:region,obs:gdp_secondary:2010Q2,OBSERVED_IN,region:CN-ZJ,{}
e:obs:gdp_secondary:2010Q2:metric,obs:gdp_secondary:2010Q2,MEASURES,metric:gdp_secondary_quarterly,{}
e:obs:gdp_secondary:2010Q2:time,obs:gdp_secondary:2010Q2,AT_TIME,period:Q:2010Q2,{}
e:obs:gdp_primary:2010Q3:region,obs:gdp_primary:2010Q3,OBSERVED_IN,region:CN-ZJ,{}
e:obs:gdp_primary:2010Q3:metric,obs:gdp_primary:2010Q3,MEASURES,metric:gdp_primary_quarterly,{}
e:obs:gdp_primary:2010Q3:time,obs:gdp_primary:2010Q3,AT_TIME,period:Q:2010Q3,{}
e:obs:gdp_tertiary:2010Q3:region,obs:gdp_tertiary:2010Q3,OBSERVED_IN,region:CN-ZJ,{}
e:obs:gdp_tertiary:2010Q3:metric,obs:gdp_tertiary:2010Q3,MEASURES,metric:gdp_tertiary_quarterly,{}
e:obs:gdp_tertiary:2010Q3:time,obs:gdp_tertiary:2010Q3,AT_TIME,period:Q:2010Q3,{}
e:obs:gdp_secondary:2010Q3:region,obs:gdp_secondary:2010Q3,OBSERVED_IN,region:CN-ZJ,{}
e:obs:gdp_secondary:2010Q3:metric,obs:gdp_secondary:2010Q3,MEASURES,metric:gdp_secondary_quarterly,{}
e:obs:gdp_secondary:2010Q3:time,obs:gdp_secondary:2010Q3,AT_TIME,period:Q:2010Q3,{}
e:obs:gdp_primary:2010Q4:region,obs:gdp_primary:2010Q4,OBSERVED_IN,region:CN-ZJ,{}
e:obs:gdp_primary:2010Q4:metric,obs:gdp_primary:2010Q4,MEASURES,metric:gdp_primary_quarterly,{}
e:obs:gdp_primary:2010Q4:time,obs:gdp_primary:2010Q4,AT_TIME,period:Q:2010Q4,{}
e:obs:gdp_tertiary:2010Q4:region,obs:gdp_tertiary:2010Q4,OBSERVED_IN,region:CN-ZJ,{}
e:obs:gdp_tertiary:2010Q4:metric,obs:gdp_tertiary:2010Q4,MEASURES,metric:gdp_tertiary_quarterly,{}
e:obs:gdp_tertiary:2010Q4:time,obs:gdp_tertiary:2010Q4,AT_TIME,period:Q:2010Q4,{}
e:obs:gdp_secondary:2010Q4:region,obs:gdp_secondary:2010Q4,OBSERVED_IN,region:CN-ZJ,{}
e:obs:gdp_secondary:2010Q4:metric,obs:gdp_secondary:2010Q4,MEASURES,metric:gdp_secondary_quarterly,{}
e:obs:gdp_secondary:2010Q4:time,obs:gdp_secondary:2010Q4,AT_TIME,period:Q:2010Q4,{}
e:obs:gdp_primary:2011Q1:region,obs:gdp_primary:2011Q1,OBSERVED_IN,region:CN-ZJ,{}
e:obs:gdp_primary:2011Q1:metric,obs:gdp_primary:2011Q1,MEASURES,metric:gdp_primary_quarterly,{}
e:obs:gdp_primary:2011Q1:time,obs:gdp_primary:2011Q1,AT_TIME,period:Q:2011Q1,{}
e:obs:gdp_tertiary:2011Q1:region,obs:gdp_tertiary:2011Q1,OBSERVED_IN,region:CN-ZJ,{}
e:obs:gdp_tertiary:2011Q1:metric,obs:gdp_tertiary:2011Q1,MEASURES,metric:gdp_tertiary_quarterly,{}
e:obs:gdp_tertiary:2011Q1:time,obs:gdp_tertiary:2011Q1,AT_TIME,period:Q:2011Q1,{}
e:obs:gdp_secondary:2011Q1:region,obs:gdp_secondary:2011Q1,OBSERVED_IN,region:CN-ZJ,{}
e:obs:gdp_secondary:2011Q1:metric,obs:gdp_secondary:2011Q1,MEASURES,metric:gdp_secondary_quarterly,{}
e:obs:gdp_secondary:2011Q1:time,obs:gdp_secondary:2011Q1,AT_TIME,period:Q:2011Q1,{}
e:obs:gdp_primary:2011Q2:region,obs:gdp_primary:2011Q2,OBSERVED_IN,region:CN-ZJ,{}
e:obs:gdp_primary:2011Q2:metric,obs:gdp_primary:2011Q2,MEASURES,metric:gdp_primary_quarterly,{}
e:obs:gdp_primary:2011Q2:time,obs:gdp_primary:2011Q2,AT_TIME,period:Q:2011Q2,{}
e:obs:gdp_tertiary:2011Q2:region,obs:gdp_tertiary:2011Q2,OBSERVED_IN,region:CN-ZJ,{}
e:obs:gdp_tertiary:2011Q2:metric,obs:gdp_tertiary:2011Q2,MEASURES,metric:gdp_tertiary_quarterly,{}
e:obs:gdp_tertiary:2011Q2:time,obs:gdp_tertiary:2011Q2,AT_TIME,period:Q:2011Q2,{}
e:obs:gdp_secondary:2011Q2:region,obs:gdp_secondary:2011Q2,OBSERVED_IN,region:CN-ZJ,{}
e:obs:gdp_secondary:2011Q2:metric,obs:gdp_secondary:2011Q2,MEASURES,metric:gdp_secondary_quarterly,{}
e:obs:gdp_secondary:2011Q2:time,obs:gdp_secondary:2011Q2,AT_TIME,period:Q:2011Q2,{}
e:obs:gdp_primary:2011Q3:region,obs:gdp_primary:2011Q3,OBSERVED_IN,region:CN-ZJ,{}
e:obs:gdp_primary:2011Q3:metric,obs:gdp_primary:2011Q3,MEASURES,metric:gdp_primary_quarterly,{}
e:obs:gdp_primary:2011Q3:time,obs:gdp_primary:2011Q3,AT_TIME,period:Q:2011Q3,{}
e:obs:gdp_tertiary:2011Q3:region,obs:gdp_tertiary:2011Q3,OBSERVED_IN,region:CN-ZJ,{}
e:obs:gdp_tertiary:2011Q3:metric,obs:gdp_tertiary:2011Q3,MEASURES,metric:gdp_tertiary_quarterly,{}
e:obs:gdp_tertiary:2011Q3:time,obs:gdp_tertiary:2011Q3,AT_TIME,period:Q:2011Q3,{}
e:obs:gdp_secondary:2011Q3:region,obs:gdp_secondary:2011Q3,OBSERVED_IN,region:CN-ZJ,{}
e:obs:gdp_secondary:2011Q3:metric,obs:gdp_secondary:2011Q3,MEASURES,metric:gdp_secondary_quarterly,{}
e:obs:gdp_secondary:2011Q3:time,obs:gdp_secondary:2011Q3,AT_TIME,period:Q:2011Q3,{}
e:obs:gdp_primary:2011Q4:region,obs:gdp_primary:2011Q4,OBSERVED_IN,region:CN-ZJ,{}
e:obs:gdp_primary:2011Q4:metric,obs:gdp_primary:2011Q4,MEASURES,metric:gdp_primary_quarterly,{}
e:obs:gdp_primary:2011Q4:time,obs:gdp_primary:2011Q4,AT_TIME,period:Q:2011Q4,{}
e:obs:gdp_tertiary:2011Q4:region,obs:gdp_tertiary:2011Q4,OBSERVED_IN,region:CN-ZJ,{}
e:obs:gdp_tertiary:2011Q4:metric,obs:gdp_tertiary:2011Q4,MEASURES,metric:gdp_tertiary_quarterly,{}
e:obs:gdp_tertiary:2011Q4:time,obs:gdp_tertiary:2011Q4,AT_TIME,period:Q:2011Q4,{}
e:obs:gdp_secondary:2011Q4:region,obs:gdp_secondary:2011Q4,OBSERVED_IN,region:CN-ZJ,{}
e:obs:gdp_secondary:2011Q4:metric,obs:gdp_secondary:2011Q4,MEASURES,metric:gdp_secondary_quarterly,{}
e:obs:gdp_secondary:2011Q4:time,obs:gdp_secondary:2011Q4,AT_TIME,period:Q:2011Q4,{}
e:obs:gdp_primary:2012Q1:region,obs:gdp_primary:2012Q1,OBSERVED_IN,region:CN-ZJ,{}
e:obs:gdp_primary:2012Q1:metric,obs:gdp_primary:2012Q1,MEASURES,metric:gdp_primary_quarterly,{}
e:obs:gdp_primary:2012Q1:time,obs:gdp_primary:2012Q1,AT_TIME,period:Q:2012Q1,{}
e:obs:gdp_tertiary:2012Q1:region,obs:gdp_tertiary:2012Q1,OBSERVED_IN,region:CN-ZJ,{}
e:obs:gdp_tertiary:2012Q1:metric,obs:gdp_tertiary:2012Q1,MEASURES,metric:gdp_tertiary_quarterly,{}
e:obs:gdp_tertiary:2012Q1:time,obs:gdp_tertiary:2012Q1,AT_TIME,period:Q:2012Q1,{}
e:obs:gdp_secondary:2012Q1:region,obs:gdp_secondary:2012Q1,OBSERVED_IN,region:CN-ZJ,{}
e:obs:gdp_secondary:2012Q1:metric,obs:gdp_secondary:2012Q1,MEASURES,metric:gdp_secondary_quarterly,{}
e:obs:gdp_secondary:2012Q1:time,obs:gdp_secondary:2012Q1,AT_TIME,period:Q:2012Q1,{}
e:obs:gdp_primary:2012Q2:region,obs:gdp_primary:2012Q2,OBSERVED_IN,region:CN-ZJ,{}
e:obs:gdp_primary:2012Q2:metric,obs:gdp_primary:2012Q2,MEASURES,metric:gdp_primary_quarterly,{}
e:obs:gdp_primary:2012Q2:time,obs:gdp_primary:2012Q2,AT_TIME,period:Q:2012Q2,{}
e:obs:gdp_tertiary:2012Q2:region,obs:gdp_tertiary:2012Q2,OBSERVED_IN,region:CN-ZJ,{}
e:obs:gdp_tertiary:2012Q2:metric,obs:gdp_tertiary:2012Q2,MEASURES,metric:gdp_tertiary_quarterly,{}
e:obs:gdp_tertiary:2012Q2:time,obs:gdp_tertiary:2012Q2,AT_TIME,period:Q:2012Q2,{}
e:obs:gdp_secondary:2012Q2:region,obs:gdp_secondary:2012Q2,OBSERVED_IN,region:CN-ZJ,{}
e:obs:gdp_secondary:2012Q2:metric,obs:gdp_secondary:2012Q2,MEASURES,metric:gdp_secondary_quarterly,{}
e:obs:gdp_secondary:2012Q2:time,obs:gdp_secondary:2012Q2,AT_TIME,period:Q:2012Q2,{}
e:obs:gdp_primary:2012Q3:region,obs:gdp_primary:2012Q3,OBSERVED_IN,region:CN-ZJ,{}
e:obs:gdp_primary:2012Q3:metric,obs:gdp_primary:2012Q3,MEASURES,metric:gdp_primary_quarterly,{}
e:obs:gdp_primary:2012Q3:time,obs:gdp_primary:2012Q3,AT_TIME,period:Q:2012Q3,{}
e:obs:gdp_tertiary:2012Q3:region,obs:gdp_tertiary:2012Q3,OBSERVED_IN,region:CN-ZJ,{}
e:obs:gdp_tertiary:2012Q3:metric,obs:gdp_tertiary:2012Q3,MEASURES,metric:gdp_tertiary_quarterly,{}
e:obs:gdp_tertiary:2012Q3:time,obs:gdp_tertiary:2012Q3,AT_TIME,period:Q:2012Q3,{}
e:obs:gdp_secondary:2012Q3:region,obs:gdp_secondary:2012Q3,OBSERVED_IN,region:CN-ZJ,{}
e:obs:gdp_secondary:2012Q3:metric,obs:gdp_secondary:2012Q3,MEASURES,metric:gdp_secondary_quarterly,{}
e:obs:gdp_secondary:2012Q3:time,obs:gdp_secondary:2012Q3,AT_TIME,period:Q:2012Q3,{}
e:obs:gdp_primary:2012Q4:region,obs:gdp_primary:2012Q4,OBSERVED_IN,region:CN-ZJ,{}
e:obs:gdp_primary:2012Q4:metric,obs:gdp_primary:2012Q4,MEASURES,metric:gdp_primary_quarterly,{}
e:obs:gdp_primary:2012Q4:time,obs:gdp_primary:2012Q4,AT_TIME,period:Q:2012Q4,{}
e:obs:gdp_tertiary:2012Q4:region,obs:gdp_tertiary:2012Q4,OBSERVED_IN,region:CN-ZJ,{}
e:obs:gdp_tertiary:2012Q4:metric,obs:gdp_tertiary:2012Q4,MEASURES,metric:gdp_tertiary_quarterly,{}
e:obs:gdp_tertiary:2012Q4:time,obs:gdp_tertiary:2012Q4,AT_TIME,period:Q:2012Q4,{}
e:obs:gdp_secondary:2012Q4:region,obs:gdp_secondary:2012Q4,OBSERVED_IN,region:CN-ZJ,{}
e:obs:gdp_secondary:2012Q4:metric,obs:gdp_secondary:2012Q4,MEASURES,metric:gdp_secondary_quarterly,{}
e:obs:gdp_secondary:2012Q4:time,obs:gdp_secondary:2012Q4,AT_TIME,period:Q:2012Q4,{}
e:obs:gdp_primary:2013Q1:region,obs:gdp_primary:2013Q1,OBSERVED_IN,region:CN-ZJ,{}
e:obs:gdp_primary:2013Q1:metric,obs:gdp_primary:2013Q1,MEASURES,metric:gdp_primary_quarterly,{}
e:obs:gdp_primary:2013Q1:time,obs:gdp_primary:2013Q1,AT_TIME,period:Q:2013Q1,{}
e:obs:gdp_tertiary:2013Q1:region,obs:gdp_tertiary:2013Q1,OBSERVED_IN,region:CN-ZJ,{}
e:obs:gdp_tertiary:2013Q1:metric,obs:gdp_tertiary:2013Q1,MEASURES,metric:gdp_tertiary_quarterly,{}
e:obs:gdp_tertiary:2013Q1:time,obs:gdp_tertiary:2013Q1,AT_TIME,period:Q:2013Q1,{}
e:obs:gdp_secondary:2013Q1:region,obs:gdp_secondary:2013Q1,OBSERVED_IN,region:CN-ZJ,{}
e:obs:gdp_secondary:2013Q1:metric,obs:gdp_secondary:2013Q1,MEASURES,metric:gdp_secondary_quarterly,{}
e:obs:gdp_secondary:2013Q1:time,obs:gdp_secondary:2013Q1,AT_TIME,period:Q:2013Q1,{}
e:obs:gdp_primary:2013Q2:region,obs:gdp_primary:2013Q2,OBSERVED_IN,region:CN-ZJ,{}
e:obs:gdp_primary:2013Q2:metric,obs:gdp_primary:2013Q2,MEASURES,metric:gdp_primary_quarterly,{}
e:obs:gdp_primary:2013Q2:time,obs:gdp_primary:2013Q2,AT_TIME,period:Q:2013Q2,{}
e:obs:gdp_tertiary:2013Q2:region,obs:gdp_tertiary:2013Q2,OBSERVED_IN,region:CN-ZJ,{}
e:obs:gdp_tertiary:2013Q2:metric,obs:gdp_tertiary:2013Q2,MEASURES,metric:gdp_tertiary_quarterly,{}
e:obs:gdp_tertiary:2013Q2:time,obs:gdp_tertiary:2013Q2,AT_TIME,period:Q:2013Q2,{}
e:obs:gdp_secondary:2013Q2:region,obs:gdp_secondary:2013Q2,OBSERVED_IN,region:CN-ZJ,{}
e:obs:gdp_secondary:2013Q2:metric,obs:gdp_secondary:2013Q2,MEASURES,metric:gdp_secondary_quarterly,{}
e:obs:gdp_secondary:2013Q2:time,obs:gdp_secondary:2013Q2,AT_TIME,period:Q:2013Q2,{}
e:obs:gdp_primary:2013Q3:region,obs:gdp_primary:2013Q3,OBSERVED_IN,region:CN-ZJ,{}
e:obs:gdp_primary:2013Q3:metric,obs:gdp_primary:2013Q3,MEASURES,metric:gdp_primary_quarterly,{}
e:obs:gdp_primary:2013Q3:time,obs:gdp_primary:2013Q3,AT_TIME,period:Q:2013Q3,{}
e:obs:gdp_tertiary:2013Q3:region,obs:gdp_tertiary:2013Q3,OBSERVED_IN,region:CN-ZJ,{}
e:obs:gdp_tertiary:2013Q3:metric,obs:gdp_tertiary:2013Q3,MEASURES,metric:gdp_tertiary_quarterly,{}
e:obs:gdp_tertiary:2013Q3:time,obs:gdp_tertiary:2013Q3,AT_TIME,period:Q:2013Q3,{}
e:obs:gdp_secondary:2013Q3:region,obs:gdp_secondary:2013Q3,OBSERVED_IN,region:CN-ZJ,{}
e:obs:gdp_secondary:2013Q3:metric,obs:gdp_secondary:2013Q3,MEASURES,metric:gdp_secondary_quarterly,{}
e:obs:gdp_secondary:2013Q3:time,obs:gdp_secondary:2013Q3,AT_TIME,period:Q:2013Q3,{}
e:obs:gdp_primary:2013Q4:region,obs:gdp_primary:2013Q4,OBSERVED_IN,region:CN-ZJ,{}
e:obs:gdp_primary:2013Q4:metric,obs:gdp_primary:2013Q4,MEASURES,metric:gdp_primary_quarterly,{}
e:obs:gdp_primary:2013Q4:time,obs:gdp_primary:2013Q4,AT_TIME,period:Q:2013Q4,{}
e:obs:gdp_tertiary:2013Q4:region,obs:gdp_tertiary:2013Q4,OBSERVED_IN,region:CN-ZJ,{}
e:obs:gdp_tertiary:2013Q4:metric,obs:gdp_tertiary:2013Q4,MEASURES,metric:gdp_tertiary_quarterly,{}
e:obs:gdp_tertiary:2013Q4:time,obs:gdp_tertiary:2013Q4,AT_TIME,period:Q:2013Q4,{}
e:obs:gdp_secondary:2013Q4:region,obs:gdp_secondary:2013Q4,OBSERVED_IN,region:CN-ZJ,{}
e:obs:gdp_secondary:2013Q4:metric,obs:gdp_secondary:2013Q4,MEASURES,metric:gdp_secondary_quarterly,{}
e:obs:gdp_secondary:2013Q4:time,obs:gdp_secondary:2013Q4,AT_TIME,period:Q:2013Q4,{}
e:obs:gdp_primary:2014Q1:region,obs:gdp_primary:2014Q1,OBSERVED_IN,region:CN-ZJ,{}
e:obs:gdp_primary:2014Q1:metric,obs:gdp_primary:2014Q1,MEASURES,metric:gdp_primary_quarterly,{}
e:obs:gdp_primary:2014Q1:time,obs:gdp_primary:2014Q1,AT_TIME,period:Q:2014Q1,{}
e:obs:gdp_tertiary:2014Q1:region,obs:gdp_tertiary:2014Q1,OBSERVED_IN,region:CN-ZJ,{}
e:obs:gdp_tertiary:2014Q1:metric,obs:gdp_tertiary:2014Q1,MEASURES,metric:gdp_tertiary_quarterly,{}
e:obs:gdp_tertiary:2014Q1:time,obs:gdp_tertiary:2014Q1,AT_TIME,period:Q:2014Q1,{}
e:obs:gdp_secondary:2014Q1:region,obs:gdp_secondary:2014Q1,OBSERVED_IN,region:CN-ZJ,{}
e:obs:gdp_secondary:2014Q1:metric,obs:gdp_secondary:2014Q1,MEASURES,metric:gdp_secondary_quarterly,{}
e:obs:gdp_secondary:2014Q1:time,obs:gdp_secondary:2014Q1,AT_TIME,period:Q:2014Q1,{}
e:obs:gdp_primary:2014Q2:region,obs:gdp_primary:2014Q2,OBSERVED_IN,region:CN-ZJ,{}
e:obs:gdp_primary:2014Q2:metric,obs:gdp_primary:2014Q2,MEASURES,metric:gdp_primary_quarterly,{}
e:obs:gdp_primary:2014Q2:time,obs:gdp_primary:2014Q2,AT_TIME,period:Q:2014Q2,{}
e:obs:gdp_tertiary:2014Q2:region,obs:gdp_tertiary:2014Q2,OBSERVED_IN,region:CN-ZJ,{}
e:obs:gdp_tertiary:2014Q2:metric,obs:gdp_tertiary:2014Q2,MEASURES,metric:gdp_tertiary_quarterly,{}
e:obs:gdp_tertiary:2014Q2:time,obs:gdp_tertiary:2014Q2,AT_TIME,period:Q:2014Q2,{}
e:obs:gdp_secondary:2014Q2:region,obs:gdp_secondary:2014Q2,OBSERVED_IN,region:CN-ZJ,{}
e:obs:gdp_secondary:2014Q2:metric,obs:gdp_secondary:2014Q2,MEASURES,metric:gdp_secondary_quarterly,{}
e:obs:gdp_secondary:2014Q2:time,obs:gdp_secondary:2014Q2,AT_TIME,period:Q:2014Q2,{}
e:obs:gdp_primary:2014Q3:region,obs:gdp_primary:2014Q3,OBSERVED_IN,region:CN-ZJ,{}
e:obs:gdp_primary:2014Q3:metric,obs:gdp_primary:2014Q3,MEASURES,metric:gdp_primary_quarterly,{}
e:obs:gdp_primary:2014Q3:time,obs:gdp_primary:2014Q3,AT_TIME,period:Q:2014Q3,{}
e:obs:gdp_tertiary:2014Q3:region,obs:gdp_tertiary:2014Q3,OBSERVED_IN,region:CN-ZJ,{}
e:obs:gdp_tertiary:2014Q3:metric,obs:gdp_tertiary:2014Q3,MEASURES,metric:gdp_tertiary_quarterly,{}
e:obs:gdp_tertiary:2014Q3:time,obs:gdp_tertiary:2014Q3,AT_TIME,period:Q:2014Q3,{}
e:obs:gdp_secondary:2014Q3:region,obs:gdp_secondary:2014Q3,OBSERVED_IN,region:CN-ZJ,{}
e:obs:gdp_secondary:2014Q3:metric,obs:gdp_secondary:2014Q3,MEASURES,metric:gdp_secondary_quarterly,{}
e:obs:gdp_secondary:2014Q3:time,obs:gdp_secondary:2014Q3,AT_TIME,period:Q:2014Q3,{}
e:obs:gdp_primary:2014Q4:region,obs:gdp_primary:2014Q4,OBSERVED_IN,region:CN-ZJ,{}
e:obs:gdp_primary:2014Q4:metric,obs:gdp_primary:2014Q4,MEASURES,metric:gdp_primary_quarterly,{}
e:obs:gdp_primary:2014Q4:time,obs:gdp_primary:2014Q4,AT_TIME,period:Q:2014Q4,{}
e:obs:gdp_tertiary:2014Q4:region,obs:gdp_tertiary:2014Q4,OBSERVED_IN,region:CN-ZJ,{}
e:obs:gdp_tertiary:2014Q4:metric,obs:gdp_tertiary:2014Q4,MEASURES,metric:gdp_tertiary_quarterly,{}
e:obs:gdp_tertiary:2014Q4:time,obs:gdp_tertiary:2014Q4,AT_TIME,period:Q:2014Q4,{}
e:obs:gdp_secondary:2014Q4:region,obs:gdp_secondary:2014Q4,OBSERVED_IN,region:CN-ZJ,{}
e:obs:gdp_secondary:2014Q4:metric,obs:gdp_secondary:2014Q4,MEASURES,metric:gdp_secondary_quarterly,{}
e:obs:gdp_secondary:2014Q4:time,obs:gdp_secondary:2014Q4,AT_TIME,period:Q:2014Q4,{}
e:obs:gdp_primary:2015Q1:region,obs:gdp_primary:2015Q1,OBSERVED_IN,region:CN-ZJ,{}
e:obs:gdp_primary:2015Q1:metric,obs:gdp_primary:2015Q1,MEASURES,metric:gdp_primary_quarterly,{}
e:obs:gdp_primary:2015Q1:time,obs:gdp_primary:2015Q1,AT_TIME,period:Q:2015Q1,{}
e:obs:gdp_tertiary:2015Q1:region,obs:gdp_tertiary:2015Q1,OBSERVED_IN,region:CN-ZJ,{}
e:obs:gdp_tertiary:2015Q1:metric,obs:gdp_tertiary:2015Q1,MEASURES,metric:gdp_tertiary_quarterly,{}
e:obs:gdp_tertiary:2015Q1:time,obs:gdp_tertiary:2015Q1,AT_TIME,period:Q:2015Q1,{}
e:obs:gdp_secondary:2015Q1:region,obs:gdp_secondary:2015Q1,OBSERVED_IN,region:CN-ZJ,{}
e:obs:gdp_secondary:2015Q1:metric,obs:gdp_secondary:2015Q1,MEASURES,metric:gdp_secondary_quarterly,{}
e:obs:gdp_secondary:2015Q1:time,obs:gdp_secondary:2015Q1,AT_TIME,period:Q:2015Q1,{}
e:obs:gdp_primary:2015Q2:region,obs:gdp_primary:2015Q2,OBSERVED_IN,region:CN-ZJ,{}
e:obs:gdp_primary:2015Q2:metric,obs:gdp_primary:2015Q2,MEASURES,metric:gdp_primary_quarterly,{}
e:obs:gdp_primary:2015Q2:time,obs:gdp_primary:2015Q2,AT_TIME,period:Q:2015Q2,{}
e:obs:gdp_tertiary:2015Q2:region,obs:gdp_tertiary:2015Q2,OBSERVED_IN,region:CN-ZJ,{}
e:obs:gdp_tertiary:2015Q2:metric,obs:gdp_tertiary:2015Q2,MEASURES,metric:gdp_tertiary_quarterly,{}
e:obs:gdp_tertiary:2015Q2:time,obs:gdp_tertiary:2015Q2,AT_TIME,period:Q:2015Q2,{}
e:obs:gdp_secondary:2015Q2:region,obs:gdp_secondary:2015Q2,OBSERVED_IN,region:CN-ZJ,{}
e:obs:gdp_secondary:2015Q2:metric,obs:gdp_secondary:2015Q2,MEASURES,metric:gdp_secondary_quarterly,{}
e:obs:gdp_secondary:2015Q2:time,obs:gdp_secondary:2015Q2,AT_TIME,period:Q:2015Q2,{}
e:obs:gdp_primary:2015Q3:region,obs:gdp_primary:2015Q3,OBSERVED_IN,region:CN-ZJ,{}
e:obs:gdp_primary:2015Q3:metric,obs:gdp_primary:2015Q3,MEASURES,metric:gdp_primary_quarterly,{}
e:obs:gdp_primary:2015Q3:time,obs:gdp_primary:2015Q3,AT_TIME,period:Q:2015Q3,{}
e:obs:gdp_tertiary:2015Q3:region,obs:gdp_tertiary:2015Q3,OBSERVED_IN,region:CN-ZJ,{}
e:obs:gdp_tertiary:2015Q3:metric,obs:gdp_tertiary:2015Q3,MEASURES,metric:gdp_tertiary_quarterly,{}
e:obs:gdp_tertiary:2015Q3:time,obs:gdp_tertiary:2015Q3,AT_TIME,period:Q:2015Q3,{}
e:obs:gdp_secondary:2015Q3:region,obs:gdp_secondary:2015Q3,OBSERVED_IN,region:CN-ZJ,{}
e:obs:gdp_secondary:2015Q3:metric,obs:gdp_secondary:2015Q3,MEASURES,metric:gdp_secondary_quarterly,{}
e:obs:gdp_secondary:2015Q3:time,obs:gdp_secondary:2015Q3,AT_TIME,period:Q:2015Q3,{}
e:obs:gdp_primary:2015Q4:region,obs:gdp_primary:2015Q4,OBSERVED_IN,region:CN-ZJ,{}
e:obs:gdp_primary:2015Q4:metric,obs:gdp_primary:2015Q4,MEASURES,metric:gdp_primary_quarterly,{}
e:obs:gdp_primary:2015Q4:time,obs:gdp_primary:2015Q4,AT_TIME,period:Q:2015Q4,{}
e:obs:gdp_tertiary:2015Q4:region,obs:gdp_tertiary:2015Q4,OBSERVED_IN,region:CN-ZJ,{}
e:obs:gdp_tertiary:2015Q4:metric,obs:gdp_tertiary:2015Q4,MEASURES,metric:gdp_tertiary_quarterly,{}
e:obs:gdp_tertiary:2015Q4:time,obs:gdp_tertiary:2015Q4,AT_TIME,period:Q:2015Q4,{}
e:obs:gdp_secondary:2015Q4:region,obs:gdp_secondary:2015Q4,OBSERVED_IN,region:CN-ZJ,{}
e:obs:gdp_secondary:2015Q4:metric,obs:gdp_secondary:2015Q4,MEASURES,metric:gdp_secondary_quarterly,{}
e:obs:gdp_secondary:2015Q4:time,obs:gdp_secondary:2015Q4,AT_TIME,period:Q:2015Q4,{}
e:obs:gdp_primary:2016Q1:region,obs:gdp_primary:2016Q1,OBSERVED_IN,region:CN-ZJ,{}
e:obs:gdp_primary:2016Q1:metric,obs:gdp_primary:2016Q1,MEASURES,metric:gdp_primary_quarterly,{}
e:obs:gdp_primary:2016Q1:time,obs:gdp_primary:2016Q1,AT_TIME,period:Q:2016Q1,{}
e:obs:gdp_tertiary:2016Q1:region,obs:gdp_tertiary:2016Q1,OBSERVED_IN,region:CN-ZJ,{}
e:obs:gdp_tertiary:2016Q1:metric,obs:gdp_tertiary:2016Q1,MEASURES,metric:gdp_tertiary_quarterly,{}
e:obs:gdp_tertiary:2016Q1:time,obs:gdp_tertiary:2016Q1,AT_TIME,period:Q:2016Q1,{}
e:obs:gdp_secondary:2016Q1:region,obs:gdp_secondary:2016Q1,OBSERVED_IN,region:CN-ZJ,{}
e:obs:gdp_secondary:2016Q1:metric,obs:gdp_secondary:2016Q1,MEASURES,metric:gdp_secondary_quarterly,{}
e:obs:gdp_secondary:2016Q1:time,obs:gdp_secondary:2016Q1,AT_TIME,period:Q:2016Q1,{}
e:obs:gdp_primary:2016Q2:region,obs:gdp_primary:2016Q2,OBSERVED_IN,region:CN-ZJ,{}
e:obs:gdp_primary:2016Q2:metric,obs:gdp_primary:2016Q2,MEASURES,metric:gdp_primary_quarterly,{}
e:obs:gdp_primary:2016Q2:time,obs:gdp_primary:2016Q2,AT_TIME,period:Q:2016Q2,{}
e:obs:gdp_tertiary:2016Q2:region,obs:gdp_tertiary:2016Q2,OBSERVED_IN,region:CN-ZJ,{}
e:obs:gdp_tertiary:2016Q2:metric,obs:gdp_tertiary:2016Q2,MEASURES,metric:gdp_tertiary_quarterly,{}
e:obs:gdp_tertiary:2016Q2:time,obs:gdp_tertiary:2016Q2,AT_TIME,period:Q:2016Q2,{}
e:obs:gdp_secondary:2016Q2:region,obs:gdp_secondary:2016Q2,OBSERVED_IN,region:CN-ZJ,{}
e:obs:gdp_secondary:2016Q2:metric,obs:gdp_secondary:2016Q2,MEASURES,metric:gdp_secondary_quarterly,{}
e:obs:gdp_secondary:2016Q2:time,obs:gdp_secondary:2016Q2,AT_TIME,period:Q:2016Q2,{}
e:obs:gdp_primary:2016Q3:region,obs:gdp_primary:2016Q3,OBSERVED_IN,region:CN-ZJ,{}
e:obs:gdp_primary:2016Q3:metric,obs:gdp_primary:2016Q3,MEASURES,metric:gdp_primary_quarterly,{}
e:obs:gdp_primary:2016Q3:time,obs:gdp_primary:2016Q3,AT_TIME,period:Q:2016Q3,{}
e:obs:gdp_tertiary:2016Q3:region,obs:gdp_tertiary:2016Q3,OBSERVED_IN,region:CN-ZJ,{}
e:obs:gdp_tertiary:2016Q3:metric,obs:gdp_tertiary:2016Q3,MEASURES,metric:gdp_tertiary_quarterly,{}
e:obs:gdp_tertiary:2016Q3:time,obs:gdp_tertiary:2016Q3,AT_TIME,period:Q:2016Q3,{}
e:obs:gdp_secondary:2016Q3:region,obs:gdp_secondary:2016Q3,OBSERVED_IN,region:CN-ZJ,{}
e:obs:gdp_secondary:2016Q3:metric,obs:gdp_secondary:2016Q3,MEASURES,metric:gdp_secondary_quarterly,{}
e:obs:gdp_secondary:2016Q3:time,obs:gdp_secondary:2016Q3,AT_TIME,period:Q:2016Q3,{}
e:obs:gdp_primary:2016Q4:region,obs:gdp_primary:2016Q4,OBSERVED_IN,region:CN-ZJ,{}
e:obs:gdp_primary:2016Q4:metric,obs:gdp_primary:2016Q4,MEASURES,metric:gdp_primary_quarterly,{}
e:obs:gdp_primary:2016Q4:time,obs:gdp_primary:2016Q4,AT_TIME,period:Q:2016Q4,{}
e:obs:gdp_tertiary:2016Q4:region,obs:gdp_tertiary:2016Q4,OBSERVED_IN,region:CN-ZJ,{}
e:obs:gdp_tertiary:2016Q4:metric,obs:gdp_tertiary:2016Q4,MEASURES,metric:gdp_tertiary_quarterly,{}
e:obs:gdp_tertiary:2016Q4:time,obs:gdp_tertiary:2016Q4,AT_TIME,period:Q:2016Q4,{}
e:obs:gdp_secondary:2016Q4:region,obs:gdp_secondary:2016Q4,OBSERVED_IN,region:CN-ZJ,{}
e:obs:gdp_secondary:2016Q4:metric,obs:gdp_secondary:2016Q4,MEASURES,metric:gdp_secondary_quarterly,{}
e:obs:gdp_secondary:2016Q4:time,obs:gdp_secondary:2016Q4,AT_TIME,period:Q:2016Q4,{}
e:obs:gdp_primary:2017Q1:region,obs:gdp_primary:2017Q1,OBSERVED_IN,region:CN-ZJ,{}
e:obs:gdp_primary:2017Q1:metric,obs:gdp_primary:2017Q1,MEASURES,metric:gdp_primary_quarterly,{}
e:obs:gdp_primary:2017Q1:time,obs:gdp_primary:2017Q1,AT_TIME,period:Q:2017Q1,{}
e:obs:gdp_tertiary:2017Q1:region,obs:gdp_tertiary:2017Q1,OBSERVED_IN,region:CN-ZJ,{}
e:obs:gdp_tertiary:2017Q1:metric,obs:gdp_tertiary:2017Q1,MEASURES,metric:gdp_tertiary_quarterly,{}
e:obs:gdp_tertiary:2017Q1:time,obs:gdp_tertiary:2017Q1,AT_TIME,period:Q:2017Q1,{}
e:obs:gdp_secondary:2017Q1:region,obs:gdp_secondary:2017Q1,OBSERVED_IN,region:CN-ZJ,{}
e:obs:gdp_secondary:2017Q1:metric,obs:gdp_secondary:2017Q1,MEASURES,metric:gdp_secondary_quarterly,{}
e:obs:gdp_secondary:2017Q1:time,obs:gdp_secondary:2017Q1,AT_TIME,period:Q:2017Q1,{}
e:obs:gdp_primary:2017Q2:region,obs:gdp_primary:2017Q2,OBSERVED_IN,region:CN-ZJ,{}
e:obs:gdp_primary:2017Q2:metric,obs:gdp_primary:2017Q2,MEASURES,metric:gdp_primary_quarterly,{}
e:obs:gdp_primary:2017Q2:time,obs:gdp_primary:2017Q2,AT_TIME,period:Q:2017Q2,{}
e:obs:gdp_tertiary:2017Q2:region,obs:gdp_tertiary:2017Q2,OBSERVED_IN,region:CN-ZJ,{}
e:obs:gdp_tertiary:2017Q2:metric,obs:gdp_tertiary:2017Q2,MEASURES,metric:gdp_tertiary_quarterly,{}
e:obs:gdp_tertiary:2017Q2:time,obs:gdp_tertiary:2017Q2,AT_TIME,period:Q:2017Q2,{}
e:obs:gdp_secondary:2017Q2:region,obs:gdp_secondary:2017Q2,OBSERVED_IN,region:CN-ZJ,{}
e:obs:gdp_secondary:2017Q2:metric,obs:gdp_secondary:2017Q2,MEASURES,metric:gdp_secondary_quarterly,{}
e:obs:gdp_secondary:2017Q2:time,obs:gdp_secondary:2017Q2,AT_TIME,period:Q:2017Q2,{}
e:obs:gdp_primary:2017Q3:region,obs:gdp_primary:2017Q3,OBSERVED_IN,region:CN-ZJ,{}
e:obs:gdp_primary:2017Q3:metric,obs:gdp_primary:2017Q3,MEASURES,metric:gdp_primary_quarterly,{}
e:obs:gdp_primary:2017Q3:time,obs:gdp_primary:2017Q3,AT_TIME,period:Q:2017Q3,{}
e:obs:gdp_tertiary:2017Q3:region,obs:gdp_tertiary:2017Q3,OBSERVED_IN,region:CN-ZJ,{}
e:obs:gdp_tertiary:2017Q3:metric,obs:gdp_tertiary:2017Q3,MEASURES,metric:gdp_tertiary_quarterly,{}
e:obs:gdp_tertiary:2017Q3:time,obs:gdp_tertiary:2017Q3,AT_TIME,period:Q:2017Q3,{}
e:obs:gdp_secondary:2017Q3:region,obs:gdp_secondary:2017Q3,OBSERVED_IN,region:CN-ZJ,{}
e:obs:gdp_secondary:2017Q3:metric,obs:gdp_secondary:2017Q3,MEASURES,metric:gdp_secondary_quarterly,{}
e:obs:gdp_secondary:2017Q3:time,obs:gdp_secondary:2017Q3,AT_TIME,period:Q:2017Q3,{}
e:obs:gdp_primary:2017Q4:region,obs:gdp_primary:2017Q4,OBSERVED_IN,region:CN-ZJ,{}
e:obs:gdp_primary:2017Q4:metric,obs:gdp_primary:2017Q4,MEASURES,metric:gdp_primary_quarterly,{}
e:obs:gdp_primary:2017Q4:time,obs:gdp_primary:2017Q4,AT_TIME,period:Q:2017Q4,{}
e:obs:gdp_tertiary:2017Q4:region,obs:gdp_tertiary:2017Q4,OBSERVED_IN,region:CN-ZJ,{}
e:obs:gdp_tertiary:2017Q4:metric,obs:gdp_tertiary:2017Q4,MEASURES,metric:gdp_tertiary_quarterly,{}
e:obs:gdp_tertiary:2017Q4:time,obs:gdp_tertiary:2017Q4,AT_TIME,period:Q:2017Q4,{}
e:obs:gdp_secondary:2017Q4:region,obs:gdp_secondary:2017Q4,OBSERVED_IN,region:CN-ZJ,{}
e:obs:gdp_secondary:2017Q4:metric,obs:gdp_secondary:2017Q4,MEASURES,metric:gdp_secondary_quarterly,{}
e:obs:gdp_secondary:2017Q4:time,obs:gdp_secondary:2017Q4,AT_TIME,period:Q:2017Q4,{}
e:obs:gdp_primary:2018Q1:region,obs:gdp_primary:2018Q1,OBSERVED_IN,region:CN-ZJ,{}
e:obs:gdp_primary:2018Q1:metric,obs:gdp_primary:2018Q1,MEASURES,metric:gdp_primary_quarterly,{}
e:obs:gdp_primary:2018Q1:time,obs:gdp_primary:2018Q1,AT_TIME,period:Q:2018Q1,{}
e:obs:gdp_tertiary:2018Q1:region,obs:gdp_tertiary:2018Q1,OBSERVED_IN,region:CN-ZJ,{}
e:obs:gdp_tertiary:2018Q1:metric,obs:gdp_tertiary:2018Q1,MEASURES,metric:gdp_tertiary_quarterly,{}
e:obs:gdp_tertiary:2018Q1:time,obs:gdp_tertiary:2018Q1,AT_TIME,period:Q:2018Q1,{}
e:obs:gdp_secondary:2018Q1:region,obs:gdp_secondary:2018Q1,OBSERVED_IN,region:CN-ZJ,{}
e:obs:gdp_secondary:2018Q1:metric,obs:gdp_secondary:2018Q1,MEASURES,metric:gdp_secondary_quarterly,{}
e:obs:gdp_secondary:2018Q1:time,obs:gdp_secondary:2018Q1,AT_TIME,period:Q:2018Q1,{}
e:obs:gdp_primary:2018Q2:region,obs:gdp_primary:2018Q2,OBSERVED_IN,region:CN-ZJ,{}
e:obs:gdp_primary:2018Q2:metric,obs:gdp_primary:2018Q2,MEASURES,metric:gdp_primary_quarterly,{}
e:obs:gdp_primary:2018Q2:time,obs:gdp_primary:2018Q2,AT_TIME,period:Q:2018Q2,{}
e:obs:gdp_tertiary:2018Q2:region,obs:gdp_tertiary:2018Q2,OBSERVED_IN,region:CN-ZJ,{}
e:obs:gdp_tertiary:2018Q2:metric,obs:gdp_tertiary:2018Q2,MEASURES,metric:gdp_tertiary_quarterly,{}
e:obs:gdp_tertiary:2018Q2:time,obs:gdp_tertiary:2018Q2,AT_TIME,period:Q:2018Q2,{}
e:obs:gdp_secondary:2018Q2:region,obs:gdp_secondary:2018Q2,OBSERVED_IN,region:CN-ZJ,{}
e:obs:gdp_secondary:2018Q2:metric,obs:gdp_secondary:2018Q2,MEASURES,metric:gdp_secondary_quarterly,{}
e:obs:gdp_secondary:2018Q2:time,obs:gdp_secondary:2018Q2,AT_TIME,period:Q:2018Q2,{}
e:obs:gdp_primary:2018Q3:region,obs:gdp_primary:2018Q3,OBSERVED_IN,region:CN-ZJ,{}
e:obs:gdp_primary:2018Q3:metric,obs:gdp_primary:2018Q3,MEASURES,metric:gdp_primary_quarterly,{}
e:obs:gdp_primary:2018Q3:time,obs:gdp_primary:2018Q3,AT_TIME,period:Q:2018Q3,{}
e:obs:gdp_tertiary:2018Q3:region,obs:gdp_tertiary:2018Q3,OBSERVED_IN,region:CN-ZJ,{}
e:obs:gdp_tertiary:2018Q3:metric,obs:gdp_tertiary:2018Q3,MEASURES,metric:gdp_tertiary_quarterly,{}
e:obs:gdp_tertiary:2018Q3:time,obs:gdp_tertiary:2018Q3,AT_TIME,period:Q:2018Q3,{}
e:obs:gdp_secondary:2018Q3:region,obs:gdp_secondary:2018Q3,OBSERVED_IN,region:CN-ZJ,{}
e:obs:gdp_secondary:2018Q3:metric,obs:gdp_secondary:2018Q3,MEASURES,metric:gdp_secondary_quarterly,{}
e:obs:gdp_secondary:2018Q3:time,obs:gdp_secondary:2018Q3,AT_TIME,period:Q:2018Q3,{}
e:obs:gdp_primary:2018Q4:region,obs:gdp_primary:2018Q4,OBSERVED_IN,region:CN-ZJ,{}
e:obs:gdp_primary:2018Q4:metric,obs:gdp_primary:2018Q4,MEASURES,metric:gdp_primary_quarterly,{}
e:obs:gdp_primary:2018Q4:time,obs:gdp_primary:2018Q4,AT_TIME,period:Q:2018Q4,{}
e:obs:gdp_tertiary:2018Q4:region,obs:gdp_tertiary:2018Q4,OBSERVED_IN,region:CN-ZJ,{}
e:obs:gdp_tertiary:2018Q4:metric,obs:gdp_tertiary:2018Q4,MEASURES,metric:gdp_tertiary_quarterly,{}
e:obs:gdp_tertiary:2018Q4:time,obs:gdp_tertiary:2018Q4,AT_TIME,period:Q:2018Q4,{}
e:obs:gdp_secondary:2018Q4:region,obs:gdp_secondary:2018Q4,OBSERVED_IN,region:CN-ZJ,{}
e:obs:gdp_secondary:2018Q4:metric,obs:gdp_secondary:2018Q4,MEASURES,metric:gdp_secondary_quarterly,{}
e:obs:gdp_secondary:2018Q4:time,obs:gdp_secondary:2018Q4,AT_TIME,period:Q:2018Q4,{}
e:obs:gdp_primary:2019Q1:region,obs:gdp_primary:2019Q1,OBSERVED_IN,region:CN-ZJ,{}
e:obs:gdp_primary:2019Q1:metric,obs:gdp_primary:2019Q1,MEASURES,metric:gdp_primary_quarterly,{}
e:obs:gdp_primary:2019Q1:time,obs:gdp_primary:2019Q1,AT_TIME,period:Q:2019Q1,{}
e:obs:gdp_tertiary:2019Q1:region,obs:gdp_tertiary:2019Q1,OBSERVED_IN,region:CN-ZJ,{}
e:obs:gdp_tertiary:2019Q1:metric,obs:gdp_tertiary:2019Q1,MEASURES,metric:gdp_tertiary_quarterly,{}
e:obs:gdp_tertiary:2019Q1:time,obs:gdp_tertiary:2019Q1,AT_TIME,period:Q:2019Q1,{}
e:obs:gdp_secondary:2019Q1:region,obs:gdp_secondary:2019Q1,OBSERVED_IN,region:CN-ZJ,{}
e:obs:gdp_secondary:2019Q1:metric,obs:gdp_secondary:2019Q1,MEASURES,metric:gdp_secondary_quarterly,{}
e:obs:gdp_secondary:2019Q1:time,obs:gdp_secondary:2019Q1,AT_TIME,period:Q:2019Q1,{}
e:obs:gdp_primary:2019Q2:region,obs:gdp_primary:2019Q2,OBSERVED_IN,region:CN-ZJ,{}
e:obs:gdp_primary:2019Q2:metric,obs:gdp_primary:2019Q2,MEASURES,metric:gdp_primary_quarterly,{}
e:obs:gdp_primary:2019Q2:time,obs:gdp_primary:2019Q2,AT_TIME,period:Q:2019Q2,{}
e:obs:gdp_tertiary:2019Q2:region,obs:gdp_tertiary:2019Q2,OBSERVED_IN,region:CN-ZJ,{}
e:obs:gdp_tertiary:2019Q2:metric,obs:gdp_tertiary:2019Q2,MEASURES,metric:gdp_tertiary_quarterly,{}
e:obs:gdp_tertiary:2019Q2:time,obs:gdp_tertiary:2019Q2,AT_TIME,period:Q:2019Q2,{}
e:obs:gdp_secondary:2019Q2:region,obs:gdp_secondary:2019Q2,OBSERVED_IN,region:CN-ZJ,{}
e:obs:gdp_secondary:2019Q2:metric,obs:gdp_secondary:2019Q2,MEASURES,metric:gdp_secondary_quarterly,{}
e:obs:gdp_secondary:2019Q2:time,obs:gdp_secondary:2019Q2,AT_TIME,period:Q:2019Q2,{}
e:obs:gdp_primary:2019Q3:region,obs:gdp_primary:2019Q3,OBSERVED_IN,region:CN-ZJ,{}
e:obs:gdp_primary:2019Q3:metric,obs:gdp_primary:2019Q3,MEASURES,metric:gdp_primary_quarterly,{}
e:obs:gdp_primary:2019Q3:time,obs:gdp_primary:2019Q3,AT_TIME,period:Q:2019Q3,{}
e:obs:gdp_tertiary:2019Q3:region,obs:gdp_tertiary:2019Q3,OBSERVED_IN,region:CN-ZJ,{}
e:obs:gdp_tertiary:2019Q3:metric,obs:gdp_tertiary:2019Q3,MEASURES,metric:gdp_tertiary_quarterly,{}
e:obs:gdp_tertiary:2019Q3:time,obs:gdp_tertiary:2019Q3,AT_TIME,period:Q:2019Q3,{}
e:obs:gdp_secondary:2019Q3:region,obs:gdp_secondary:2019Q3,OBSERVED_IN,region:CN-ZJ,{}
e:obs:gdp_secondary:2019Q3:metric,obs:gdp_secondary:2019Q3,MEASURES,metric:gdp_secondary_quarterly,{}
e:obs:gdp_secondary:2019Q3:time,obs:gdp_secondary:2019Q3,AT_TIME,period:Q:2019Q3,{}
e:obs:gdp_primary:2019Q4:region,obs:gdp_primary:2019Q4,OBSERVED_IN,region:CN-ZJ,{}
e:obs:gdp_primary:2019Q4:metric,obs:gdp_primary:2019Q4,MEASURES,metric:gdp_primary_quarterly,{}
e:obs:gdp_primary:2019Q4:time,obs:gdp_primary:2019Q4,AT_TIME,period:Q:2019Q4,{}
e:obs:gdp_tertiary:2019Q4:region,obs:gdp_tertiary:2019Q4,OBSERVED_IN,region:CN-ZJ,{}
e:obs:gdp_tertiary:2019Q4:metric,obs:gdp_tertiary:2019Q4,MEASURES,metric:gdp_tertiary_quarterly,{}
e:obs:gdp_tertiary:2019Q4:time,obs:gdp_tertiary:2019Q4,AT_TIME,period:Q:2019Q4,{}
e:obs:gdp_secondary:2019Q4:region,obs:gdp_secondary:2019Q4,OBSERVED_IN,region:CN-ZJ,{}
e:obs:gdp_secondary:2019Q4:metric,obs:gdp_secondary:2019Q4,MEASURES,metric:gdp_secondary_quarterly,{}
e:obs:gdp_secondary:2019Q4:time,obs:gdp_secondary:2019Q4,AT_TIME,period:Q:2019Q4,{}
e:obs:gdp_primary:2020Q1:region,obs:gdp_primary:2020Q1,OBSERVED_IN,region:CN-ZJ,{}
e:obs:gdp_primary:2020Q1:metric,obs:gdp_primary:2020Q1,MEASURES,metric:gdp_primary_quarterly,{}
e:obs:gdp_primary:2020Q1:time,obs:gdp_primary:2020Q1,AT_TIME,period:Q:2020Q1,{}
e:obs:gdp_tertiary:2020Q1:region,obs:gdp_tertiary:2020Q1,OBSERVED_IN,region:CN-ZJ,{}
e:obs:gdp_tertiary:2020Q1:metric,obs:gdp_tertiary:2020Q1,MEASURES,metric:gdp_tertiary_quarterly,{}
e:obs:gdp_tertiary:2020Q1:time,obs:gdp_tertiary:2020Q1,AT_TIME,period:Q:2020Q1,{}
e:obs:gdp_secondary:2020Q1:region,obs:gdp_secondary:2020Q1,OBSERVED_IN,region:CN-ZJ,{}
e:obs:gdp_secondary:2020Q1:metric,obs:gdp_secondary:2020Q1,MEASURES,metric:gdp_secondary_quarterly,{}
e:obs:gdp_secondary:2020Q1:time,obs:gdp_secondary:2020Q1,AT_TIME,period:Q:2020Q1,{}
e:obs:gdp_primary:2020Q2:region,obs:gdp_primary:2020Q2,OBSERVED_IN,region:CN-ZJ,{}
e:obs:gdp_primary:2020Q2:metric,obs:gdp_primary:2020Q2,MEASURES,metric:gdp_primary_quarterly,{}
e:obs:gdp_primary:2020Q2:time,obs:gdp_primary:2020Q2,AT_TIME,period:Q:2020Q2,{}
e:obs:gdp_tertiary:2020Q2:region,obs:gdp_tertiary:2020Q2,OBSERVED_IN,region:CN-ZJ,{}
e:obs:gdp_tertiary:2020Q2:metric,obs:gdp_tertiary:2020Q2,MEASURES,metric:gdp_tertiary_quarterly,{}
e:obs:gdp_tertiary:2020Q2:time,obs:gdp_tertiary:2020Q2,AT_TIME,period:Q:2020Q2,{}
e:obs:gdp_secondary:2020Q2:region,obs:gdp_secondary:2020Q2,OBSERVED_IN,region:CN-ZJ,{}
e:obs:gdp_secondary:2020Q2:metric,obs:gdp_secondary:2020Q2,MEASURES,metric:gdp_secondary_quarterly,{}
e:obs:gdp_secondary:2020Q2:time,obs:gdp_secondary:2020Q2,AT_TIME,period:Q:2020Q2,{}
e:obs:gdp_primary:2020Q3:region,obs:gdp_primary:2020Q3,OBSERVED_IN,region:CN-ZJ,{}
e:obs:gdp_primary:2020Q3:metric,obs:gdp_primary:2020Q3,MEASURES,metric:gdp_primary_quarterly,{}
e:obs:gdp_primary:2020Q3:time,obs:gdp_primary:2020Q3,AT_TIME,period:Q:2020Q3,{}
e:obs:gdp_tertiary:2020Q3:region,obs:gdp_tertiary:2020Q3,OBSERVED_IN,region:CN-ZJ,{}
e:obs:gdp_tertiary:2020Q3:metric,obs:gdp_tertiary:2020Q3,MEASURES,metric:gdp_tertiary_quarterly,{}
e:obs:gdp_tertiary:2020Q3:time,obs:gdp_tertiary:2020Q3,AT_TIME,period:Q:2020Q3,{}
e:obs:gdp_secondary:2020Q3:region,obs:gdp_secondary:2020Q3,OBSERVED_IN,region:CN-ZJ,{}
e:obs:gdp_secondary:2020Q3:metric,obs:gdp_secondary:2020Q3,MEASURES,metric:gdp_secondary_quarterly,{}
e:obs:gdp_secondary:2020Q3:time,obs:gdp_secondary:2020Q3,AT_TIME,period:Q:2020Q3,{}
e:obs:gdp_primary:2020Q4:region,obs:gdp_primary:2020Q4,OBSERVED_IN,region:CN-ZJ,{}
e:obs:gdp_primary:2020Q4:metric,obs:gdp_primary:2020Q4,MEASURES,metric:gdp_primary_quarterly,{}
e:obs:gdp_primary:2020Q4:time,obs:gdp_primary:2020Q4,AT_TIME,period:Q:2020Q4,{}
e:obs:gdp_tertiary:2020Q4:region,obs:gdp_tertiary:2020Q4,OBSERVED_IN,region:CN-ZJ,{}
e:obs:gdp_tertiary:2020Q4:metric,obs:gdp_tertiary:2020Q4,MEASURES,metric:gdp_tertiary_quarterly,{}
e:obs:gdp_tertiary:2020Q4:time,obs:gdp_tertiary:2020Q4,AT_TIME,period:Q:2020Q4,{}
e:obs:gdp_secondary:2020Q4:region,obs:gdp_secondary:2020Q4,OBSERVED_IN,region:CN-ZJ,{}
e:obs:gdp_secondary:2020Q4:metric,obs:gdp_secondary:2020Q4,MEASURES,metric:gdp_secondary_quarterly,{}
e:obs:gdp_secondary:2020Q4:time,obs:gdp_secondary:2020Q4,AT_TIME,period:Q:2020Q4,{}
e:obs:gdp_primary:2021Q1:region,obs:gdp_primary:2021Q1,OBSERVED_IN,region:CN-ZJ,{}
e:obs:gdp_primary:2021Q1:metric,obs:gdp_primary:2021Q1,MEASURES,metric:gdp_primary_quarterly,{}
e:obs:gdp_primary:2021Q1:time,obs:gdp_primary:2021Q1,AT_TIME,period:Q:2021Q1,{}
e:obs:gdp_tertiary:2021Q1:region,obs:gdp_tertiary:2021Q1,OBSERVED_IN,region:CN-ZJ,{}
e:obs:gdp_tertiary:2021Q1:metric,obs:gdp_tertiary:2021Q1,MEASURES,metric:gdp_tertiary_quarterly,{}
e:obs:gdp_tertiary:2021Q1:time,obs:gdp_tertiary:2021Q1,AT_TIME,period:Q:2021Q1,{}
e:obs:gdp_secondary:2021Q1:region,obs:gdp_secondary:2021Q1,OBSERVED_IN,region:CN-ZJ,{}
e:obs:gdp_secondary:2021Q1:metric,obs:gdp_secondary:2021Q1,MEASURES,metric:gdp_secondary_quarterly,{}
e:obs:gdp_secondary:2021Q1:time,obs:gdp_secondary:2021Q1,AT_TIME,period:Q:2021Q1,{}
e:obs:gdp_primary:2021Q2:region,obs:gdp_primary:2021Q2,OBSERVED_IN,region:CN-ZJ,{}
e:obs:gdp_primary:2021Q2:metric,obs:gdp_primary:2021Q2,MEASURES,metric:gdp_primary_quarterly,{}
e:obs:gdp_primary:2021Q2:time,obs:gdp_primary:2021Q2,AT_TIME,period:Q:2021Q2,{}
e:obs:gdp_tertiary:2021Q2:region,obs:gdp_tertiary:2021Q2,OBSERVED_IN,region:CN-ZJ,{}
e:obs:gdp_tertiary:2021Q2:metric,obs:gdp_tertiary:2021Q2,MEASURES,metric:gdp_tertiary_quarterly,{}
e:obs:gdp_tertiary:2021Q2:time,obs:gdp_tertiary:2021Q2,AT_TIME,period:Q:2021Q2,{}
e:obs:gdp_secondary:2021Q2:region,obs:gdp_secondary:2021Q2,OBSERVED_IN,region:CN-ZJ,{}
e:obs:gdp_secondary:2021Q2:metric,obs:gdp_secondary:2021Q2,MEASURES,metric:gdp_secondary_quarterly,{}
e:obs:gdp_secondary:2021Q2:time,obs:gdp_secondary:2021Q2,AT_TIME,period:Q:2021Q2,{}
e:obs:gdp_primary:2021Q3:region,obs:gdp_primary:2021Q3,OBSERVED_IN,region:CN-ZJ,{}
e:obs:gdp_primary:2021Q3:metric,obs:gdp_primary:2021Q3,MEASURES,metric:gdp_primary_quarterly,{}
e:obs:gdp_primary:2021Q3:time,obs:gdp_primary:2021Q3,AT_TIME,period:Q:2021Q3,{}
e:obs:gdp_tertiary:2021Q3:region,obs:gdp_tertiary:2021Q3,OBSERVED_IN,region:CN-ZJ,{}
e:obs:gdp_tertiary:2021Q3:metric,obs:gdp_tertiary:2021Q3,MEASURES,metric:gdp_tertiary_quarterly,{}
e:obs:gdp_tertiary:2021Q3:time,obs:gdp_tertiary:2021Q3,AT_TIME,period:Q:2021Q3,{}
e:obs:gdp_secondary:2021Q3:region,obs:gdp_secondary:2021Q3,OBSERVED_IN,region:CN-ZJ,{}
e:obs:gdp_secondary:2021Q3:metric,obs:gdp_secondary:2021Q3,MEASURES,metric:gdp_secondary_quarterly,{}
e:obs:gdp_secondary:2021Q3:time,obs:gdp_secondary:2021Q3,AT_TIME,period:Q:2021Q3,{}
e:obs:gdp_primary:2021Q4:region,obs:gdp_primary:2021Q4,OBSERVED_IN,region:CN-ZJ,{}
e:obs:gdp_primary:2021Q4:metric,obs:gdp_primary:2021Q4,MEASURES,metric:gdp_primary_quarterly,{}
e:obs:gdp_primary:2021Q4:time,obs:gdp_primary:2021Q4,AT_TIME,period:Q:2021Q4,{}
e:obs:gdp_tertiary:2021Q4:region,obs:gdp_tertiary:2021Q4,OBSERVED_IN,region:CN-ZJ,{}
e:obs:gdp_tertiary:2021Q4:metric,obs:gdp_tertiary:2021Q4,MEASURES,metric:gdp_tertiary_quarterly,{}
e:obs:gdp_tertiary:2021Q4:time,obs:gdp_tertiary:2021Q4,AT_TIME,period:Q:2021Q4,{}
e:obs:gdp_secondary:2021Q4:region,obs:gdp_secondary:2021Q4,OBSERVED_IN,region:CN-ZJ,{}
e:obs:gdp_secondary:2021Q4:metric,obs:gdp_secondary:2021Q4,MEASURES,metric:gdp_secondary_quarterly,{}
e:obs:gdp_secondary:2021Q4:time,obs:gdp_secondary:2021Q4,AT_TIME,period:Q:2021Q4,{}
e:obs:gdp_primary:2022Q1:region,obs:gdp_primary:2022Q1,OBSERVED_IN,region:CN-ZJ,{}
e:obs:gdp_primary:2022Q1:metric,obs:gdp_primary:2022Q1,MEASURES,metric:gdp_primary_quarterly,{}
e:obs:gdp_primary:2022Q1:time,obs:gdp_primary:2022Q1,AT_TIME,period:Q:2022Q1,{}
e:obs:gdp_tertiary:2022Q1:region,obs:gdp_tertiary:2022Q1,OBSERVED_IN,region:CN-ZJ,{}
e:obs:gdp_tertiary:2022Q1:metric,obs:gdp_tertiary:2022Q1,MEASURES,metric:gdp_tertiary_quarterly,{}
e:obs:gdp_tertiary:2022Q1:time,obs:gdp_tertiary:2022Q1,AT_TIME,period:Q:2022Q1,{}
e:obs:gdp_secondary:2022Q1:region,obs:gdp_secondary:2022Q1,OBSERVED_IN,region:CN-ZJ,{}
e:obs:gdp_secondary:2022Q1:metric,obs:gdp_secondary:2022Q1,MEASURES,metric:gdp_secondary_quarterly,{}
e:obs:gdp_secondary:2022Q1:time,obs:gdp_secondary:2022Q1,AT_TIME,period:Q:2022Q1,{}
e:obs:gdp_primary:2022Q2:region,obs:gdp_primary:2022Q2,OBSERVED_IN,region:CN-ZJ,{}
e:obs:gdp_primary:2022Q2:metric,obs:gdp_primary:2022Q2,MEASURES,metric:gdp_primary_quarterly,{}
e:obs:gdp_primary:2022Q2:time,obs:gdp_primary:2022Q2,AT_TIME,period:Q:2022Q2,{}
e:obs:gdp_tertiary:2022Q2:region,obs:gdp_tertiary:2022Q2,OBSERVED_IN,region:CN-ZJ,{}
e:obs:gdp_tertiary:2022Q2:metric,obs:gdp_tertiary:2022Q2,MEASURES,metric:gdp_tertiary_quarterly,{}
e:obs:gdp_tertiary:2022Q2:time,obs:gdp_tertiary:2022Q2,AT_TIME,period:Q:2022Q2,{}
e:obs:gdp_secondary:2022Q2:region,obs:gdp_secondary:2022Q2,OBSERVED_IN,region:CN-ZJ,{}
e:obs:gdp_secondary:2022Q2:metric,obs:gdp_secondary:2022Q2,MEASURES,metric:gdp_secondary_quarterly,{}
e:obs:gdp_secondary:2022Q2:time,obs:gdp_secondary:2022Q2,AT_TIME,period:Q:2022Q2,{}
e:obs:gdp_primary:2022Q3:region,obs:gdp_primary:2022Q3,OBSERVED_IN,region:CN-ZJ,{}
e:obs:gdp_primary:2022Q3:metric,obs:gdp_primary:2022Q3,MEASURES,metric:gdp_primary_quarterly,{}
e:obs:gdp_primary:2022Q3:time,obs:gdp_primary:2022Q3,AT_TIME,period:Q:2022Q3,{}
e:obs:gdp_tertiary:2022Q3:region,obs:gdp_tertiary:2022Q3,OBSERVED_IN,region:CN-ZJ,{}
e:obs:gdp_tertiary:2022Q3:metric,obs:gdp_tertiary:2022Q3,MEASURES,metric:gdp_tertiary_quarterly,{}
e:obs:gdp_tertiary:2022Q3:time,obs:gdp_tertiary:2022Q3,AT_TIME,period:Q:2022Q3,{}
e:obs:gdp_secondary:2022Q3:region,obs:gdp_secondary:2022Q3,OBSERVED_IN,region:CN-ZJ,{}
e:obs:gdp_secondary:2022Q3:metric,obs:gdp_secondary:2022Q3,MEASURES,metric:gdp_secondary_quarterly,{}
e:obs:gdp_secondary:2022Q3:time,obs:gdp_secondary:2022Q3,AT_TIME,period:Q:2022Q3,{}
e:obs:gdp_primary:2022Q4:region,obs:gdp_primary:2022Q4,OBSERVED_IN,region:CN-ZJ,{}
e:obs:gdp_primary:2022Q4:metric,obs:gdp_primary:2022Q4,MEASURES,metric:gdp_primary_quarterly,{}
e:obs:gdp_primary:2022Q4:time,obs:gdp_primary:2022Q4,AT_TIME,period:Q:2022Q4,{}
e:obs:gdp_tertiary:2022Q4:region,obs:gdp_tertiary:2022Q4,OBSERVED_IN,region:CN-ZJ,{}
e:obs:gdp_tertiary:2022Q4:metric,obs:gdp_tertiary:2022Q4,MEASURES,metric:gdp_tertiary_quarterly,{}
e:obs:gdp_tertiary:2022Q4:time,obs:gdp_tertiary:2022Q4,AT_TIME,period:Q:2022Q4,{}
e:obs:gdp_secondary:2022Q4:region,obs:gdp_secondary:2022Q4,OBSERVED_IN,region:CN-ZJ,{}
e:obs:gdp_secondary:2022Q4:metric,obs:gdp_secondary:2022Q4,MEASURES,metric:gdp_secondary_quarterly,{}
e:obs:gdp_secondary:2022Q4:time,obs:gdp_secondary:2022Q4,AT_TIME,period:Q:2022Q4,{}
e:obs:gdp_primary:2023Q1:region,obs:gdp_primary:2023Q1,OBSERVED_IN,region:CN-ZJ,{}
e:obs:gdp_primary:2023Q1:metric,obs:gdp_primary:2023Q1,MEASURES,metric:gdp_primary_quarterly,{}
e:obs:gdp_primary:2023Q1:time,obs:gdp_primary:2023Q1,AT_TIME,period:Q:2023Q1,{}
e:obs:gdp_tertiary:2023Q1:region,obs:gdp_tertiary:2023Q1,OBSERVED_IN,region:CN-ZJ,{}
e:obs:gdp_tertiary:2023Q1:metric,obs:gdp_tertiary:2023Q1,MEASURES,metric:gdp_tertiary_quarterly,{}
e:obs:gdp_tertiary:2023Q1:time,obs:gdp_tertiary:2023Q1,AT_TIME,period:Q:2023Q1,{}
e:obs:gdp_secondary:2023Q1:region,obs:gdp_secondary:2023Q1,OBSERVED_IN,region:CN-ZJ,{}
e:obs:gdp_secondary:2023Q1:metric,obs:gdp_secondary:2023Q1,MEASURES,metric:gdp_secondary_quarterly,{}
e:obs:gdp_secondary:2023Q1:time,obs:gdp_secondary:2023Q1,AT_TIME,period:Q:2023Q1,{}
e:obs:gdp_primary:2023Q2:region,obs:gdp_primary:2023Q2,OBSERVED_IN,region:CN-ZJ,{}
e:obs:gdp_primary:2023Q2:metric,obs:gdp_primary:2023Q2,MEASURES,metric:gdp_primary_quarterly,{}
e:obs:gdp_primary:2023Q2:time,obs:gdp_primary:2023Q2,AT_TIME,period:Q:2023Q2,{}
e:obs:gdp_tertiary:2023Q2:region,obs:gdp_tertiary:2023Q2,OBSERVED_IN,region:CN-ZJ,{}
e:obs:gdp_tertiary:2023Q2:metric,obs:gdp_tertiary:2023Q2,MEASURES,metric:gdp_tertiary_quarterly,{}
e:obs:gdp_tertiary:2023Q2:time,obs:gdp_tertiary:2023Q2,AT_TIME,period:Q:2023Q2,{}
e:obs:gdp_secondary:2023Q2:region,obs:gdp_secondary:2023Q2,OBSERVED_IN,region:CN-ZJ,{}
e:obs:gdp_secondary:2023Q2:metric,obs:gdp_secondary:2023Q2,MEASURES,metric:gdp_secondary_quarterly,{}
e:obs:gdp_secondary:2023Q2:time,obs:gdp_secondary:2023Q2,AT_TIME,period:Q:2023Q2,{}
e:obs:gdp_primary:2023Q3:region,obs:gdp_primary:2023Q3,OBSERVED_IN,region:CN-ZJ,{}
e:obs:gdp_primary:2023Q3:metric,obs:gdp_primary:2023Q3,MEASURES,metric:gdp_primary_quarterly,{}
e:obs:gdp_primary:2023Q3:time,obs:gdp_primary:2023Q3,AT_TIME,period:Q:2023Q3,{}
e:obs:gdp_tertiary:2023Q3:region,obs:gdp_tertiary:2023Q3,OBSERVED_IN,region:CN-ZJ,{}
e:obs:gdp_tertiary:2023Q3:metric,obs:gdp_tertiary:2023Q3,MEASURES,metric:gdp_tertiary_quarterly,{}
e:obs:gdp_tertiary:2023Q3:time,obs:gdp_tertiary:2023Q3,AT_TIME,period:Q:2023Q3,{}
e:obs:gdp_secondary:2023Q3:region,obs:gdp_secondary:2023Q3,OBSERVED_IN,region:CN-ZJ,{}
e:obs:gdp_secondary:2023Q3:metric,obs:gdp_secondary:2023Q3,MEASURES,metric:gdp_secondary_quarterly,{}
e:obs:gdp_secondary:2023Q3:time,obs:gdp_secondary:2023Q3,AT_TIME,period:Q:2023Q3,{}
e:obs:gdp_primary:2023Q4:region,obs:gdp_primary:2023Q4,OBSERVED_IN,region:CN-ZJ,{}
e:obs:gdp_primary:2023Q4:metric,obs:gdp_primary:2023Q4,MEASURES,metric:gdp_primary_quarterly,{}
e:obs:gdp_primary:2023Q4:time,obs:gdp_primary:2023Q4,AT_TIME,period:Q:2023Q4,{}
e:obs:gdp_tertiary:2023Q4:region,obs:gdp_tertiary:2023Q4,OBSERVED_IN,region:CN-ZJ,{}
e:obs:gdp_tertiary:2023Q4:metric,obs:gdp_tertiary:2023Q4,MEASURES,metric:gdp_tertiary_quarterly,{}
e:obs:gdp_tertiary:2023Q4:time,obs:gdp_tertiary:2023Q4,AT_TIME,period:Q:2023Q4,{}
e:obs:gdp_secondary:2023Q4:region,obs:gdp_secondary:2023Q4,OBSERVED_IN,region:CN-ZJ,{}
e:obs:gdp_secondary:2023Q4:metric,obs:gdp_secondary:2023Q4,MEASURES,metric:gdp_secondary_quarterly,{}
e:obs:gdp_secondary:2023Q4:time,obs:gdp_secondary:2023Q4,AT_TIME,period:Q:2023Q4,{}
e:obs:gdp_primary:2024Q1:region,obs:gdp_primary:2024Q1,OBSERVED_IN,region:CN-ZJ,{}
e:obs:gdp_primary:2024Q1:metric,obs:gdp_primary:2024Q1,MEASURES,metric:gdp_primary_quarterly,{}
e:obs:gdp_primary:2024Q1:time,obs:gdp_primary:2024Q1,AT_TIME,period:Q:2024Q1,{}
e:obs:gdp_tertiary:2024Q1:region,obs:gdp_tertiary:2024Q1,OBSERVED_IN,region:CN-ZJ,{}
e:obs:gdp_tertiary:2024Q1:metric,obs:gdp_tertiary:2024Q1,MEASURES,metric:gdp_tertiary_quarterly,{}
e:obs:gdp_tertiary:2024Q1:time,obs:gdp_tertiary:2024Q1,AT_TIME,period:Q:2024Q1,{}
e:obs:gdp_secondary:2024Q1:region,obs:gdp_secondary:2024Q1,OBSERVED_IN,region:CN-ZJ,{}
e:obs:gdp_secondary:2024Q1:metric,obs:gdp_secondary:2024Q1,MEASURES,metric:gdp_secondary_quarterly,{}
e:obs:gdp_secondary:2024Q1:time,obs:gdp_secondary:2024Q1,AT_TIME,period:Q:2024Q1,{}
e:obs:gdp_primary:2024Q2:region,obs:gdp_primary:2024Q2,OBSERVED_IN,region:CN-ZJ,{}
e:obs:gdp_primary:2024Q2:metric,obs:gdp_primary:2024Q2,MEASURES,metric:gdp_primary_quarterly,{}
e:obs:gdp_primary:2024Q2:time,obs:gdp_primary:2024Q2,AT_TIME,period:Q:2024Q2,{}
e:obs:gdp_tertiary:2024Q2:region,obs:gdp_tertiary:2024Q2,OBSERVED_IN,region:CN-ZJ,{}
e:obs:gdp_tertiary:2024Q2:metric,obs:gdp_tertiary:2024Q2,MEASURES,metric:gdp_tertiary_quarterly,{}
e:obs:gdp_tertiary:2024Q2:time,obs:gdp_tertiary:2024Q2,AT_TIME,period:Q:2024Q2,{}
e:obs:gdp_secondary:2024Q2:region,obs:gdp_secondary:2024Q2,OBSERVED_IN,region:CN-ZJ,{}
e:obs:gdp_secondary:2024Q2:metric,obs:gdp_secondary:2024Q2,MEASURES,metric:gdp_secondary_quarterly,{}
e:obs:gdp_secondary:2024Q2:time,obs:gdp_secondary:2024Q2,AT_TIME,period:Q:2024Q2,{}
e:obs:gdp_primary:2024Q3:region,obs:gdp_primary:2024Q3,OBSERVED_IN,region:CN-ZJ,{}
e:obs:gdp_primary:2024Q3:metric,obs:gdp_primary:2024Q3,MEASURES,metric:gdp_primary_quarterly,{}
e:obs:gdp_primary:2024Q3:time,obs:gdp_primary:2024Q3,AT_TIME,period:Q:2024Q3,{}
e:obs:gdp_tertiary:2024Q3:region,obs:gdp_tertiary:2024Q3,OBSERVED_IN,region:CN-ZJ,{}
e:obs:gdp_tertiary:2024Q3:metric,obs:gdp_tertiary:2024Q3,MEASURES,metric:gdp_tertiary_quarterly,{}
e:obs:gdp_tertiary:2024Q3:time,obs:gdp_tertiary:2024Q3,AT_TIME,period:Q:2024Q3,{}
e:obs:gdp_secondary:2024Q3:region,obs:gdp_secondary:2024Q3,OBSERVED_IN,region:CN-ZJ,{}
e:obs:gdp_secondary:2024Q3:metric,obs:gdp_secondary:2024Q3,MEASURES,metric:gdp_secondary_quarterly,{}
e:obs:gdp_secondary:2024Q3:time,obs:gdp_secondary:2024Q3,AT_TIME,period:Q:2024Q3,{}
e:obs:gdp_primary:2024Q4:region,obs:gdp_primary:2024Q4,OBSERVED_IN,region:CN-ZJ,{}
e:obs:gdp_primary:2024Q4:metric,obs:gdp_primary:2024Q4,MEASURES,metric:gdp_primary_quarterly,{}
e:obs:gdp_primary:2024Q4:time,obs:gdp_primary:2024Q4,AT_TIME,period:Q:2024Q4,{}
e:obs:gdp_tertiary:2024Q4:region,obs:gdp_tertiary:2024Q4,OBSERVED_IN,region:CN-ZJ,{}
e:obs:gdp_tertiary:2024Q4:metric,obs:gdp_tertiary:2024Q4,MEASURES,metric:gdp_tertiary_quarterly,{}
e:obs:gdp_tertiary:2024Q4:time,obs:gdp_tertiary:2024Q4,AT_TIME,period:Q:2024Q4,{}
e:obs:gdp_secondary:2024Q4:region,obs:gdp_secondary:2024Q4,OBSERVED_IN,region:CN-ZJ,{}
e:obs:gdp_secondary:2024Q4:metric,obs:gdp_secondary:2024Q4,MEASURES,metric:gdp_secondary_quarterly,{}
e:obs:gdp_secondary:2024Q4:time,obs:gdp_secondary:2024Q4,AT_TIME,period:Q:2024Q4,{}
e:obs:gdp_primary:2025Q1:region,obs:gdp_primary:2025Q1,OBSERVED_IN,region:CN-ZJ,{}
e:obs:gdp_primary:2025Q1:metric,obs:gdp_primary:2025Q1,MEASURES,metric:gdp_primary_quarterly,{}
e:obs:gdp_primary:2025Q1:time,obs:gdp_primary:2025Q1,AT_TIME,period:Q:2025Q1,{}
e:obs:gdp_tertiary:2025Q1:region,obs:gdp_tertiary:2025Q1,OBSERVED_IN,region:CN-ZJ,{}
e:obs:gdp_tertiary:2025Q1:metric,obs:gdp_tertiary:2025Q1,MEASURES,metric:gdp_tertiary_quarterly,{}
e:obs:gdp_tertiary:2025Q1:time,obs:gdp_tertiary:2025Q1,AT_TIME,period:Q:2025Q1,{}
e:obs:gdp_secondary:2025Q1:region,obs:gdp_secondary:2025Q1,OBSERVED_IN,region:CN-ZJ,{}
e:obs:gdp_secondary:2025Q1:metric,obs:gdp_secondary:2025Q1,MEASURES,metric:gdp_secondary_quarterly,{}
e:obs:gdp_secondary:2025Q1:time,obs:gdp_secondary:2025Q1,AT_TIME,period:Q:2025Q1,{}
e:obs:gdp_primary:2025Q2:region,obs:gdp_primary:2025Q2,OBSERVED_IN,region:CN-ZJ,{}
e:obs:gdp_primary:2025Q2:metric,obs:gdp_primary:2025Q2,MEASURES,metric:gdp_primary_quarterly,{}
e:obs:gdp_primary:2025Q2:time,obs:gdp_primary:2025Q2,AT_TIME,period:Q:2025Q2,{}
e:obs:gdp_tertiary:2025Q2:region,obs:gdp_tertiary:2025Q2,OBSERVED_IN,region:CN-ZJ,{}
e:obs:gdp_tertiary:2025Q2:metric,obs:gdp_tertiary:2025Q2,MEASURES,metric:gdp_tertiary_quarterly,{}
e:obs:gdp_tertiary:2025Q2:time,obs:gdp_tertiary:2025Q2,AT_TIME,period:Q:2025Q2,{}
e:obs:gdp_secondary:2025Q2:region,obs:gdp_secondary:2025Q2,OBSERVED_IN,region:CN-ZJ,{}
e:obs:gdp_secondary:2025Q2:metric,obs:gdp_secondary:2025Q2,MEASURES,metric:gdp_secondary_quarterly,{}
e:obs:gdp_secondary:2025Q2:time,obs:gdp_secondary:2025Q2,AT_TIME,period:Q:2025Q2,{}
e:obs:gdp_primary:2025Q3:region,obs:gdp_primary:2025Q3,OBSERVED_IN,region:CN-ZJ,{}
e:obs:gdp_primary:2025Q3:metric,obs:gdp_primary:2025Q3,MEASURES,metric:gdp_primary_quarterly,{}
e:obs:gdp_primary:2025Q3:time,obs:gdp_primary:2025Q3,AT_TIME,period:Q:2025Q3,{}
e:obs:gdp_tertiary:2025Q3:region,obs:gdp_tertiary:2025Q3,OBSERVED_IN,region:CN-ZJ,{}
e:obs:gdp_tertiary:2025Q3:metric,obs:gdp_tertiary:2025Q3,MEASURES,metric:gdp_tertiary_quarterly,{}
e:obs:gdp_tertiary:2025Q3:time,obs:gdp_tertiary:2025Q3,AT_TIME,period:Q:2025Q3,{}
e:obs:gdp_secondary:2025Q3:region,obs:gdp_secondary:2025Q3,OBSERVED_IN,region:CN-ZJ,{}
e:obs:gdp_secondary:2025Q3:metric,obs:gdp_secondary:2025Q3,MEASURES,metric:gdp_secondary_quarterly,{}
e:obs:gdp_secondary:2025Q3:time,obs:gdp_secondary:2025Q3,AT_TIME,period:Q:2025Q3,{}
e:obs:gdp_primary:2025Q4:region,obs:gdp_primary:2025Q4,OBSERVED_IN,region:CN-ZJ,{}
e:obs:gdp_primary:2025Q4:metric,obs:gdp_primary:2025Q4,MEASURES,metric:gdp_primary_quarterly,{}
e:obs:gdp_primary:2025Q4:time,obs:gdp_primary:2025Q4,AT_TIME,period:Q:2025Q4,{}
e:obs:gdp_tertiary:2025Q4:region,obs:gdp_tertiary:2025Q4,OBSERVED_IN,region:CN-ZJ,{}
e:obs:gdp_tertiary:2025Q4:metric,obs:gdp_tertiary:2025Q4,MEASURES,metric:gdp_tertiary_quarterly,{}
e:obs:gdp_tertiary:2025Q4:time,obs:gdp_tertiary:2025Q4,AT_TIME,period:Q:2025Q4,{}
e:obs:gdp_secondary:2025Q4:region,obs:gdp_secondary:2025Q4,OBSERVED_IN,region:CN-ZJ,{}
e:obs:gdp_secondary:2025Q4:metric,obs:gdp_secondary:2025Q4,MEASURES,metric:gdp_secondary_quarterly,{}
e:obs:gdp_secondary:2025Q4:time,obs:gdp_secondary:2025Q4,AT_TIME,period:Q:2025Q4,{}
e:anomaly:gdp_tertiary:2000Q2:derived,anomaly:gdp_tertiary:2000Q2,DERIVED_FROM,obs:gdp_tertiary:2000Q2,"{""method"":""log-STL"",""threshold"":""5% medium / 8% high""}"
e:anomaly:gdp_tertiary:2000Q2:cause:industrial_activity,anomaly:gdp_tertiary:2000Q2,CANDIDATE_EXPLANATION,cause:industrial_activity,"{""confidence"":""low"",""evidence"":""需要工业增加值、消费、投资或服务业高频指标交叉验证"",""causal_status"":""待补证据""}"
e:anomaly:gdp_secondary:2000Q4:derived,anomaly:gdp_secondary:2000Q4,DERIVED_FROM,obs:gdp_secondary:2000Q4,"{""method"":""log-STL"",""threshold"":""5% medium / 8% high""}"
e:anomaly:gdp_secondary:2000Q4:cause:annual_revision,anomaly:gdp_secondary:2000Q4,DATA_QUALITY_RISK,cause:annual_revision,"{""confidence"":""high"",""evidence"":""Q4 单季度值由全年累计值差分得到，可能吸收年度核算修订"",""causal_status"":""数据构造风险""}"
e:anomaly:gdp_secondary:2000Q4:cause:industrial_activity,anomaly:gdp_secondary:2000Q4,CANDIDATE_EXPLANATION,cause:industrial_activity,"{""confidence"":""low"",""evidence"":""需要工业增加值、消费、投资或服务业高频指标交叉验证"",""causal_status"":""待补证据""}"
e:anomaly:gdp_tertiary:2000Q4:derived,anomaly:gdp_tertiary:2000Q4,DERIVED_FROM,obs:gdp_tertiary:2000Q4,"{""method"":""log-STL"",""threshold"":""5% medium / 8% high""}"
e:anomaly:gdp_tertiary:2000Q4:cause:annual_revision,anomaly:gdp_tertiary:2000Q4,DATA_QUALITY_RISK,cause:annual_revision,"{""confidence"":""high"",""evidence"":""Q4 单季度值由全年累计值差分得到，可能吸收年度核算修订"",""causal_status"":""数据构造风险""}"
e:anomaly:gdp_tertiary:2000Q4:cause:industrial_activity,anomaly:gdp_tertiary:2000Q4,CANDIDATE_EXPLANATION,cause:industrial_activity,"{""confidence"":""low"",""evidence"":""需要工业增加值、消费、投资或服务业高频指标交叉验证"",""causal_status"":""待补证据""}"
e:anomaly:gdp_tertiary:2001Q1:derived,anomaly:gdp_tertiary:2001Q1,DERIVED_FROM,obs:gdp_tertiary:2001Q1,"{""method"":""log-STL"",""threshold"":""5% medium / 8% high""}"
e:anomaly:gdp_tertiary:2001Q1:cause:industrial_activity,anomaly:gdp_tertiary:2001Q1,CANDIDATE_EXPLANATION,cause:industrial_activity,"{""confidence"":""low"",""evidence"":""需要工业增加值、消费、投资或服务业高频指标交叉验证"",""causal_status"":""待补证据""}"
e:anomaly:gdp_primary:2001Q2:derived,anomaly:gdp_primary:2001Q2,DERIVED_FROM,obs:gdp_primary:2001Q2,"{""method"":""log-STL"",""threshold"":""5% medium / 8% high""}"
e:anomaly:gdp_primary:2001Q2:cause:industrial_activity,anomaly:gdp_primary:2001Q2,CANDIDATE_EXPLANATION,cause:industrial_activity,"{""confidence"":""low"",""evidence"":""需要工业增加值、消费、投资或服务业高频指标交叉验证"",""causal_status"":""待补证据""}"
e:anomaly:gdp_secondary:2001Q2:derived,anomaly:gdp_secondary:2001Q2,DERIVED_FROM,obs:gdp_secondary:2001Q2,"{""method"":""log-STL"",""threshold"":""5% medium / 8% high""}"
e:anomaly:gdp_secondary:2001Q2:cause:industrial_activity,anomaly:gdp_secondary:2001Q2,CANDIDATE_EXPLANATION,cause:industrial_activity,"{""confidence"":""low"",""evidence"":""需要工业增加值、消费、投资或服务业高频指标交叉验证"",""causal_status"":""待补证据""}"
e:anomaly:gdp_tertiary:2001Q2:derived,anomaly:gdp_tertiary:2001Q2,DERIVED_FROM,obs:gdp_tertiary:2001Q2,"{""method"":""log-STL"",""threshold"":""5% medium / 8% high""}"
e:anomaly:gdp_tertiary:2001Q2:cause:industrial_activity,anomaly:gdp_tertiary:2001Q2,CANDIDATE_EXPLANATION,cause:industrial_activity,"{""confidence"":""low"",""evidence"":""需要工业增加值、消费、投资或服务业高频指标交叉验证"",""causal_status"":""待补证据""}"
e:anomaly:gdp_primary:2001Q3:derived,anomaly:gdp_primary:2001Q3,DERIVED_FROM,obs:gdp_primary:2001Q3,"{""method"":""log-STL"",""threshold"":""5% medium / 8% high""}"
e:anomaly:gdp_primary:2001Q3:cause:industrial_activity,anomaly:gdp_primary:2001Q3,CANDIDATE_EXPLANATION,cause:industrial_activity,"{""confidence"":""low"",""evidence"":""需要工业增加值、消费、投资或服务业高频指标交叉验证"",""causal_status"":""待补证据""}"
e:anomaly:gdp_primary:2002Q1:derived,anomaly:gdp_primary:2002Q1,DERIVED_FROM,obs:gdp_primary:2002Q1,"{""method"":""log-STL"",""threshold"":""5% medium / 8% high""}"
e:anomaly:gdp_primary:2002Q1:cause:industrial_activity,anomaly:gdp_primary:2002Q1,CANDIDATE_EXPLANATION,cause:industrial_activity,"{""confidence"":""low"",""evidence"":""需要工业增加值、消费、投资或服务业高频指标交叉验证"",""causal_status"":""待补证据""}"
e:anomaly:gdp_primary:2004Q2:derived,anomaly:gdp_primary:2004Q2,DERIVED_FROM,obs:gdp_primary:2004Q2,"{""method"":""log-STL"",""threshold"":""5% medium / 8% high""}"
e:anomaly:gdp_primary:2004Q2:cause:industrial_activity,anomaly:gdp_primary:2004Q2,CANDIDATE_EXPLANATION,cause:industrial_activity,"{""confidence"":""low"",""evidence"":""需要工业增加值、消费、投资或服务业高频指标交叉验证"",""causal_status"":""待补证据""}"
e:anomaly:gdp_secondary:2005Q2:derived,anomaly:gdp_secondary:2005Q2,DERIVED_FROM,obs:gdp_secondary:2005Q2,"{""method"":""log-STL"",""threshold"":""5% medium / 8% high""}"
e:anomaly:gdp_secondary:2005Q2:cause:industrial_activity,anomaly:gdp_secondary:2005Q2,CANDIDATE_EXPLANATION,cause:industrial_activity,"{""confidence"":""low"",""evidence"":""需要工业增加值、消费、投资或服务业高频指标交叉验证"",""causal_status"":""待补证据""}"
e:anomaly:gdp_secondary:2005Q3:derived,anomaly:gdp_secondary:2005Q3,DERIVED_FROM,obs:gdp_secondary:2005Q3,"{""method"":""log-STL"",""threshold"":""5% medium / 8% high""}"
e:anomaly:gdp_secondary:2005Q3:cause:industrial_activity,anomaly:gdp_secondary:2005Q3,CANDIDATE_EXPLANATION,cause:industrial_activity,"{""confidence"":""low"",""evidence"":""需要工业增加值、消费、投资或服务业高频指标交叉验证"",""causal_status"":""待补证据""}"
e:anomaly:gdp_tertiary:2005Q4:derived,anomaly:gdp_tertiary:2005Q4,DERIVED_FROM,obs:gdp_tertiary:2005Q4,"{""method"":""log-STL"",""threshold"":""5% medium / 8% high""}"
e:anomaly:gdp_tertiary:2005Q4:cause:annual_revision,anomaly:gdp_tertiary:2005Q4,DATA_QUALITY_RISK,cause:annual_revision,"{""confidence"":""high"",""evidence"":""Q4 单季度值由全年累计值差分得到，可能吸收年度核算修订"",""causal_status"":""数据构造风险""}"
e:anomaly:gdp_tertiary:2005Q4:cause:industrial_activity,anomaly:gdp_tertiary:2005Q4,CANDIDATE_EXPLANATION,cause:industrial_activity,"{""confidence"":""low"",""evidence"":""需要工业增加值、消费、投资或服务业高频指标交叉验证"",""causal_status"":""待补证据""}"
e:anomaly:gdp_secondary:2008Q1:derived,anomaly:gdp_secondary:2008Q1,DERIVED_FROM,obs:gdp_secondary:2008Q1,"{""method"":""log-STL"",""threshold"":""5% medium / 8% high""}"
e:anomaly:gdp_secondary:2008Q1:cause:industrial_activity,anomaly:gdp_secondary:2008Q1,CANDIDATE_EXPLANATION,cause:industrial_activity,"{""confidence"":""low"",""evidence"":""需要工业增加值、消费、投资或服务业高频指标交叉验证"",""causal_status"":""待补证据""}"
e:anomaly:gdp_primary:2008Q4:derived,anomaly:gdp_primary:2008Q4,DERIVED_FROM,obs:gdp_primary:2008Q4,"{""method"":""log-STL"",""threshold"":""5% medium / 8% high""}"
e:anomaly:gdp_primary:2008Q4:cause:annual_revision,anomaly:gdp_primary:2008Q4,DATA_QUALITY_RISK,cause:annual_revision,"{""confidence"":""high"",""evidence"":""Q4 单季度值由全年累计值差分得到，可能吸收年度核算修订"",""causal_status"":""数据构造风险""}"
e:anomaly:gdp_primary:2008Q4:cause:industrial_activity,anomaly:gdp_primary:2008Q4,CANDIDATE_EXPLANATION,cause:industrial_activity,"{""confidence"":""low"",""evidence"":""需要工业增加值、消费、投资或服务业高频指标交叉验证"",""causal_status"":""待补证据""}"
e:anomaly:gdp_secondary:2009Q1:derived,anomaly:gdp_secondary:2009Q1,DERIVED_FROM,obs:gdp_secondary:2009Q1,"{""method"":""log-STL"",""threshold"":""5% medium / 8% high""}"
e:anomaly:gdp_secondary:2009Q1:cause:industrial_activity,anomaly:gdp_secondary:2009Q1,CANDIDATE_EXPLANATION,cause:industrial_activity,"{""confidence"":""low"",""evidence"":""需要工业增加值、消费、投资或服务业高频指标交叉验证"",""causal_status"":""待补证据""}"
e:anomaly:gdp_primary:2009Q2:derived,anomaly:gdp_primary:2009Q2,DERIVED_FROM,obs:gdp_primary:2009Q2,"{""method"":""log-STL"",""threshold"":""5% medium / 8% high""}"
e:anomaly:gdp_primary:2009Q2:cause:industrial_activity,anomaly:gdp_primary:2009Q2,CANDIDATE_EXPLANATION,cause:industrial_activity,"{""confidence"":""low"",""evidence"":""需要工业增加值、消费、投资或服务业高频指标交叉验证"",""causal_status"":""待补证据""}"
e:anomaly:gdp_secondary:2009Q2:derived,anomaly:gdp_secondary:2009Q2,DERIVED_FROM,obs:gdp_secondary:2009Q2,"{""method"":""log-STL"",""threshold"":""5% medium / 8% high""}"
e:anomaly:gdp_secondary:2009Q2:cause:industrial_activity,anomaly:gdp_secondary:2009Q2,CANDIDATE_EXPLANATION,cause:industrial_activity,"{""confidence"":""low"",""evidence"":""需要工业增加值、消费、投资或服务业高频指标交叉验证"",""causal_status"":""待补证据""}"
e:anomaly:gdp_secondary:2011Q2:derived,anomaly:gdp_secondary:2011Q2,DERIVED_FROM,obs:gdp_secondary:2011Q2,"{""method"":""log-STL"",""threshold"":""5% medium / 8% high""}"
e:anomaly:gdp_secondary:2011Q2:cause:industrial_activity,anomaly:gdp_secondary:2011Q2,CANDIDATE_EXPLANATION,cause:industrial_activity,"{""confidence"":""low"",""evidence"":""需要工业增加值、消费、投资或服务业高频指标交叉验证"",""causal_status"":""待补证据""}"
e:anomaly:gdp_tertiary:2011Q3:derived,anomaly:gdp_tertiary:2011Q3,DERIVED_FROM,obs:gdp_tertiary:2011Q3,"{""method"":""log-STL"",""threshold"":""5% medium / 8% high""}"
e:anomaly:gdp_tertiary:2011Q3:cause:industrial_activity,anomaly:gdp_tertiary:2011Q3,CANDIDATE_EXPLANATION,cause:industrial_activity,"{""confidence"":""low"",""evidence"":""需要工业增加值、消费、投资或服务业高频指标交叉验证"",""causal_status"":""待补证据""}"
e:anomaly:gdp_secondary:2012Q2:derived,anomaly:gdp_secondary:2012Q2,DERIVED_FROM,obs:gdp_secondary:2012Q2,"{""method"":""log-STL"",""threshold"":""5% medium / 8% high""}"
e:anomaly:gdp_secondary:2012Q2:cause:industrial_activity,anomaly:gdp_secondary:2012Q2,CANDIDATE_EXPLANATION,cause:industrial_activity,"{""confidence"":""low"",""evidence"":""需要工业增加值、消费、投资或服务业高频指标交叉验证"",""causal_status"":""待补证据""}"
e:anomaly:gdp_primary:2013Q2:derived,anomaly:gdp_primary:2013Q2,DERIVED_FROM,obs:gdp_primary:2013Q2,"{""method"":""log-STL"",""threshold"":""5% medium / 8% high""}"
e:anomaly:gdp_primary:2013Q2:cause:industrial_activity,anomaly:gdp_primary:2013Q2,CANDIDATE_EXPLANATION,cause:industrial_activity,"{""confidence"":""low"",""evidence"":""需要工业增加值、消费、投资或服务业高频指标交叉验证"",""causal_status"":""待补证据""}"
e:anomaly:gdp_primary:2013Q4:derived,anomaly:gdp_primary:2013Q4,DERIVED_FROM,obs:gdp_primary:2013Q4,"{""method"":""log-STL"",""threshold"":""5% medium / 8% high""}"
e:anomaly:gdp_primary:2013Q4:cause:annual_revision,anomaly:gdp_primary:2013Q4,DATA_QUALITY_RISK,cause:annual_revision,"{""confidence"":""high"",""evidence"":""Q4 单季度值由全年累计值差分得到，可能吸收年度核算修订"",""causal_status"":""数据构造风险""}"
e:anomaly:gdp_primary:2013Q4:cause:industrial_activity,anomaly:gdp_primary:2013Q4,CANDIDATE_EXPLANATION,cause:industrial_activity,"{""confidence"":""low"",""evidence"":""需要工业增加值、消费、投资或服务业高频指标交叉验证"",""causal_status"":""待补证据""}"
e:anomaly:gdp_primary:2014Q4:derived,anomaly:gdp_primary:2014Q4,DERIVED_FROM,obs:gdp_primary:2014Q4,"{""method"":""log-STL"",""threshold"":""5% medium / 8% high""}"
e:anomaly:gdp_primary:2014Q4:cause:annual_revision,anomaly:gdp_primary:2014Q4,DATA_QUALITY_RISK,cause:annual_revision,"{""confidence"":""high"",""evidence"":""Q4 单季度值由全年累计值差分得到，可能吸收年度核算修订"",""causal_status"":""数据构造风险""}"
e:anomaly:gdp_primary:2014Q4:cause:industrial_activity,anomaly:gdp_primary:2014Q4,CANDIDATE_EXPLANATION,cause:industrial_activity,"{""confidence"":""low"",""evidence"":""需要工业增加值、消费、投资或服务业高频指标交叉验证"",""causal_status"":""待补证据""}"
e:anomaly:gdp_tertiary:2014Q4:derived,anomaly:gdp_tertiary:2014Q4,DERIVED_FROM,obs:gdp_tertiary:2014Q4,"{""method"":""log-STL"",""threshold"":""5% medium / 8% high""}"
e:anomaly:gdp_tertiary:2014Q4:cause:annual_revision,anomaly:gdp_tertiary:2014Q4,DATA_QUALITY_RISK,cause:annual_revision,"{""confidence"":""high"",""evidence"":""Q4 单季度值由全年累计值差分得到，可能吸收年度核算修订"",""causal_status"":""数据构造风险""}"
e:anomaly:gdp_tertiary:2014Q4:cause:industrial_activity,anomaly:gdp_tertiary:2014Q4,CANDIDATE_EXPLANATION,cause:industrial_activity,"{""confidence"":""low"",""evidence"":""需要工业增加值、消费、投资或服务业高频指标交叉验证"",""causal_status"":""待补证据""}"
e:anomaly:gdp_secondary:2015Q4:derived,anomaly:gdp_secondary:2015Q4,DERIVED_FROM,obs:gdp_secondary:2015Q4,"{""method"":""log-STL"",""threshold"":""5% medium / 8% high""}"
e:anomaly:gdp_secondary:2015Q4:cause:annual_revision,anomaly:gdp_secondary:2015Q4,DATA_QUALITY_RISK,cause:annual_revision,"{""confidence"":""high"",""evidence"":""Q4 单季度值由全年累计值差分得到，可能吸收年度核算修订"",""causal_status"":""数据构造风险""}"
e:anomaly:gdp_secondary:2015Q4:cause:industrial_activity,anomaly:gdp_secondary:2015Q4,CANDIDATE_EXPLANATION,cause:industrial_activity,"{""confidence"":""low"",""evidence"":""需要工业增加值、消费、投资或服务业高频指标交叉验证"",""causal_status"":""待补证据""}"
e:anomaly:gdp_secondary:2017Q3:derived,anomaly:gdp_secondary:2017Q3,DERIVED_FROM,obs:gdp_secondary:2017Q3,"{""method"":""log-STL"",""threshold"":""5% medium / 8% high""}"
e:anomaly:gdp_secondary:2017Q3:cause:industrial_activity,anomaly:gdp_secondary:2017Q3,CANDIDATE_EXPLANATION,cause:industrial_activity,"{""confidence"":""low"",""evidence"":""需要工业增加值、消费、投资或服务业高频指标交叉验证"",""causal_status"":""待补证据""}"
e:anomaly:gdp_primary:2017Q4:derived,anomaly:gdp_primary:2017Q4,DERIVED_FROM,obs:gdp_primary:2017Q4,"{""method"":""log-STL"",""threshold"":""5% medium / 8% high""}"
e:anomaly:gdp_primary:2017Q4:cause:annual_revision,anomaly:gdp_primary:2017Q4,DATA_QUALITY_RISK,cause:annual_revision,"{""confidence"":""high"",""evidence"":""Q4 单季度值由全年累计值差分得到，可能吸收年度核算修订"",""causal_status"":""数据构造风险""}"
e:anomaly:gdp_primary:2017Q4:cause:industrial_activity,anomaly:gdp_primary:2017Q4,CANDIDATE_EXPLANATION,cause:industrial_activity,"{""confidence"":""low"",""evidence"":""需要工业增加值、消费、投资或服务业高频指标交叉验证"",""causal_status"":""待补证据""}"
e:anomaly:gdp_secondary:2017Q4:derived,anomaly:gdp_secondary:2017Q4,DERIVED_FROM,obs:gdp_secondary:2017Q4,"{""method"":""log-STL"",""threshold"":""5% medium / 8% high""}"
e:anomaly:gdp_secondary:2017Q4:cause:annual_revision,anomaly:gdp_secondary:2017Q4,DATA_QUALITY_RISK,cause:annual_revision,"{""confidence"":""high"",""evidence"":""Q4 单季度值由全年累计值差分得到，可能吸收年度核算修订"",""causal_status"":""数据构造风险""}"
e:anomaly:gdp_secondary:2017Q4:cause:industrial_activity,anomaly:gdp_secondary:2017Q4,CANDIDATE_EXPLANATION,cause:industrial_activity,"{""confidence"":""low"",""evidence"":""需要工业增加值、消费、投资或服务业高频指标交叉验证"",""causal_status"":""待补证据""}"
e:anomaly:gdp_primary:2018Q2:derived,anomaly:gdp_primary:2018Q2,DERIVED_FROM,obs:gdp_primary:2018Q2,"{""method"":""log-STL"",""threshold"":""5% medium / 8% high""}"
e:anomaly:gdp_primary:2018Q2:cause:industrial_activity,anomaly:gdp_primary:2018Q2,CANDIDATE_EXPLANATION,cause:industrial_activity,"{""confidence"":""low"",""evidence"":""需要工业增加值、消费、投资或服务业高频指标交叉验证"",""causal_status"":""待补证据""}"
e:anomaly:gdp_secondary:2019Q4:derived,anomaly:gdp_secondary:2019Q4,DERIVED_FROM,obs:gdp_secondary:2019Q4,"{""method"":""log-STL"",""threshold"":""5% medium / 8% high""}"
e:anomaly:gdp_secondary:2019Q4:cause:annual_revision,anomaly:gdp_secondary:2019Q4,DATA_QUALITY_RISK,cause:annual_revision,"{""confidence"":""high"",""evidence"":""Q4 单季度值由全年累计值差分得到，可能吸收年度核算修订"",""causal_status"":""数据构造风险""}"
e:anomaly:gdp_secondary:2019Q4:cause:industrial_activity,anomaly:gdp_secondary:2019Q4,CANDIDATE_EXPLANATION,cause:industrial_activity,"{""confidence"":""low"",""evidence"":""需要工业增加值、消费、投资或服务业高频指标交叉验证"",""causal_status"":""待补证据""}"
e:anomaly:gdp_secondary:2020Q1:derived,anomaly:gdp_secondary:2020Q1,DERIVED_FROM,obs:gdp_secondary:2020Q1,"{""method"":""log-STL"",""threshold"":""5% medium / 8% high""}"
e:anomaly:gdp_secondary:2020Q1:cause:public_health_event,anomaly:gdp_secondary:2020Q1,CANDIDATE_EXPLANATION,cause:public_health_event,"{""confidence"":""medium"",""evidence"":""时间与 2020Q1 公共卫生事件窗口重合；仍需行业停复工证据验证"",""causal_status"":""未验证""}"
e:anomaly:gdp_secondary:2020Q1:cause:industrial_activity,anomaly:gdp_secondary:2020Q1,CANDIDATE_EXPLANATION,cause:industrial_activity,"{""confidence"":""low"",""evidence"":""需要工业增加值、消费、投资或服务业高频指标交叉验证"",""causal_status"":""待补证据""}"
e:anomaly:gdp_tertiary:2020Q1:derived,anomaly:gdp_tertiary:2020Q1,DERIVED_FROM,obs:gdp_tertiary:2020Q1,"{""method"":""log-STL"",""threshold"":""5% medium / 8% high""}"
e:anomaly:gdp_tertiary:2020Q1:cause:industrial_activity,anomaly:gdp_tertiary:2020Q1,CANDIDATE_EXPLANATION,cause:industrial_activity,"{""confidence"":""low"",""evidence"":""需要工业增加值、消费、投资或服务业高频指标交叉验证"",""causal_status"":""待补证据""}"
e:anomaly:electricity:2021-01:derived,anomaly:electricity:2021-01,DERIVED_FROM,obs:electricity:2021-01,"{""method"":""log-STL"",""threshold"":""5% medium / 8% high""}"
e:anomaly:electricity:2021-01:cause:spring_festival_shift,anomaly:electricity:2021-01,CANDIDATE_EXPLANATION,cause:spring_festival_shift,"{""confidence"":""medium"",""evidence"":""异常发生在春节窗口；本月春节放假天数=0"",""causal_status"":""未验证""}"
e:anomaly:electricity:2021-01:cause:industrial_activity,anomaly:electricity:2021-01,CANDIDATE_EXPLANATION,cause:industrial_activity,"{""confidence"":""low"",""evidence"":""全社会用电量受工业生产影响，需要分行业用电和工业增加值交叉验证"",""causal_status"":""待补证据""}"
e:anomaly:electricity:2021-01:cause:policy_or_power_event,anomaly:electricity:2021-01,CANDIDATE_EXPLANATION,cause:policy_or_power_event,"{""confidence"":""low"",""evidence"":""需检索同期电价、需求响应、限电及重大事件记录"",""causal_status"":""待检索""}"
e:anomaly:electricity:2021-01:holiday:holiday:2021:元旦,anomaly:electricity:2021-01,TEMPORALLY_OVERLAPS,holiday:2021:元旦,"{""causal_status"":""时间重合，不代表因果""}"
e:anomaly:electricity:2021-02:derived,anomaly:electricity:2021-02,DERIVED_FROM,obs:electricity:2021-02,"{""method"":""log-STL"",""threshold"":""5% medium / 8% high""}"
e:anomaly:electricity:2021-02:cause:spring_festival_shift,anomaly:electricity:2021-02,CANDIDATE_EXPLANATION,cause:spring_festival_shift,"{""confidence"":""medium"",""evidence"":""异常发生在春节窗口；本月春节放假天数=7"",""causal_status"":""未验证""}"
e:anomaly:electricity:2021-02:cause:industrial_activity,anomaly:electricity:2021-02,CANDIDATE_EXPLANATION,cause:industrial_activity,"{""confidence"":""low"",""evidence"":""全社会用电量受工业生产影响，需要分行业用电和工业增加值交叉验证"",""causal_status"":""待补证据""}"
e:anomaly:electricity:2021-02:cause:policy_or_power_event,anomaly:electricity:2021-02,CANDIDATE_EXPLANATION,cause:policy_or_power_event,"{""confidence"":""low"",""evidence"":""需检索同期电价、需求响应、限电及重大事件记录"",""causal_status"":""待检索""}"
e:anomaly:electricity:2021-02:holiday:holiday:2021:春节,anomaly:electricity:2021-02,TEMPORALLY_OVERLAPS,holiday:2021:春节,"{""causal_status"":""时间重合，不代表因果""}"
e:anomaly:gdp_secondary:2021Q4:derived,anomaly:gdp_secondary:2021Q4,DERIVED_FROM,obs:gdp_secondary:2021Q4,"{""method"":""log-STL"",""threshold"":""5% medium / 8% high""}"
e:anomaly:gdp_secondary:2021Q4:cause:annual_revision,anomaly:gdp_secondary:2021Q4,DATA_QUALITY_RISK,cause:annual_revision,"{""confidence"":""high"",""evidence"":""Q4 单季度值由全年累计值差分得到，可能吸收年度核算修订"",""causal_status"":""数据构造风险""}"
e:anomaly:gdp_secondary:2021Q4:cause:industrial_activity,anomaly:gdp_secondary:2021Q4,CANDIDATE_EXPLANATION,cause:industrial_activity,"{""confidence"":""low"",""evidence"":""需要工业增加值、消费、投资或服务业高频指标交叉验证"",""causal_status"":""待补证据""}"
e:anomaly:electricity:2022-05:derived,anomaly:electricity:2022-05,DERIVED_FROM,obs:electricity:2022-05,"{""method"":""log-STL"",""threshold"":""5% medium / 8% high""}"
e:anomaly:electricity:2022-05:cause:industrial_activity,anomaly:electricity:2022-05,CANDIDATE_EXPLANATION,cause:industrial_activity,"{""confidence"":""low"",""evidence"":""全社会用电量受工业生产影响，需要分行业用电和工业增加值交叉验证"",""causal_status"":""待补证据""}"
e:anomaly:electricity:2022-05:cause:policy_or_power_event,anomaly:electricity:2022-05,CANDIDATE_EXPLANATION,cause:policy_or_power_event,"{""confidence"":""low"",""evidence"":""需检索同期电价、需求响应、限电及重大事件记录"",""causal_status"":""待检索""}"
e:anomaly:electricity:2022-05:holiday:holiday:2022:劳动节,anomaly:electricity:2022-05,TEMPORALLY_OVERLAPS,holiday:2022:劳动节,"{""causal_status"":""时间重合，不代表因果""}"
e:anomaly:electricity:2022-09:derived,anomaly:electricity:2022-09,DERIVED_FROM,obs:electricity:2022-09,"{""method"":""log-STL"",""threshold"":""5% medium / 8% high""}"
e:anomaly:electricity:2022-09:cause:industrial_activity,anomaly:electricity:2022-09,CANDIDATE_EXPLANATION,cause:industrial_activity,"{""confidence"":""low"",""evidence"":""全社会用电量受工业生产影响，需要分行业用电和工业增加值交叉验证"",""causal_status"":""待补证据""}"
e:anomaly:electricity:2022-09:cause:policy_or_power_event,anomaly:electricity:2022-09,CANDIDATE_EXPLANATION,cause:policy_or_power_event,"{""confidence"":""low"",""evidence"":""需检索同期电价、需求响应、限电及重大事件记录"",""causal_status"":""待检索""}"
e:anomaly:electricity:2022-09:holiday:holiday:2022:中秋节,anomaly:electricity:2022-09,TEMPORALLY_OVERLAPS,holiday:2022:中秋节,"{""causal_status"":""时间重合，不代表因果""}"
e:anomaly:gdp_tertiary:2022Q2:derived,anomaly:gdp_tertiary:2022Q2,DERIVED_FROM,obs:gdp_tertiary:2022Q2,"{""method"":""log-STL"",""threshold"":""5% medium / 8% high""}"
e:anomaly:gdp_tertiary:2022Q2:cause:industrial_activity,anomaly:gdp_tertiary:2022Q2,CANDIDATE_EXPLANATION,cause:industrial_activity,"{""confidence"":""low"",""evidence"":""需要工业增加值、消费、投资或服务业高频指标交叉验证"",""causal_status"":""待补证据""}"
e:anomaly:electricity:2023-01:derived,anomaly:electricity:2023-01,DERIVED_FROM,obs:electricity:2023-01,"{""method"":""log-STL"",""threshold"":""5% medium / 8% high""}"
e:anomaly:electricity:2023-01:cause:spring_festival_shift,anomaly:electricity:2023-01,CANDIDATE_EXPLANATION,cause:spring_festival_shift,"{""confidence"":""medium"",""evidence"":""异常发生在春节窗口；本月春节放假天数=7"",""causal_status"":""未验证""}"
e:anomaly:electricity:2023-01:cause:industrial_activity,anomaly:electricity:2023-01,CANDIDATE_EXPLANATION,cause:industrial_activity,"{""confidence"":""low"",""evidence"":""全社会用电量受工业生产影响，需要分行业用电和工业增加值交叉验证"",""causal_status"":""待补证据""}"
e:anomaly:electricity:2023-01:cause:policy_or_power_event,anomaly:electricity:2023-01,CANDIDATE_EXPLANATION,cause:policy_or_power_event,"{""confidence"":""low"",""evidence"":""需检索同期电价、需求响应、限电及重大事件记录"",""causal_status"":""待检索""}"
e:anomaly:electricity:2023-01:holiday:holiday:2023:元旦,anomaly:electricity:2023-01,TEMPORALLY_OVERLAPS,holiday:2023:元旦,"{""causal_status"":""时间重合，不代表因果""}"
e:anomaly:electricity:2023-01:holiday:holiday:2023:春节,anomaly:electricity:2023-01,TEMPORALLY_OVERLAPS,holiday:2023:春节,"{""causal_status"":""时间重合，不代表因果""}"
e:anomaly:electricity:2023-02:derived,anomaly:electricity:2023-02,DERIVED_FROM,obs:electricity:2023-02,"{""method"":""log-STL"",""threshold"":""5% medium / 8% high""}"
e:anomaly:electricity:2023-02:cause:spring_festival_shift,anomaly:electricity:2023-02,CANDIDATE_EXPLANATION,cause:spring_festival_shift,"{""confidence"":""medium"",""evidence"":""异常发生在春节窗口；本月春节放假天数=0"",""causal_status"":""未验证""}"
e:anomaly:electricity:2023-02:cause:industrial_activity,anomaly:electricity:2023-02,CANDIDATE_EXPLANATION,cause:industrial_activity,"{""confidence"":""low"",""evidence"":""全社会用电量受工业生产影响，需要分行业用电和工业增加值交叉验证"",""causal_status"":""待补证据""}"
e:anomaly:electricity:2023-02:cause:policy_or_power_event,anomaly:electricity:2023-02,CANDIDATE_EXPLANATION,cause:policy_or_power_event,"{""confidence"":""low"",""evidence"":""需检索同期电价、需求响应、限电及重大事件记录"",""causal_status"":""待检索""}"
e:anomaly:electricity:2023-08:derived,anomaly:electricity:2023-08,DERIVED_FROM,obs:electricity:2023-08,"{""method"":""log-STL"",""threshold"":""5% medium / 8% high""}"
e:anomaly:electricity:2023-08:cause:weather_temperature,anomaly:electricity:2023-08,CANDIDATE_EXPLANATION,cause:weather_temperature,"{""confidence"":""low"",""evidence"":""异常月份位于夏季高温负荷窗口；尚未接入气象数据"",""causal_status"":""待补证据""}"
e:anomaly:electricity:2023-08:cause:industrial_activity,anomaly:electricity:2023-08,CANDIDATE_EXPLANATION,cause:industrial_activity,"{""confidence"":""low"",""evidence"":""全社会用电量受工业生产影响，需要分行业用电和工业增加值交叉验证"",""causal_status"":""待补证据""}"
e:anomaly:electricity:2023-08:cause:policy_or_power_event,anomaly:electricity:2023-08,CANDIDATE_EXPLANATION,cause:policy_or_power_event,"{""confidence"":""low"",""evidence"":""需检索同期电价、需求响应、限电及重大事件记录"",""causal_status"":""待检索""}"
e:anomaly:electricity:2023-09:derived,anomaly:electricity:2023-09,DERIVED_FROM,obs:electricity:2023-09,"{""method"":""log-STL"",""threshold"":""5% medium / 8% high""}"
e:anomaly:electricity:2023-09:cause:industrial_activity,anomaly:electricity:2023-09,CANDIDATE_EXPLANATION,cause:industrial_activity,"{""confidence"":""low"",""evidence"":""全社会用电量受工业生产影响，需要分行业用电和工业增加值交叉验证"",""causal_status"":""待补证据""}"
e:anomaly:electricity:2023-09:cause:policy_or_power_event,anomaly:electricity:2023-09,CANDIDATE_EXPLANATION,cause:policy_or_power_event,"{""confidence"":""low"",""evidence"":""需检索同期电价、需求响应、限电及重大事件记录"",""causal_status"":""待检索""}"
e:anomaly:electricity:2023-09:holiday:holiday:2023:中秋节+国庆节,anomaly:electricity:2023-09,TEMPORALLY_OVERLAPS,holiday:2023:中秋节+国庆节,"{""causal_status"":""时间重合，不代表因果""}"
e:anomaly:gdp_primary:2023Q4:derived,anomaly:gdp_primary:2023Q4,DERIVED_FROM,obs:gdp_primary:2023Q4,"{""method"":""log-STL"",""threshold"":""5% medium / 8% high""}"
e:anomaly:gdp_primary:2023Q4:cause:annual_revision,anomaly:gdp_primary:2023Q4,DATA_QUALITY_RISK,cause:annual_revision,"{""confidence"":""high"",""evidence"":""Q4 单季度值由全年累计值差分得到，可能吸收年度核算修订"",""causal_status"":""数据构造风险""}"
e:anomaly:gdp_primary:2023Q4:cause:industrial_activity,anomaly:gdp_primary:2023Q4,CANDIDATE_EXPLANATION,cause:industrial_activity,"{""confidence"":""low"",""evidence"":""需要工业增加值、消费、投资或服务业高频指标交叉验证"",""causal_status"":""待补证据""}"
e:anomaly:electricity:2024-01:derived,anomaly:electricity:2024-01,DERIVED_FROM,obs:electricity:2024-01,"{""method"":""log-STL"",""threshold"":""5% medium / 8% high""}"
e:anomaly:electricity:2024-01:cause:spring_festival_shift,anomaly:electricity:2024-01,CANDIDATE_EXPLANATION,cause:spring_festival_shift,"{""confidence"":""medium"",""evidence"":""异常发生在春节窗口；本月春节放假天数=0"",""causal_status"":""未验证""}"
e:anomaly:electricity:2024-01:cause:industrial_activity,anomaly:electricity:2024-01,CANDIDATE_EXPLANATION,cause:industrial_activity,"{""confidence"":""low"",""evidence"":""全社会用电量受工业生产影响，需要分行业用电和工业增加值交叉验证"",""causal_status"":""待补证据""}"
e:anomaly:electricity:2024-01:cause:policy_or_power_event,anomaly:electricity:2024-01,CANDIDATE_EXPLANATION,cause:policy_or_power_event,"{""confidence"":""low"",""evidence"":""需检索同期电价、需求响应、限电及重大事件记录"",""causal_status"":""待检索""}"
e:anomaly:electricity:2024-01:holiday:holiday:2024:元旦,anomaly:electricity:2024-01,TEMPORALLY_OVERLAPS,holiday:2024:元旦,"{""causal_status"":""时间重合，不代表因果""}"
e:anomaly:electricity:2024-02:derived,anomaly:electricity:2024-02,DERIVED_FROM,obs:electricity:2024-02,"{""method"":""log-STL"",""threshold"":""5% medium / 8% high""}"
e:anomaly:electricity:2024-02:cause:spring_festival_shift,anomaly:electricity:2024-02,CANDIDATE_EXPLANATION,cause:spring_festival_shift,"{""confidence"":""medium"",""evidence"":""异常发生在春节窗口；本月春节放假天数=8"",""causal_status"":""未验证""}"
e:anomaly:electricity:2024-02:cause:industrial_activity,anomaly:electricity:2024-02,CANDIDATE_EXPLANATION,cause:industrial_activity,"{""confidence"":""low"",""evidence"":""全社会用电量受工业生产影响，需要分行业用电和工业增加值交叉验证"",""causal_status"":""待补证据""}"
e:anomaly:electricity:2024-02:cause:policy_or_power_event,anomaly:electricity:2024-02,CANDIDATE_EXPLANATION,cause:policy_or_power_event,"{""confidence"":""low"",""evidence"":""需检索同期电价、需求响应、限电及重大事件记录"",""causal_status"":""待检索""}"
e:anomaly:electricity:2024-02:holiday:holiday:2024:春节,anomaly:electricity:2024-02,TEMPORALLY_OVERLAPS,holiday:2024:春节,"{""causal_status"":""时间重合，不代表因果""}"
e:anomaly:gdp_primary:2024Q1:derived,anomaly:gdp_primary:2024Q1,DERIVED_FROM,obs:gdp_primary:2024Q1,"{""method"":""log-STL"",""threshold"":""5% medium / 8% high""}"
e:anomaly:gdp_primary:2024Q1:cause:industrial_activity,anomaly:gdp_primary:2024Q1,CANDIDATE_EXPLANATION,cause:industrial_activity,"{""confidence"":""low"",""evidence"":""需要工业增加值、消费、投资或服务业高频指标交叉验证"",""causal_status"":""待补证据""}"
e:anomaly:gdp_primary:2024Q4:derived,anomaly:gdp_primary:2024Q4,DERIVED_FROM,obs:gdp_primary:2024Q4,"{""method"":""log-STL"",""threshold"":""5% medium / 8% high""}"
e:anomaly:gdp_primary:2024Q4:cause:annual_revision,anomaly:gdp_primary:2024Q4,DATA_QUALITY_RISK,cause:annual_revision,"{""confidence"":""high"",""evidence"":""Q4 单季度值由全年累计值差分得到，可能吸收年度核算修订"",""causal_status"":""数据构造风险""}"
e:anomaly:gdp_primary:2024Q4:cause:industrial_activity,anomaly:gdp_primary:2024Q4,CANDIDATE_EXPLANATION,cause:industrial_activity,"{""confidence"":""low"",""evidence"":""需要工业增加值、消费、投资或服务业高频指标交叉验证"",""causal_status"":""待补证据""}"
e:anomaly:gdp_secondary:2024Q4:derived,anomaly:gdp_secondary:2024Q4,DERIVED_FROM,obs:gdp_secondary:2024Q4,"{""method"":""log-STL"",""threshold"":""5% medium / 8% high""}"
e:anomaly:gdp_secondary:2024Q4:cause:annual_revision,anomaly:gdp_secondary:2024Q4,DATA_QUALITY_RISK,cause:annual_revision,"{""confidence"":""high"",""evidence"":""Q4 单季度值由全年累计值差分得到，可能吸收年度核算修订"",""causal_status"":""数据构造风险""}"
e:anomaly:gdp_secondary:2024Q4:cause:industrial_activity,anomaly:gdp_secondary:2024Q4,CANDIDATE_EXPLANATION,cause:industrial_activity,"{""confidence"":""low"",""evidence"":""需要工业增加值、消费、投资或服务业高频指标交叉验证"",""causal_status"":""待补证据""}"
e:anomaly:gdp_tertiary:2024Q4:derived,anomaly:gdp_tertiary:2024Q4,DERIVED_FROM,obs:gdp_tertiary:2024Q4,"{""method"":""log-STL"",""threshold"":""5% medium / 8% high""}"
e:anomaly:gdp_tertiary:2024Q4:cause:annual_revision,anomaly:gdp_tertiary:2024Q4,DATA_QUALITY_RISK,cause:annual_revision,"{""confidence"":""high"",""evidence"":""Q4 单季度值由全年累计值差分得到，可能吸收年度核算修订"",""causal_status"":""数据构造风险""}"
e:anomaly:gdp_tertiary:2024Q4:cause:industrial_activity,anomaly:gdp_tertiary:2024Q4,CANDIDATE_EXPLANATION,cause:industrial_activity,"{""confidence"":""low"",""evidence"":""需要工业增加值、消费、投资或服务业高频指标交叉验证"",""causal_status"":""待补证据""}"
e:anomaly:gdp_tertiary:2025Q4:derived,anomaly:gdp_tertiary:2025Q4,DERIVED_FROM,obs:gdp_tertiary:2025Q4,"{""method"":""log-STL"",""threshold"":""5% medium / 8% high""}"
e:anomaly:gdp_tertiary:2025Q4:cause:annual_revision,anomaly:gdp_tertiary:2025Q4,DATA_QUALITY_RISK,cause:annual_revision,"{""confidence"":""high"",""evidence"":""Q4 单季度值由全年累计值差分得到，可能吸收年度核算修订"",""causal_status"":""数据构造风险""}"
e:anomaly:gdp_tertiary:2025Q4:cause:industrial_activity,anomaly:gdp_tertiary:2025Q4,CANDIDATE_EXPLANATION,cause:industrial_activity,"{""confidence"":""low"",""evidence"":""需要工业增加值、消费、投资或服务业高频指标交叉验证"",""causal_status"":""待补证据""}"
