node_id,node_type,name,properties_json
region:CN-ZJ,Region,浙江省,"{""code"":""CN-ZJ""}"
metric:electricity_total_monthly,Metric,全社会用电量,"{""unit"":""亿千瓦时""}"
metric:gdp_primary_quarterly,Metric,第一产业单季度增加值,"{""unit"":""亿元""}"
metric:gdp_secondary_quarterly,Metric,第二产业单季度增加值,"{""unit"":""亿元""}"
metric:gdp_tertiary_quarterly,Metric,第三产业单季度增加值,"{""unit"":""亿元""}"
cause:spring_festival_shift,CauseHypothesis,春节移动假日与停复工节奏,"{""name"":""春节移动假日与停复工节奏"",""category"":""holiday"",""required_evidence"":[""春节日期"",""制造业开工率"",""分行业用电量""]}"
cause:weather_temperature,CauseHypothesis,极端温度与制冷/采暖负荷,"{""name"":""极端温度与制冷/采暖负荷"",""category"":""weather"",""required_evidence"":[""逐日平均/最高温度"",""空调用电负荷"",""高温日数""]}"
cause:industrial_activity,CauseHypothesis,工业生产与订单变化,"{""name"":""工业生产与订单变化"",""category"":""economy"",""required_evidence"":[""规上工业增加值"",""PMI/订单"",""第二产业分行业用电量""]}"
cause:policy_or_power_event,CauseHypothesis,电价、需求响应、限电或重大政策事件,"{""name"":""电价、需求响应、限电或重大政策事件"",""category"":""policy_event"",""required_evidence"":[""政策发布时间"",""需求响应记录"",""电网运行事件""]}"
cause:annual_revision,CauseHypothesis,累计值差分与年度核算修订,"{""name"":""累计值差分与年度核算修订"",""category"":""data_quality"",""required_evidence"":[""GDP 历史版本/数据 vintage"",""官方单季度值""]}"
cause:public_health_event,CauseHypothesis,公共卫生事件及管控冲击,"{""name"":""公共卫生事件及管控冲击"",""category"":""event"",""required_evidence"":[""事件时间线"",""交通/复工数据"",""行业停工范围""]}"
holiday:2021:元旦,HolidayEvent,元旦,"{""start_date"":""2021-01-01"",""end_date"":""2021-01-03"",""days"":3,""source_url"":""https://app.www.gov.cn/govdata/gov/202011/25/465322/article.html""}"
makeup_workday:2021:2021-02-07,MakeupWorkday,春节,"{""start_date"":""2021-02-07"",""end_date"":""2021-02-07"",""days"":1,""source_url"":""https://app.www.gov.cn/govdata/gov/202011/25/465322/article.html""}"
holiday:2021:春节,HolidayEvent,春节,"{""start_date"":""2021-02-11"",""end_date"":""2021-02-17"",""days"":7,""source_url"":""https://app.www.gov.cn/govdata/gov/202011/25/465322/article.html""}"
makeup_workday:2021:2021-02-20,MakeupWorkday,春节,"{""start_date"":""2021-02-20"",""end_date"":""2021-02-20"",""days"":1,""source_url"":""https://app.www.gov.cn/govdata/gov/202011/25/465322/article.html""}"
holiday:2021:清明节,HolidayEvent,清明节,"{""start_date"":""2021-04-03"",""end_date"":""2021-04-05"",""days"":3,""source_url"":""https://app.www.gov.cn/govdata/gov/202011/25/465322/article.html""}"
makeup_workday:2021:2021-04-25,MakeupWorkday,劳动节,"{""start_date"":""2021-04-25"",""end_date"":""2021-04-25"",""days"":1,""source_url"":""https://app.www.gov.cn/govdata/gov/202011/25/465322/article.html""}"
holiday:2021:劳动节,HolidayEvent,劳动节,"{""start_date"":""2021-05-01"",""end_date"":""2021-05-05"",""days"":5,""source_url"":""https://app.www.gov.cn/govdata/gov/202011/25/465322/article.html""}"
makeup_workday:2021:2021-05-08,MakeupWorkday,劳动节,"{""start_date"":""2021-05-08"",""end_date"":""2021-05-08"",""days"":1,""source_url"":""https://app.www.gov.cn/govdata/gov/202011/25/465322/article.html""}"
holiday:2021:端午节,HolidayEvent,端午节,"{""start_date"":""2021-06-12"",""end_date"":""2021-06-14"",""days"":3,""source_url"":""https://app.www.gov.cn/govdata/gov/202011/25/465322/article.html""}"
makeup_workday:2021:2021-09-18,MakeupWorkday,中秋节,"{""start_date"":""2021-09-18"",""end_date"":""2021-09-18"",""days"":1,""source_url"":""https://app.www.gov.cn/govdata/gov/202011/25/465322/article.html""}"
holiday:2021:中秋节,HolidayEvent,中秋节,"{""start_date"":""2021-09-19"",""end_date"":""2021-09-21"",""days"":3,""source_url"":""https://app.www.gov.cn/govdata/gov/202011/25/465322/article.html""}"
makeup_workday:2021:2021-09-26,MakeupWorkday,国庆节,"{""start_date"":""2021-09-26"",""end_date"":""2021-09-26"",""days"":1,""source_url"":""https://app.www.gov.cn/govdata/gov/202011/25/465322/article.html""}"
holiday:2021:国庆节,HolidayEvent,国庆节,"{""start_date"":""2021-10-01"",""end_date"":""2021-10-07"",""days"":7,""source_url"":""https://app.www.gov.cn/govdata/gov/202011/25/465322/article.html""}"
makeup_workday:2021:2021-10-09,MakeupWorkday,国庆节,"{""start_date"":""2021-10-09"",""end_date"":""2021-10-09"",""days"":1,""source_url"":""https://app.www.gov.cn/govdata/gov/202011/25/465322/article.html""}"
holiday:2022:元旦,HolidayEvent,元旦,"{""start_date"":""2022-01-01"",""end_date"":""2022-01-03"",""days"":3,""source_url"":""https://app.www.gov.cn/govdata/gov/202110/25/477428/article.html""}"
makeup_workday:2022:2022-01-29,MakeupWorkday,春节,"{""start_date"":""2022-01-29"",""end_date"":""2022-01-29"",""days"":1,""source_url"":""https://app.www.gov.cn/govdata/gov/202110/25/477428/article.html""}"
makeup_workday:2022:2022-01-30,MakeupWorkday,春节,"{""start_date"":""2022-01-30"",""end_date"":""2022-01-30"",""days"":1,""source_url"":""https://app.www.gov.cn/govdata/gov/202110/25/477428/article.html""}"
holiday:2022:春节,HolidayEvent,春节,"{""start_date"":""2022-01-31"",""end_date"":""2022-02-06"",""days"":7,""source_url"":""https://app.www.gov.cn/govdata/gov/202110/25/477428/article.html""}"
makeup_workday:2022:2022-04-02,MakeupWorkday,清明节,"{""start_date"":""2022-04-02"",""end_date"":""2022-04-02"",""days"":1,""source_url"":""https://app.www.gov.cn/govdata/gov/202110/25/477428/article.html""}"
holiday:2022:清明节,HolidayEvent,清明节,"{""start_date"":""2022-04-03"",""end_date"":""2022-04-05"",""days"":3,""source_url"":""https://app.www.gov.cn/govdata/gov/202110/25/477428/article.html""}"
makeup_workday:2022:2022-04-24,MakeupWorkday,劳动节,"{""start_date"":""2022-04-24"",""end_date"":""2022-04-24"",""days"":1,""source_url"":""https://app.www.gov.cn/govdata/gov/202110/25/477428/article.html""}"
holiday:2022:劳动节,HolidayEvent,劳动节,"{""start_date"":""2022-04-30"",""end_date"":""2022-05-04"",""days"":5,""source_url"":""https://app.www.gov.cn/govdata/gov/202110/25/477428/article.html""}"
makeup_workday:2022:2022-05-07,MakeupWorkday,劳动节,"{""start_date"":""2022-05-07"",""end_date"":""2022-05-07"",""days"":1,""source_url"":""https://app.www.gov.cn/govdata/gov/202110/25/477428/article.html""}"
holiday:2022:端午节,HolidayEvent,端午节,"{""start_date"":""2022-06-03"",""end_date"":""2022-06-05"",""days"":3,""source_url"":""https://app.www.gov.cn/govdata/gov/202110/25/477428/article.html""}"
holiday:2022:中秋节,HolidayEvent,中秋节,"{""start_date"":""2022-09-10"",""end_date"":""2022-09-12"",""days"":3,""source_url"":""https://app.www.gov.cn/govdata/gov/202110/25/477428/article.html""}"
holiday:2022:国庆节,HolidayEvent,国庆节,"{""start_date"":""2022-10-01"",""end_date"":""2022-10-07"",""days"":7,""source_url"":""https://app.www.gov.cn/govdata/gov/202110/25/477428/article.html""}"
makeup_workday:2022:2022-10-08,MakeupWorkday,国庆节,"{""start_date"":""2022-10-08"",""end_date"":""2022-10-08"",""days"":1,""source_url"":""https://app.www.gov.cn/govdata/gov/202110/25/477428/article.html""}"
makeup_workday:2022:2022-10-09,MakeupWorkday,国庆节,"{""start_date"":""2022-10-09"",""end_date"":""2022-10-09"",""days"":1,""source_url"":""https://app.www.gov.cn/govdata/gov/202110/25/477428/article.html""}"
holiday:2023:元旦,HolidayEvent,元旦,"{""start_date"":""2022-12-31"",""end_date"":""2023-01-02"",""days"":3,""source_url"":""https://app.www.gov.cn/govdata/gov/202212/08/495070/article.html""}"
holiday:2023:春节,HolidayEvent,春节,"{""start_date"":""2023-01-21"",""end_date"":""2023-01-27"",""days"":7,""source_url"":""https://app.www.gov.cn/govdata/gov/202212/08/495070/article.html""}"
makeup_workday:2023:2023-01-28,MakeupWorkday,春节,"{""start_date"":""2023-01-28"",""end_date"":""2023-01-28"",""days"":1,""source_url"":""https://app.www.gov.cn/govdata/gov/202212/08/495070/article.html""}"
makeup_workday:2023:2023-01-29,MakeupWorkday,春节,"{""start_date"":""2023-01-29"",""end_date"":""2023-01-29"",""days"":1,""source_url"":""https://app.www.gov.cn/govdata/gov/202212/08/495070/article.html""}"
holiday:2023:清明节,HolidayEvent,清明节,"{""start_date"":""2023-04-05"",""end_date"":""2023-04-05"",""days"":1,""source_url"":""https://app.www.gov.cn/govdata/gov/202212/08/495070/article.html""}"
makeup_workday:2023:2023-04-23,MakeupWorkday,劳动节,"{""start_date"":""2023-04-23"",""end_date"":""2023-04-23"",""days"":1,""source_url"":""https://app.www.gov.cn/govdata/gov/202212/08/495070/article.html""}"
holiday:2023:劳动节,HolidayEvent,劳动节,"{""start_date"":""2023-04-29"",""end_date"":""2023-05-03"",""days"":5,""source_url"":""https://app.www.gov.cn/govdata/gov/202212/08/495070/article.html""}"
makeup_workday:2023:2023-05-06,MakeupWorkday,劳动节,"{""start_date"":""2023-05-06"",""end_date"":""2023-05-06"",""days"":1,""source_url"":""https://app.www.gov.cn/govdata/gov/202212/08/495070/article.html""}"
holiday:2023:端午节,HolidayEvent,端午节,"{""start_date"":""2023-06-22"",""end_date"":""2023-06-24"",""days"":3,""source_url"":""https://app.www.gov.cn/govdata/gov/202212/08/495070/article.html""}"
makeup_workday:2023:2023-06-25,MakeupWorkday,端午节,"{""start_date"":""2023-06-25"",""end_date"":""2023-06-25"",""days"":1,""source_url"":""https://app.www.gov.cn/govdata/gov/202212/08/495070/article.html""}"
holiday:2023:中秋节+国庆节,HolidayEvent,中秋节+国庆节,"{""start_date"":""2023-09-29"",""end_date"":""2023-10-06"",""days"":8,""source_url"":""https://app.www.gov.cn/govdata/gov/202212/08/495070/article.html""}"
makeup_workday:2023:2023-10-07,MakeupWorkday,中秋节+国庆节,"{""start_date"":""2023-10-07"",""end_date"":""2023-10-07"",""days"":1,""source_url"":""https://app.www.gov.cn/govdata/gov/202212/08/495070/article.html""}"
makeup_workday:2023:2023-10-08,MakeupWorkday,中秋节+国庆节,"{""start_date"":""2023-10-08"",""end_date"":""2023-10-08"",""days"":1,""source_url"":""https://app.www.gov.cn/govdata/gov/202212/08/495070/article.html""}"
holiday:2024:元旦,HolidayEvent,元旦,"{""start_date"":""2024-01-01"",""end_date"":""2024-01-01"",""days"":1,""source_url"":""https://app.www.gov.cn/govdata/gov/202310/25/508678/article.html""}"
makeup_workday:2024:2024-02-04,MakeupWorkday,春节,"{""start_date"":""2024-02-04"",""end_date"":""2024-02-04"",""days"":1,""source_url"":""https://app.www.gov.cn/govdata/gov/202310/25/508678/article.html""}"
holiday:2024:春节,HolidayEvent,春节,"{""start_date"":""2024-02-10"",""end_date"":""2024-02-17"",""days"":8,""source_url"":""https://app.www.gov.cn/govdata/gov/202310/25/508678/article.html""}"
makeup_workday:2024:2024-02-18,MakeupWorkday,春节,"{""start_date"":""2024-02-18"",""end_date"":""2024-02-18"",""days"":1,""source_url"":""https://app.www.gov.cn/govdata/gov/202310/25/508678/article.html""}"
holiday:2024:清明节,HolidayEvent,清明节,"{""start_date"":""2024-04-04"",""end_date"":""2024-04-06"",""days"":3,""source_url"":""https://app.www.gov.cn/govdata/gov/202310/25/508678/article.html""}"
makeup_workday:2024:2024-04-07,MakeupWorkday,清明节,"{""start_date"":""2024-04-07"",""end_date"":""2024-04-07"",""days"":1,""source_url"":""https://app.www.gov.cn/govdata/gov/202310/25/508678/article.html""}"
makeup_workday:2024:2024-04-28,MakeupWorkday,劳动节,"{""start_date"":""2024-04-28"",""end_date"":""2024-04-28"",""days"":1,""source_url"":""https://app.www.gov.cn/govdata/gov/202310/25/508678/article.html""}"
holiday:2024:劳动节,HolidayEvent,劳动节,"{""start_date"":""2024-05-01"",""end_date"":""2024-05-05"",""days"":5,""source_url"":""https://app.www.gov.cn/govdata/gov/202310/25/508678/article.html""}"
makeup_workday:2024:2024-05-11,MakeupWorkday,劳动节,"{""start_date"":""2024-05-11"",""end_date"":""2024-05-11"",""days"":1,""source_url"":""https://app.www.gov.cn/govdata/gov/202310/25/508678/article.html""}"
holiday:2024:端午节,HolidayEvent,端午节,"{""start_date"":""2024-06-10"",""end_date"":""2024-06-10"",""days"":1,""source_url"":""https://app.www.gov.cn/govdata/gov/202310/25/508678/article.html""}"
makeup_workday:2024:2024-09-14,MakeupWorkday,中秋节,"{""start_date"":""2024-09-14"",""end_date"":""2024-09-14"",""days"":1,""source_url"":""https://app.www.gov.cn/govdata/gov/202310/25/508678/article.html""}"
holiday:2024:中秋节,HolidayEvent,中秋节,"{""start_date"":""2024-09-15"",""end_date"":""2024-09-17"",""days"":3,""source_url"":""https://app.www.gov.cn/govdata/gov/202310/25/508678/article.html""}"
makeup_workday:2024:2024-09-29,MakeupWorkday,国庆节,"{""start_date"":""2024-09-29"",""end_date"":""2024-09-29"",""days"":1,""source_url"":""https://app.www.gov.cn/govdata/gov/202310/25/508678/article.html""}"
holiday:2024:国庆节,HolidayEvent,国庆节,"{""start_date"":""2024-10-01"",""end_date"":""2024-10-07"",""days"":7,""source_url"":""https://app.www.gov.cn/govdata/gov/202310/25/508678/article.html""}"
makeup_workday:2024:2024-10-12,MakeupWorkday,国庆节,"{""start_date"":""2024-10-12"",""end_date"":""2024-10-12"",""days"":1,""source_url"":""https://app.www.gov.cn/govdata/gov/202310/25/508678/article.html""}"
holiday:2025:元旦,HolidayEvent,元旦,"{""start_date"":""2025-01-01"",""end_date"":""2025-01-01"",""days"":1,""source_url"":""https://www.gov.cn/zhengce/content/202411/content_6986382.htm""}"
makeup_workday:2025:2025-01-26,MakeupWorkday,春节,"{""start_date"":""2025-01-26"",""end_date"":""2025-01-26"",""days"":1,""source_url"":""https://www.gov.cn/zhengce/content/202411/content_6986382.htm""}"
holiday:2025:春节,HolidayEvent,春节,"{""start_date"":""2025-01-28"",""end_date"":""2025-02-04"",""days"":8,""source_url"":""https://www.gov.cn/zhengce/content/202411/content_6986382.htm""}"
makeup_workday:2025:2025-02-08,MakeupWorkday,春节,"{""start_date"":""2025-02-08"",""end_date"":""2025-02-08"",""days"":1,""source_url"":""https://www.gov.cn/zhengce/content/202411/content_6986382.htm""}"
holiday:2025:清明节,HolidayEvent,清明节,"{""start_date"":""2025-04-04"",""end_date"":""2025-04-06"",""days"":3,""source_url"":""https://www.gov.cn/zhengce/content/202411/content_6986382.htm""}"
makeup_workday:2025:2025-04-27,MakeupWorkday,劳动节,"{""start_date"":""2025-04-27"",""end_date"":""2025-04-27"",""days"":1,""source_url"":""https://www.gov.cn/zhengce/content/202411/content_6986382.htm""}"
holiday:2025:劳动节,HolidayEvent,劳动节,"{""start_date"":""2025-05-01"",""end_date"":""2025-05-05"",""days"":5,""source_url"":""https://www.gov.cn/zhengce/content/202411/content_6986382.htm""}"
holiday:2025:端午节,HolidayEvent,端午节,"{""start_date"":""2025-05-31"",""end_date"":""2025-06-02"",""days"":3,""source_url"":""https://www.gov.cn/zhengce/content/202411/content_6986382.htm""}"
makeup_workday:2025:2025-09-28,MakeupWorkday,国庆节+中秋节,"{""start_date"":""2025-09-28"",""end_date"":""2025-09-28"",""days"":1,""source_url"":""https://www.gov.cn/zhengce/content/202411/content_6986382.htm""}"
holiday:2025:国庆节+中秋节,HolidayEvent,国庆节+中秋节,"{""start_date"":""2025-10-01"",""end_date"":""2025-10-08"",""days"":8,""source_url"":""https://www.gov.cn/zhengce/content/202411/content_6986382.htm""}"
makeup_workday:2025:2025-10-11,MakeupWorkday,国庆节+中秋节,"{""start_date"":""2025-10-11"",""end_date"":""2025-10-11"",""days"":1,""source_url"":""https://www.gov.cn/zhengce/content/202411/content_6986382.htm""}"
period:M:2021-01,TimePeriod,2021-01,"{""frequency"":""M"",""start"":""2021-01-01""}"
obs:electricity:2021-01,Observation,浙江全社会用电量 2021-01,"{""value"":465.5998,""expected"":422.7499879800427,""residual_pct"":0.10135970014972573,""trend_level"":450.3299111028342,""seasonal_factor"":0.9387561819838935}"
period:M:2021-02,TimePeriod,2021-02,"{""frequency"":""M"",""start"":""2021-02-01""}"
obs:electricity:2021-02,Observation,浙江全社会用电量 2021-02,"{""value"":256.1031,""expected"":357.88967032014205,""residual_pct"":-0.2844076785705807,""trend_level"":452.0707252770856,""seasonal_factor"":0.7916674323487378}"
period:M:2021-03,TimePeriod,2021-03,"{""frequency"":""M"",""start"":""2021-03-01""}"
obs:electricity:2021-03,Observation,浙江全社会用电量 2021-03,"{""value"":447.4071,""expected"":449.4076625512354,""residual_pct"":-0.004451554163269922,""trend_level"":453.81677418712144,""seasonal_factor"":0.9902843793207433}"
period:M:2021-04,TimePeriod,2021-04,"{""frequency"":""M"",""start"":""2021-04-01""}"
obs:electricity:2021-04,Observation,浙江全社会用电量 2021-04,"{""value"":433.6378,""expected"":432.7629516835062,""residual_pct"":0.0020215416155440202,""trend_level"":455.569458121705,""seasonal_factor"":0.949938464856206}"
period:M:2021-05,TimePeriod,2021-05,"{""frequency"":""M"",""start"":""2021-05-01""}"
obs:electricity:2021-05,Observation,浙江全社会用电量 2021-05,"{""value"":452.5544,""expected"":451.8479843413312,""residual_pct"":0.0015633922981830306,""trend_level"":457.33286177423247,""seasonal_factor"":0.9880068154043806}"
period:M:2021-06,TimePeriod,2021-06,"{""frequency"":""M"",""start"":""2021-06-01""}"
obs:electricity:2021-06,Observation,浙江全社会用电量 2021-06,"{""value"":478.0096,""expected"":475.68897305522603,""residual_pct"":0.004878454360354834,""trend_level"":459.1109170470463,""seasonal_factor"":1.0361090433545077}"
period:M:2021-07,TimePeriod,2021-07,"{""frequency"":""M"",""start"":""2021-07-01""}"
obs:electricity:2021-07,Observation,浙江全社会用电量 2021-07,"{""value"":562.7703,""expected"":562.724219393477,""residual_pct"":8.188843652878752e-05,""trend_level"":460.9059773804556,""seasonal_factor"":1.2209089207124246}"
period:M:2021-08,TimePeriod,2021-08,"{""frequency"":""M"",""start"":""2021-08-01""}"
obs:electricity:2021-08,Observation,浙江全社会用电量 2021-08,"{""value"":561.889,""expected"":562.0469999808965,""residual_pct"":-0.0002811152464151645,""trend_level"":462.71692567307343,""seasonal_factor"":1.2146670432756186}"
period:M:2021-09,TimePeriod,2021-09,"{""frequency"":""M"",""start"":""2021-09-01""}"
obs:electricity:2021-09,Observation,浙江全社会用电量 2021-09,"{""value"":512.2877,""expected"":512.4246698066898,""residual_pct"":-0.0002672974483088897,""trend_level"":464.53898582495174,""seasonal_factor"":1.103082164130316}"
period:M:2021-10,TimePeriod,2021-10,"{""frequency"":""M"",""start"":""2021-10-01""}"
obs:electricity:2021-10,Observation,浙江全社会用电量 2021-10,"{""value"":430.1101,""expected"":432.3755622079639,""residual_pct"":-0.005239570424367068,""trend_level"":466.3619600489726,""seasonal_factor"":0.9271244210453189}"
period:M:2021-11,TimePeriod,2021-11,"{""frequency"":""M"",""start"":""2021-11-01""}"
obs:electricity:2021-11,Observation,浙江全社会用电量 2021-11,"{""value"":437.2489,""expected"":437.6941443066115,""residual_pct"":-0.0010172498590697021,""trend_level"":468.16953325742173,""seasonal_factor"":0.9349052281579088}"
period:M:2021-12,TimePeriod,2021-12,"{""frequency"":""M"",""start"":""2021-12-01""}"
obs:electricity:2021-12,Observation,浙江全社会用电量 2021-12,"{""value"":476.4931,""expected"":477.1739093804905,""residual_pct"":-0.0014267531545770762,""trend_level"":469.96622404771523,""seasonal_factor"":1.0153366028534925}"
period:M:2022-01,TimePeriod,2022-01,"{""frequency"":""M"",""start"":""2022-01-01""}"
obs:electricity:2022-01,Observation,浙江全社会用电量 2022-01,"{""value"":431.338,""expected"":431.4312113686928,""residual_pct"":-0.00021605151930725874,""trend_level"":471.8250196076261,""seasonal_factor"":0.9143881596772352}"
period:M:2022-02,TimePeriod,2022-02,"{""frequency"":""M"",""start"":""2022-02-01""}"
obs:electricity:2022-02,Observation,浙江全社会用电量 2022-02,"{""value"":375.7401,""expected"":375.8169950587408,""residual_pct"":-0.0002046077206508956,""trend_level"":473.9398106798709,""seasonal_factor"":0.7929635506239243}"
period:M:2022-03,TimePeriod,2022-03,"{""frequency"":""M"",""start"":""2022-03-01""}"
obs:electricity:2022-03,Observation,浙江全社会用电量 2022-03,"{""value"":474.8464,""expected"":472.7456863546619,""residual_pct"":0.004443644238272482,""trend_level"":476.3593790176581,""seasonal_factor"":0.9924139361537325}"
period:M:2022-04,TimePeriod,2022-04,"{""frequency"":""M"",""start"":""2022-04-01""}"
obs:electricity:2022-04,Observation,浙江全社会用电量 2022-04,"{""value"":430.5708,""expected"":449.92649670626986,""residual_pct"":-0.04301968621089236,""trend_level"":478.9392963815099,""seasonal_factor"":0.9394228039034632}"
period:M:2022-05,TimePeriod,2022-05,"{""frequency"":""M"",""start"":""2022-05-01""}"
obs:electricity:2022-05,Observation,浙江全社会用电量 2022-05,"{""value"":438.4435,""expected"":468.6109203116049,""residual_pct"":-0.06437626398365826,""trend_level"":481.50269677187754,""seasonal_factor"":0.9732259516993312}"
period:M:2022-06,TimePeriod,2022-06,"{""frequency"":""M"",""start"":""2022-06-01""}"
obs:electricity:2022-06,Observation,浙江全社会用电量 2022-06,"{""value"":485.2202,""expected"":490.1032076771924,""residual_pct"":-0.009963223257270837,""trend_level"":484.0357790394555,""seasonal_factor"":1.012535082943202}"
period:M:2022-07,TimePeriod,2022-07,"{""frequency"":""M"",""start"":""2022-07-01""}"
obs:electricity:2022-07,Observation,浙江全社会用电量 2022-07,"{""value"":624.9475,""expected"":604.3610403720108,""residual_pct"":0.03406318119929974,""trend_level"":486.5539741552861,""seasonal_factor"":1.2421253806861847}"
period:M:2022-08,TimePeriod,2022-08,"{""frequency"":""M"",""start"":""2022-08-01""}"
obs:electricity:2022-08,Observation,浙江全社会用电量 2022-08,"{""value"":627.5656,""expected"":610.3011056369173,""residual_pct"":0.02828848613188284,""trend_level"":488.9745200880326,""seasonal_factor"":1.2481245557069962}"
period:M:2022-09,TimePeriod,2022-09,"{""frequency"":""M"",""start"":""2022-09-01""}"
obs:electricity:2022-09,Observation,浙江全社会用电量 2022-09,"{""value"":483.3107,""expected"":546.3862139337504,""residual_pct"":-0.11544126173981084,""trend_level"":491.31003363526935,""seasonal_factor"":1.11210066257138}"
period:M:2022-10,TimePeriod,2022-10,"{""frequency"":""M"",""start"":""2022-10-01""}"
obs:electricity:2022-10,Observation,浙江全社会用电量 2022-10,"{""value"":464.215,""expected"":460.3338499716552,""residual_pct"":0.008431163662163454,""trend_level"":493.66691399630923,""seasonal_factor"":0.9324786347239319}"
period:M:2022-11,TimePeriod,2022-11,"{""frequency"":""M"",""start"":""2022-11-01""}"
obs:electricity:2022-11,Observation,浙江全社会用电量 2022-11,"{""value"":449.4513,""expected"":462.58204903838663,""residual_pct"":-0.028385773001098458,""trend_level"":496.14341960237095,""seasonal_factor"":0.9323555060129958}"
period:M:2022-12,TimePeriod,2022-12,"{""frequency"":""M"",""start"":""2022-12-01""}"
obs:electricity:2022-12,Observation,浙江全社会用电量 2022-12,"{""value"":513.6992,""expected"":514.4621185271097,""residual_pct"":-0.0014829440295700547,""trend_level"":498.7598550243217,""seasonal_factor"":1.0314826130142778}"
period:M:2023-01,TimePeriod,2023-01,"{""frequency"":""M"",""start"":""2023-01-01""}"
obs:electricity:2023-01,Observation,浙江全社会用电量 2023-01,"{""value"":341.1477,""expected"":446.5986243897726,""residual_pct"":-0.2361201280766585,""trend_level"":501.43989787923454,""seasonal_factor"":0.8906324093447594}"
period:M:2023-02,TimePeriod,2023-02,"{""frequency"":""M"",""start"":""2023-02-01""}"
obs:electricity:2023-02,Observation,浙江全社会用电量 2023-02,"{""value"":442.2964,""expected"":400.38860713072575,""residual_pct"":0.10466779554392147,""trend_level"":504.1136231367057,""seasonal_factor"":0.7942427832825069}"
period:M:2023-03,TimePeriod,2023-03,"{""frequency"":""M"",""start"":""2023-03-01""}"
obs:electricity:2023-03,Observation,浙江全社会用电量 2023-03,"{""value"":506.4951,""expected"":504.0905781991434,""residual_pct"":0.004770019327571484,""trend_level"":506.85634011806525,""seasonal_factor"":0.9945433021153933}"
period:M:2023-04,TimePeriod,2023-04,"{""frequency"":""M"",""start"":""2023-04-01""}"
obs:electricity:2023-04,Observation,浙江全社会用电量 2023-04,"{""value"":467.4495,""expected"":473.7430568895905,""residual_pct"":-0.013284747497750105,""trend_level"":509.75552353900736,""seasonal_factor"":0.9293534547710274}"
period:M:2023-05,TimePeriod,2023-05,"{""frequency"":""M"",""start"":""2023-05-01""}"
obs:electricity:2023-05,Observation,浙江全社会用电量 2023-05,"{""value"":488.2146,""expected"":491.7454810269372,""residual_pct"":-0.007180301930916566,""trend_level"":512.8098745221026,""seasonal_factor"":0.9589235805671726}"
period:M:2023-06,TimePeriod,2023-06,"{""frequency"":""M"",""start"":""2023-06-01""}"
obs:electricity:2023-06,Observation,浙江全社会用电量 2023-06,"{""value"":532.5154,""expected"":510.67676567993806,""residual_pct"":0.04276410400419328,""trend_level"":515.9903406501356,""seasonal_factor"":0.9897021813169938}"
period:M:2023-07,TimePeriod,2023-07,"{""frequency"":""M"",""start"":""2023-07-01""}"
obs:electricity:2023-07,Observation,浙江全社会用电量 2023-07,"{""value"":655.4505,""expected"":656.2581878771018,""residual_pct"":-0.0012307471236504552,""trend_level"":519.291600236934,""seasonal_factor"":1.2637566014502737}"
period:M:2023-08,TimePeriod,2023-08,"{""frequency"":""M"",""start"":""2023-08-01""}"
obs:electricity:2023-08,Observation,浙江全社会用电量 2023-08,"{""value"":635.7354,""expected"":670.3518236461285,""residual_pct"":-0.051639187699744626,""trend_level"":522.6996430035637,""seasonal_factor"":1.2824799722343763}"
period:M:2023-09,TimePeriod,2023-09,"{""frequency"":""M"",""start"":""2023-09-01""}"
obs:electricity:2023-09,Observation,浙江全社会用电量 2023-09,"{""value"":557.714,""expected"":589.9008960979681,""residual_pct"":-0.05456322631627708,""trend_level"":526.1456282506074,""seasonal_factor"":1.1211741852903765}"
period:M:2023-10,TimePeriod,2023-10,"{""frequency"":""M"",""start"":""2023-10-01""}"
obs:electricity:2023-10,Observation,浙江全社会用电量 2023-10,"{""value"":496.797,""expected"":496.60352414990706,""residual_pct"":0.0003895982220911698,""trend_level"":529.6296677338269,""seasonal_factor"":0.9376429501669881}"
period:M:2023-11,TimePeriod,2023-11,"{""frequency"":""M"",""start"":""2023-11-01""}"
obs:electricity:2023-11,Observation,浙江全社会用电量 2023-11,"{""value"":497.0234,""expected"":495.666354511043,""residual_pct"":0.00273782046452542,""trend_level"":533.1513820060972,""seasonal_factor"":0.9296915871173235}"
period:M:2023-12,TimePeriod,2023-12,"{""frequency"":""M"",""start"":""2023-12-01""}"
obs:electricity:2023-12,Observation,浙江全社会用电量 2023-12,"{""value"":571.1593,""expected"":562.2534951574502,""residual_pct"":0.01583948329223972,""trend_level"":536.7326111348466,""seasonal_factor"":1.047548599606503}"
period:M:2024-01,TimePeriod,2024-01,"{""frequency"":""M"",""start"":""2024-01-01""}"
obs:electricity:2024-01,Observation,浙江全社会用电量 2024-01,"{""value"":551.65441834,""expected"":468.72088632366615,""residual_pct"":0.17693585764186692,""trend_level"":540.3217156375181,""seasonal_factor"":0.8674848201698299}"
period:M:2024-02,TimePeriod,2024-02,"{""frequency"":""M"",""start"":""2024-02-01""}"
obs:electricity:2024-02,Observation,浙江全社会用电量 2024-02,"{""value"":354.77613499,""expected"":432.5600871562116,""residual_pct"":-0.17982230556126477,""trend_level"":543.7474066357288,""seasonal_factor"":0.7955165981067299}"
period:M:2024-03,TimePeriod,2024-03,"{""frequency"":""M"",""start"":""2024-03-01""}"
obs:electricity:2024-03,Observation,浙江全社会用电量 2024-03,"{""value"":540.41916744,""expected"":545.0863221029232,""residual_pct"":-0.008562230372828772,""trend_level"":546.9588128008826,""seasonal_factor"":0.9965765416807698}"
period:M:2024-04,TimePeriod,2024-04,"{""frequency"":""M"",""start"":""2024-04-01""}"
obs:electricity:2024-04,Observation,浙江全社会用电量 2024-04,"{""value"":508.68295435,""expected"":505.778673429981,""residual_pct"":0.0057421972743993965,""trend_level"":550.0029001428426,""seasonal_factor"":0.9195927390539648}"
period:M:2024-05,TimePeriod,2024-05,"{""frequency"":""M"",""start"":""2024-05-01""}"
obs:electricity:2024-05,Observation,浙江全社会用电量 2024-05,"{""value"":524.86848018,""expected"":522.4990888922841,""residual_pct"":0.00453472807529498,""trend_level"":552.9036344854322,""seasonal_factor"":0.945009322245739}"
period:M:2024-06,TimePeriod,2024-06,"{""frequency"":""M"",""start"":""2024-06-01""}"
obs:electricity:2024-06,Observation,浙江全社会用电量 2024-06,"{""value"":538.98143837,""expected"":537.6634139897017,""residual_pct"":0.0024513930946463702,""trend_level"":555.6012812586001,""seasonal_factor"":0.9677144962152282}"
period:M:2024-07,TimePeriod,2024-07,"{""frequency"":""M"",""start"":""2024-07-01""}"
obs:electricity:2024-07,Observation,浙江全社会用电量 2024-07,"{""value"":718.6396,""expected"":717.8890444090953,""residual_pct"":0.0010455036147298813,""trend_level"":558.3207860814456,""seasonal_factor"":1.285800318214147}"
period:M:2024-08,TimePeriod,2024-08,"{""frequency"":""M"",""start"":""2024-08-01""}"
obs:electricity:2024-08,Observation,浙江全社会用电量 2024-08,"{""value"":739.5127,""expected"":739.3414361089245,""residual_pct"":0.00023164384235885294,""trend_level"":561.058519559388,""seasonal_factor"":1.31776171350102}"
period:M:2024-09,TimePeriod,2024-09,"{""frequency"":""M"",""start"":""2024-09-01""}"
obs:electricity:2024-09,Observation,浙江全社会用电量 2024-09,"{""value"":637.4285,""expected"":637.2700691146817,""residual_pct"":0.0002486087029607287,""trend_level"":563.8047994970494,""seasonal_factor"":1.1303026680212156}"
period:M:2024-10,TimePeriod,2024-10,"{""frequency"":""M"",""start"":""2024-10-01""}"
obs:electricity:2024-10,Observation,浙江全社会用电量 2024-10,"{""value"":532.8752,""expected"":533.969927714602,""residual_pct"":-0.0020501673554679245,""trend_level"":566.5542952790917,""seasonal_factor"":0.9424867698718299}"
period:M:2024-11,TimePeriod,2024-11,"{""frequency"":""M"",""start"":""2024-11-01""}"
obs:electricity:2024-11,Observation,浙江全社会用电量 2024-11,"{""value"":526.9564,""expected"":527.7113231193889,""residual_pct"":-0.001430560775020684,""trend_level"":569.3052233887585,""seasonal_factor"":0.9269391908583166}"
period:M:2024-12,TimePeriod,2024-12,"{""frequency"":""M"",""start"":""2024-12-01""}"
obs:electricity:2024-12,Observation,浙江全社会用电量 2024-12,"{""value"":606.0565,""expected"":608.5019991125351,""residual_pct"":-0.004018884270062806,""trend_level"":572.0584596349295,""seasonal_factor"":1.0637059707164591}"
period:M:2025-01,TimePeriod,2025-01,"{""frequency"":""M"",""start"":""2025-01-01""}"
obs:electricity:2025-01,Observation,浙江全社会用电量 2025-01,"{""value"":485.8246,""expected"":485.6727115460914,""residual_pct"":0.00031273829123534824,""trend_level"":574.8165594631822,""seasonal_factor"":0.844917745584188}"
period:M:2025-02,TimePeriod,2025-02,"{""frequency"":""M"",""start"":""2025-02-01""}"
obs:electricity:2025-02,Observation,浙江全社会用电量 2025-02,"{""value"":460.3528,""expected"":460.20165637831616,""residual_pct"":0.0003284291127356731,""trend_level"":577.5835110236485,""seasonal_factor"":0.796770765776715}"
period:M:2025-03,TimePeriod,2025-03,"{""frequency"":""M"",""start"":""2025-03-01""}"
obs:electricity:2025-03,Observation,浙江全社会用电量 2025-03,"{""value"":580.978,""expected"":579.4321038517452,""residual_pct"":0.0026679504604223414,""trend_level"":580.3630924328938,""seasonal_factor"":0.9983958515052256}"
period:Q:2000Q1,TimePeriod,2000Q1,"{""frequency"":""Q"",""start"":""2000-01-01""}"
obs:gdp_primary:2000Q1,Observation,浙江第一产业增加值 2000Q1,"{""value"":107.22,""expected"":107.10457098844999,""residual_pct"":0.0010777225517522027,""revision_risk"":false}"
obs:gdp_tertiary:2000Q1,Observation,浙江第三产业增加值 2000Q1,"{""value"":498.34,""expected"":499.6326054522136,""residual_pct"":-0.0025871118860302245,""revision_risk"":false}"
obs:gdp_secondary:2000Q1,Observation,浙江第二产业增加值 2000Q1,"{""value"":664.56,""expected"":666.374510273235,""residual_pct"":-0.0027229587045445314,""revision_risk"":false}"
period:Q:2000Q2,TimePeriod,2000Q2,"{""frequency"":""Q"",""start"":""2000-04-01""}"
obs:gdp_primary:2000Q2,Observation,浙江第一产业增加值 2000Q2,"{""value"":148.92999999999998,""expected"":149.4561298376386,""residual_pct"":-0.0035202961444952274,""revision_risk"":false}"
obs:gdp_tertiary:2000Q2,Observation,浙江第三产业增加值 2000Q2,"{""value"":454.36000000000007,""expected"":500.03049293411544,""residual_pct"":-0.09133541569860415,""revision_risk"":false}"
obs:gdp_secondary:2000Q2,Observation,浙江第二产业增加值 2000Q2,"{""value"":735.5800000000002,""expected"":734.8649900030538,""residual_pct"":0.0009729814410446291,""revision_risk"":false}"
period:Q:2000Q3,TimePeriod,2000Q3,"{""frequency"":""Q"",""start"":""2000-07-01""}"
obs:gdp_primary:2000Q3,Observation,浙江第一产业增加值 2000Q3,"{""value"":130.03000000000003,""expected"":130.17965883821563,""residual_pct"":-0.001149633049826848,""revision_risk"":false}"
obs:gdp_tertiary:2000Q3,Observation,浙江第三产业增加值 2000Q3,"{""value"":527.73,""expected"":525.3196070023129,""residual_pct"":0.004588431434040308,""revision_risk"":false}"
obs:gdp_secondary:2000Q3,Observation,浙江第二产业增加值 2000Q3,"{""value"":793.2499999999998,""expected"":789.6214264219116,""residual_pct"":0.0045953332276338354,""revision_risk"":false}"
period:Q:2000Q4,TimePeriod,2000Q4,"{""frequency"":""Q"",""start"":""2000-10-01""}"
obs:gdp_primary:2000Q4,Observation,浙江第一产业增加值 2000Q4,"{""value"":263.82,""expected"":261.1549613172513,""residual_pct"":0.010204817359418916,""revision_risk"":true}"
obs:gdp_tertiary:2000Q4,Observation,浙江第三产业增加值 2000Q4,"{""value"":699.5699999999999,""expected"":615.9903657528138,""residual_pct"":0.1356833465163727,""revision_risk"":true}"
obs:gdp_secondary:2000Q4,Observation,浙江第二产业增加值 2000Q4,"{""value"":1006.6100000000001,""expected"":803.2382313554978,""residual_pct"":0.253189851659954,""revision_risk"":true}"
period:Q:2001Q1,TimePeriod,2001Q1,"{""frequency"":""Q"",""start"":""2001-01-01""}"
obs:gdp_primary:2001Q1,Observation,浙江第一产业增加值 2001Q1,"{""value"":110.0,""expected"":110.51886396118597,""residual_pct"":-0.004694799987884357,""revision_risk"":false}"
obs:gdp_tertiary:2001Q1,Observation,浙江第三产业增加值 2001Q1,"{""value"":555.0,""expected"":584.9171291401746,""residual_pct"":-0.051147637245899435,""revision_risk"":false}"
obs:gdp_secondary:2001Q1,Observation,浙江第二产业增加值 2001Q1,"{""value"":747.0,""expected"":749.0172314239941,""residual_pct"":-0.0026931709169881746,""revision_risk"":false}"
period:Q:2001Q2,TimePeriod,2001Q2,"{""frequency"":""Q"",""start"":""2001-04-01""}"
obs:gdp_primary:2001Q2,Observation,浙江第一产业增加值 2001Q2,"{""value"":164.0,""expected"":154.89383546305362,""residual_pct"":0.05878971561213908,""revision_risk"":false}"
obs:gdp_tertiary:2001Q2,Observation,浙江第三产业增加值 2001Q2,"{""value"":665.0,""expected"":588.7960464038215,""residual_pct"":0.12942334457170346,""revision_risk"":false}"
obs:gdp_secondary:2001Q2,Observation,浙江第二产业增加值 2001Q2,"{""value"":895.0,""expected"":829.2025316096169,""residual_pct"":0.07935029848818664,""revision_risk"":false}"
period:Q:2001Q3,TimePeriod,2001Q3,"{""frequency"":""Q"",""start"":""2001-07-01""}"
obs:gdp_primary:2001Q3,Observation,浙江第一产业增加值 2001Q3,"{""value"":150.0,""expected"":133.67895259715596,""residual_pct"":0.12209137703246253,""revision_risk"":false}"
obs:gdp_tertiary:2001Q3,Observation,浙江第三产业增加值 2001Q3,"{""value"":605.0,""expected"":608.810766053845,""residual_pct"":-0.006259360488227506,""revision_risk"":false}"
obs:gdp_secondary:2001Q3,Observation,浙江第二产业增加值 2001Q3,"{""value"":861.0,""expected"":895.2059865788584,""residual_pct"":-0.03821018524415909,""revision_risk"":false}"
period:Q:2001Q4,TimePeriod,2001Q4,"{""frequency"":""Q"",""start"":""2001-10-01""}"
obs:gdp_primary:2001Q4,Observation,浙江第一产业增加值 2001Q4,"{""value"":266.0,""expected"":267.79478084997044,""residual_pct"":-0.006702075538118635,""revision_risk"":true}"
obs:gdp_tertiary:2001Q4,Observation,浙江第三产业增加值 2001Q4,"{""value"":745.0,""expected"":737.3722754812081,""residual_pct"":0.010344468828603626,""revision_risk"":true}"
obs:gdp_secondary:2001Q4,Observation,浙江第二产业增加值 2001Q4,"{""value"":937.0,""expected"":936.8573256288685,""residual_pct"":0.000152290393882204,""revision_risk"":true}"
period:Q:2002Q1,TimePeriod,2002Q1,"{""frequency"":""Q"",""start"":""2002-01-01""}"
obs:gdp_primary:2002Q1,Observation,浙江第一产业增加值 2002Q1,"{""value"":105.0,""expected"":114.75613549731398,""residual_pct"":-0.08501624296630594,""revision_risk"":false}"
obs:gdp_tertiary:2002Q1,Observation,浙江第三产业增加值 2002Q1,"{""value"":715.0,""expected"":703.6179157224958,""residual_pct"":0.016176512881734606,""revision_risk"":false}"
obs:gdp_secondary:2002Q1,Observation,浙江第二产业增加值 2002Q1,"{""value"":870.0,""expected"":854.7221232905016,""residual_pct"":0.017874670952334526,""revision_risk"":false}"
period:Q:2002Q2,TimePeriod,2002Q2,"{""frequency"":""Q"",""start"":""2002-04-01""}"
obs:gdp_primary:2002Q2,Observation,浙江第一产业增加值 2002Q2,"{""value"":165.0,""expected"":162.80255368714833,""residual_pct"":0.013497615750391878,""revision_risk"":false}"
obs:gdp_tertiary:2002Q2,Observation,浙江第三产业增加值 2002Q2,"{""value"":720.0,""expected"":718.0491425066389,""residual_pct"":0.0027168857643236066,""revision_risk"":false}"
obs:gdp_secondary:2002Q2,Observation,浙江第二产业增加值 2002Q2,"{""value"":945.0,""expected"":952.1316634632407,""residual_pct"":-0.007490207223337486,""revision_risk"":false}"
period:Q:2002Q3,TimePeriod,2002Q3,"{""frequency"":""Q"",""start"":""2002-07-01""}"
obs:gdp_primary:2002Q3,Observation,浙江第一产业增加值 2002Q3,"{""value"":140.0,""expected"":139.30097966973167,""residual_pct"":0.005018057532155451,""revision_risk"":false}"
obs:gdp_tertiary:2002Q3,Observation,浙江第三产业增加值 2002Q3,"{""value"":747.0,""expected"":741.1055177516743,""residual_pct"":0.007953634276274268,""revision_risk"":false}"
obs:gdp_secondary:2002Q3,Observation,浙江第二产业增加值 2002Q3,"{""value"":999.0,""expected"":1034.228856819489,""residual_pct"":-0.03406292194149996,""revision_risk"":false}"
period:Q:2002Q4,TimePeriod,2002Q4,"{""frequency"":""Q"",""start"":""2002-10-01""}"
obs:gdp_primary:2002Q4,Observation,浙江第一产业增加值 2002Q4,"{""value"":270.0,""expected"":276.81932538421273,""residual_pct"":-0.024634571212641343,""revision_risk"":true}"
obs:gdp_tertiary:2002Q4,Observation,浙江第三产业增加值 2002Q4,"{""value"":883.0,""expected"":892.2236426257442,""residual_pct"":-0.01033781462974881,""revision_risk"":true}"
obs:gdp_secondary:2002Q4,Observation,浙江第二产业增加值 2002Q4,"{""value"":1111.0,""expected"":1117.4434078945994,""residual_pct"":-0.005766205115245726,""revision_risk"":true}"
period:Q:2003Q1,TimePeriod,2003Q1,"{""frequency"":""Q"",""start"":""2003-01-01""}"
obs:gdp_primary:2003Q1,Observation,浙江第一产业增加值 2003Q1,"{""value"":120.0,""expected"":118.98810254273825,""residual_pct"":0.00850419021429727,""revision_risk"":false}"
obs:gdp_tertiary:2003Q1,Observation,浙江第三产业增加值 2003Q1,"{""value"":830.0,""expected"":836.2583340177956,""residual_pct"":-0.007483732912684449,""revision_risk"":false}"
obs:gdp_secondary:2003Q1,Observation,浙江第二产业增加值 2003Q1,"{""value"":1000.0,""expected"":1006.8043464284349,""residual_pct"":-0.006758360204316527,""revision_risk"":false}"
period:Q:2003Q2,TimePeriod,2003Q2,"{""frequency"":""Q"",""start"":""2003-04-01""}"
obs:gdp_primary:2003Q2,Observation,浙江第一产业增加值 2003Q2,"{""value"":168.0,""expected"":170.5211447065542,""residual_pct"":-0.014784938905335054,""revision_risk"":false}"
obs:gdp_tertiary:2003Q2,Observation,浙江第三产业增加值 2003Q2,"{""value"":855.0,""expected"":856.1588403025272,""residual_pct"":-0.0013535342368452552,""revision_risk"":false}"
obs:gdp_secondary:2003Q2,Observation,浙江第二产业增加值 2003Q2,"{""value"":1147.0,""expected"":1148.0255143915028,""residual_pct"":-0.0008932853657406259,""revision_risk"":false}"
period:Q:2003Q3,TimePeriod,2003Q3,"{""frequency"":""Q"",""start"":""2003-07-01""}"
obs:gdp_primary:2003Q3,Observation,浙江第一产业增加值 2003Q3,"{""value"":140.0,""expected"":145.54337816963363,""residual_pct"":-0.038087463952999,""revision_risk"":false}"
obs:gdp_tertiary:2003Q3,Observation,浙江第三产业增加值 2003Q3,"{""value"":882.0,""expected"":880.0968269236677,""residual_pct"":0.0021624587410282725,""revision_risk"":false}"
obs:gdp_secondary:2003Q3,Observation,浙江第二产业增加值 2003Q3,"{""value"":1263.0,""expected"":1259.2408452590344,""residual_pct"":0.002985254770855539,""revision_risk"":false}"
period:Q:2003Q4,TimePeriod,2003Q4,"{""frequency"":""Q"",""start"":""2003-10-01""}"
obs:gdp_primary:2003Q4,Observation,浙江第一产业增加值 2003Q4,"{""value"":294.0,""expected"":292.0390846867082,""residual_pct"":0.006714564646014498,""revision_risk"":true}"
obs:gdp_tertiary:2003Q4,Observation,浙江第三产业增加值 2003Q4,"{""value"":1081.0,""expected"":1082.720740674859,""residual_pct"":-0.0015892746949562886,""revision_risk"":true}"
obs:gdp_secondary:2003Q4,Observation,浙江第二产业增加值 2003Q4,"{""value"":1420.0,""expected"":1417.322809519537,""residual_pct"":0.001888906650257427,""revision_risk"":true}"
period:Q:2004Q1,TimePeriod,2004Q1,"{""frequency"":""Q"",""start"":""2004-01-01""}"
obs:gdp_primary:2004Q1,Observation,浙江第一产业增加值 2004Q1,"{""value"":128.0,""expected"":128.3407063732773,""residual_pct"":-0.0026547023380590895,""revision_risk"":false}"
obs:gdp_tertiary:2004Q1,Observation,浙江第三产业增加值 2004Q1,"{""value"":1009.0,""expected"":997.7097536050507,""residual_pct"":0.01131616319691564,""revision_risk"":false}"
obs:gdp_secondary:2004Q1,Observation,浙江第二产业增加值 2004Q1,"{""value"":1248.0,""expected"":1242.655946982337,""residual_pct"":0.004300508946696535,""revision_risk"":false}"
period:Q:2004Q2,TimePeriod,2004Q2,"{""frequency"":""Q"",""start"":""2004-04-01""}"
obs:gdp_primary:2004Q2,Observation,浙江第一产业增加值 2004Q2,"{""value"":200.0,""expected"":187.69251381204398,""residual_pct"":0.06557260030243284,""revision_risk"":false}"
obs:gdp_tertiary:2004Q2,Observation,浙江第三产业增加值 2004Q2,"{""value"":1041.0,""expected"":1032.7456626504877,""residual_pct"":0.007992613910696944,""revision_risk"":false}"
obs:gdp_secondary:2004Q2,Observation,浙江第二产业增加值 2004Q2,"{""value"":1484.0,""expected"":1417.585382554492,""residual_pct"":0.046850523617722795,""revision_risk"":false}"
period:Q:2004Q3,TimePeriod,2004Q3,"{""frequency"":""Q"",""start"":""2004-07-01""}"
obs:gdp_primary:2004Q3,Observation,浙江第一产业增加值 2004Q3,"{""value"":160.0,""expected"":161.62691293066686,""residual_pct"":-0.010065854140051234,""revision_risk"":false}"
obs:gdp_tertiary:2004Q3,Observation,浙江第三产业增加值 2004Q3,"{""value"":1039.0,""expected"":1043.7870540609565,""residual_pct"":-0.004586236284816914,""revision_risk"":false}"
obs:gdp_secondary:2004Q3,Observation,浙江第二产业增加值 2004Q3,"{""value"":1561.0,""expected"":1550.129964255395,""residual_pct"":0.007012338316952915,""revision_risk"":false}"
period:Q:2004Q4,TimePeriod,2004Q4,"{""frequency"":""Q"",""start"":""2004-10-01""}"
obs:gdp_primary:2004Q4,Observation,浙江第一产业增加值 2004Q4,"{""value"":328.0,""expected"":324.8093715604127,""residual_pct"":0.009823079993841244,""revision_risk"":true}"
obs:gdp_tertiary:2004Q4,Observation,浙江第三产业增加值 2004Q4,"{""value"":1293.0,""expected"":1269.3992400180414,""residual_pct"":0.01859207035733146,""revision_risk"":true}"
obs:gdp_secondary:2004Q4,Observation,浙江第二产业增加值 2004Q4,"{""value"":1752.0,""expected"":1741.938114640694,""residual_pct"":0.005776258797449474,""revision_risk"":true}"
period:Q:2005Q1,TimePeriod,2005Q1,"{""frequency"":""Q"",""start"":""2005-01-01""}"
obs:gdp_primary:2005Q1,Observation,浙江第一产业增加值 2005Q1,"{""value"":142.07,""expected"":141.01368407276448,""residual_pct"":0.007490875330159019,""revision_risk"":false}"
obs:gdp_tertiary:2005Q1,Observation,浙江第三产业增加值 2005Q1,"{""value"":1134.48,""expected"":1138.9477161173627,""residual_pct"":-0.003922670070047651,""revision_risk"":false}"
obs:gdp_secondary:2005Q1,Observation,浙江第二产业增加值 2005Q1,"{""value"":1469.54,""expected"":1487.471923209584,""residual_pct"":-0.012055301972282995,""revision_risk"":false}"
period:Q:2005Q2,TimePeriod,2005Q2,"{""frequency"":""Q"",""start"":""2005-04-01""}"
obs:gdp_primary:2005Q2,Observation,浙江第一产业增加值 2005Q2,"{""value"":211.24,""expected"":208.2545361571561,""residual_pct"":0.014335648567054271,""revision_risk"":false}"
obs:gdp_tertiary:2005Q2,Observation,浙江第三产业增加值 2005Q2,"{""value"":1187.4899999999998,""expected"":1206.5089954237178,""residual_pct"":-0.01576365820384018,""revision_risk"":false}"
obs:gdp_secondary:2005Q2,Observation,浙江第二产业增加值 2005Q2,"{""value"":1949.1799999999998,""expected"":1703.0356024590692,""residual_pct"":0.14453273741636097,""revision_risk"":false}"
period:Q:2005Q3,TimePeriod,2005Q3,"{""frequency"":""Q"",""start"":""2005-07-01""}"
obs:gdp_primary:2005Q3,Observation,浙江第一产业增加值 2005Q3,"{""value"":178.29000000000002,""expected"":177.6853244428006,""residual_pct"":0.0034030697757150286,""revision_risk"":false}"
obs:gdp_tertiary:2005Q3,Observation,浙江第三产业增加值 2005Q3,"{""value"":1179.4500000000003,""expected"":1228.732188980491,""residual_pct"":-0.04010816142236928,""revision_risk"":false}"
obs:gdp_secondary:2005Q3,Observation,浙江第二产业增加值 2005Q3,"{""value"":1564.2599999999998,""expected"":1857.019082565071,""residual_pct"":-0.15765001303093107,""revision_risk"":false}"
period:Q:2005Q4,TimePeriod,2005Q4,"{""frequency"":""Q"",""start"":""2005-10-01""}"
obs:gdp_primary:2005Q4,Observation,浙江第一产业增加值 2005Q4,"{""value"":340.94999999999993,""expected"":347.1492732394533,""residual_pct"":-0.01785765869997169,""revision_risk"":true}"
obs:gdp_tertiary:2005Q4,Observation,浙江第三产业增加值 2005Q4,"{""value"":1843.7299999999996,""expected"":1510.5454594428231,""residual_pct"":0.22057233595609516,""revision_risk"":true}"
obs:gdp_secondary:2005Q4,Observation,浙江第二产业增加值 2005Q4,"{""value"":2164.830000000001,""expected"":2117.188206933724,""residual_pct"":0.022502389211432217,""revision_risk"":true}"
period:Q:2006Q1,TimePeriod,2006Q1,"{""frequency"":""Q"",""start"":""2006-01-01""}"
obs:gdp_primary:2006Q1,Observation,浙江第一产业增加值 2006Q1,"{""value"":148.0,""expected"":145.58103965685245,""residual_pct"":0.016615902378834813,""revision_risk"":false}"
obs:gdp_tertiary:2006Q1,Observation,浙江第三产业增加值 2006Q1,"{""value"":1382.79,""expected"":1371.3118106005245,""residual_pct"":0.008370225728931091,""revision_risk"":false}"
obs:gdp_secondary:2006Q1,Observation,浙江第二产业增加值 2006Q1,"{""value"":1788.59,""expected"":1803.2615294244101,""residual_pct"":-0.00813610737267445,""revision_risk"":false}"
period:Q:2006Q2,TimePeriod,2006Q2,"{""frequency"":""Q"",""start"":""2006-04-01""}"
obs:gdp_primary:2006Q2,Observation,浙江第一产业增加值 2006Q2,"{""value"":215.48000000000002,""expected"":220.73793527017776,""residual_pct"":-0.02381980815278606,""revision_risk"":false}"
obs:gdp_tertiary:2006Q2,Observation,浙江第三产业增加值 2006Q2,"{""value"":1567.0900000000001,""expected"":1506.6275555015447,""residual_pct"":0.040130982788462166,""revision_risk"":false}"
obs:gdp_secondary:2006Q2,Observation,浙江第二产业增加值 2006Q2,"{""value"":2021.45,""expected"":2011.3127267467057,""residual_pct"":0.005040127832180108,""revision_risk"":false}"
period:Q:2006Q3,TimePeriod,2006Q3,"{""frequency"":""Q"",""start"":""2006-07-01""}"
obs:gdp_primary:2006Q3,Observation,浙江第一产业增加值 2006Q3,"{""value"":190.46000000000004,""expected"":190.81684990947258,""residual_pct"":-0.001870117390795678,""revision_risk"":false}"
obs:gdp_tertiary:2006Q3,Observation,浙江第三产业增加值 2006Q3,"{""value"":1510.17,""expected"":1517.4604533229428,""residual_pct"":-0.004804377805680549,""revision_risk"":false}"
obs:gdp_secondary:2006Q3,Observation,浙江第二产业增加值 2006Q3,"{""value"":2172.87,""expected"":2179.2650734295667,""residual_pct"":-0.002934509210255287,""revision_risk"":false}"
period:Q:2006Q4,TimePeriod,2006Q4,"{""frequency"":""Q"",""start"":""2006-10-01""}"
obs:gdp_primary:2006Q4,Observation,浙江第一产业增加值 2006Q4,"{""value"":369.03999999999996,""expected"":368.69815178449124,""residual_pct"":0.0009271763740994476,""revision_risk"":true}"
obs:gdp_tertiary:2006Q4,Observation,浙江第三产业增加值 2006Q4,"{""value"":1828.1899999999996,""expected"":1828.68907736075,""residual_pct"":-0.00027291537250861975,""revision_risk"":true}"
obs:gdp_secondary:2006Q4,Observation,浙江第二产业增加值 2006Q4,"{""value"":2454.7999999999993,""expected"":2481.2458256202376,""residual_pct"":-0.01065828518366485,""revision_risk"":true}"
period:Q:2007Q1,TimePeriod,2007Q1,"{""frequency"":""Q"",""start"":""2007-01-01""}"
obs:gdp_primary:2007Q1,Observation,浙江第一产业增加值 2007Q1,"{""value"":149.54,""expected"":153.2544095512769,""residual_pct"":-0.024236885334344094,""revision_risk"":false}"
obs:gdp_tertiary:2007Q1,Observation,浙江第三产业增加值 2007Q1,"{""value"":1633.72,""expected"":1640.6653605549336,""residual_pct"":-0.004233258482756241,""revision_risk"":false}"
obs:gdp_secondary:2007Q1,Observation,浙江第二产业增加值 2007Q1,"{""value"":2115.75,""expected"":2102.8448108279986,""residual_pct"":0.006137014536474528,""revision_risk"":false}"
period:Q:2007Q2,TimePeriod,2007Q2,"{""frequency"":""Q"",""start"":""2007-04-01""}"
obs:gdp_primary:2007Q2,Observation,浙江第一产业增加值 2007Q2,"{""value"":245.32000000000002,""expected"":242.94541787336868,""residual_pct"":0.009774138353451312,""revision_risk"":false}"
obs:gdp_tertiary:2007Q2,Observation,浙江第三产业增加值 2007Q2,"{""value"":1847.5600000000002,""expected"":1838.7025323771572,""residual_pct"":0.00481723795278155,""revision_risk"":false}"
obs:gdp_secondary:2007Q2,Observation,浙江第二产业增加值 2007Q2,"{""value"":2352.5,""expected"":2370.781163127294,""residual_pct"":-0.007711029348309473,""revision_risk"":false}"
period:Q:2007Q3,TimePeriod,2007Q3,"{""frequency"":""Q"",""start"":""2007-07-01""}"
obs:gdp_primary:2007Q3,Observation,浙江第一产业增加值 2007Q3,"{""value"":214.81999999999994,""expected"":216.80044614037533,""residual_pct"":-0.009134880373322996,""revision_risk"":false}"
obs:gdp_tertiary:2007Q3,Observation,浙江第三产业增加值 2007Q3,"{""value"":1867.7199999999998,""expected"":1848.6388439747154,""residual_pct"":0.010321732710245612,""revision_risk"":false}"
obs:gdp_secondary:2007Q3,Observation,浙江第二产业增加值 2007Q3,"{""value"":2557.16,""expected"":2540.4026017176966,""residual_pct"":0.006596355345791505,""revision_risk"":false}"
period:Q:2007Q4,TimePeriod,2007Q4,"{""frequency"":""Q"",""start"":""2007-10-01""}"
obs:gdp_primary:2007Q4,Observation,浙江第一产业增加值 2007Q4,"{""value"":415.59000000000003,""expected"":412.1846499838227,""residual_pct"":0.008261709931000505,""revision_risk"":true}"
obs:gdp_tertiary:2007Q4,Observation,浙江第三产业增加值 2007Q4,"{""value"":2172.09,""expected"":2180.791543311531,""residual_pct"":-0.00399008485621577,""revision_risk"":true}"
obs:gdp_secondary:2007Q4,Observation,浙江第二产业增加值 2007Q4,"{""value"":3066.59,""expected"":2935.3447340548555,""residual_pct"":0.044712045035965486,""revision_risk"":true}"
period:Q:2008Q1,TimePeriod,2008Q1,"{""frequency"":""Q"",""start"":""2008-01-01""}"
obs:gdp_primary:2008Q1,Observation,浙江第一产业增加值 2008Q1,"{""value"":168.68,""expected"":166.89314710429537,""residual_pct"":0.010706568404441397,""revision_risk"":false}"
obs:gdp_tertiary:2008Q1,Observation,浙江第三产业增加值 2008Q1,"{""value"":1935.68,""expected"":1933.6366293314145,""residual_pct"":0.001056750083024749,""revision_risk"":false}"
obs:gdp_secondary:2008Q1,Observation,浙江第二产业增加值 2008Q1,"{""value"":2497.61,""expected"":2350.6766276042918,""residual_pct"":0.06250684193234046,""revision_risk"":false}"
period:Q:2008Q2,TimePeriod,2008Q2,"{""frequency"":""Q"",""start"":""2008-04-01""}"
obs:gdp_primary:2008Q2,Observation,浙江第一产业增加值 2008Q2,"{""value"":271.58,""expected"":271.8374801627129,""residual_pct"":-0.0009471841872533693,""revision_risk"":false}"
obs:gdp_tertiary:2008Q2,Observation,浙江第三产业增加值 2008Q2,"{""value"":2220.84,""expected"":2174.8988043057366,""residual_pct"":0.021123371626905918,""revision_risk"":false}"
obs:gdp_secondary:2008Q2,Observation,浙江第二产业增加值 2008Q2,"{""value"":2794.36,""expected"":2763.7132747654164,""residual_pct"":0.011088966975846937,""revision_risk"":false}"
period:Q:2008Q3,TimePeriod,2008Q3,"{""frequency"":""Q"",""start"":""2008-07-01""}"
obs:gdp_primary:2008Q3,Observation,浙江第一产业增加值 2008Q3,"{""value"":245.34000000000003,""expected"":242.21029821191055,""residual_pct"":0.012921423288746015,""revision_risk"":false}"
obs:gdp_tertiary:2008Q3,Observation,浙江第三产业增加值 2008Q3,"{""value"":2180.2799999999997,""expected"":2155.070539534195,""residual_pct"":0.011697742604403816,""revision_risk"":false}"
obs:gdp_secondary:2008Q3,Observation,浙江第二产业增加值 2008Q3,"{""value"":2987.5299999999997,""expected"":2880.152837134321,""residual_pct"":0.03728175862101679,""revision_risk"":false}"
period:Q:2008Q4,TimePeriod,2008Q4,"{""frequency"":""Q"",""start"":""2008-10-01""}"
obs:gdp_primary:2008Q4,Observation,浙江第一产业增加值 2008Q4,"{""value"":409.80000000000007,""expected"":441.968360827562,""residual_pct"":-0.07278430692941096,""revision_risk"":true}"
obs:gdp_tertiary:2008Q4,Observation,浙江第三产业增加值 2008Q4,"{""value"":2474.4000000000005,""expected"":2490.9966307633504,""residual_pct"":-0.006662646813080597,""revision_risk"":true}"
obs:gdp_secondary:2008Q4,Observation,浙江第二产业增加值 2008Q4,"{""value"":3300.7999999999993,""expected"":3307.835014563599,""residual_pct"":-0.002126773110698199,""revision_risk"":true}"
period:Q:2009Q1,TimePeriod,2009Q1,"{""frequency"":""Q"",""start"":""2009-01-01""}"
obs:gdp_primary:2009Q1,Observation,浙江第一产业增加值 2009Q1,"{""value"":170.9,""expected"":173.22905168059748,""residual_pct"":-0.013444925421007392,""revision_risk"":false}"
obs:gdp_tertiary:2009Q1,Observation,浙江第三产业增加值 2009Q1,"{""value"":2145.8,""expected"":2155.2849695216332,""residual_pct"":-0.0044007960226893905,""revision_risk"":false}"
obs:gdp_secondary:2009Q1,Observation,浙江第二产业增加值 2009Q1,"{""value"":2315.4,""expected"":2517.663752164884,""residual_pct"":-0.08033787355081146,""revision_risk"":false}"
period:Q:2009Q2,TimePeriod,2009Q2,"{""frequency"":""Q"",""start"":""2009-04-01""}"
obs:gdp_primary:2009Q2,Observation,浙江第一产业增加值 2009Q2,"{""value"":262.0,""expected"":286.90670253686864,""residual_pct"":-0.08681115608886147,""revision_risk"":false}"
obs:gdp_tertiary:2009Q2,Observation,浙江第三产业增加值 2009Q2,"{""value"":2397.3,""expected"":2444.172107549132,""residual_pct"":-0.019177089618346188,""revision_risk"":false}"
obs:gdp_secondary:2009Q2,Observation,浙江第二产业增加值 2009Q2,"{""value"":2752.1,""expected"":3032.2269127835993,""residual_pct"":-0.0923832288416837,""revision_risk"":false}"
period:Q:2009Q3,TimePeriod,2009Q3,"{""frequency"":""Q"",""start"":""2009-07-01""}"
obs:gdp_primary:2009Q3,Observation,浙江第一产业增加值 2009Q3,"{""value"":261.5,""expected"":261.43691114107367,""residual_pct"":0.00024131580598529823,""revision_risk"":false}"
obs:gdp_tertiary:2009Q3,Observation,浙江第三产业增加值 2009Q3,"{""value"":2430.0999999999995,""expected"":2432.4211481881553,""residual_pct"":-0.0009542542375463592,""revision_risk"":false}"
obs:gdp_secondary:2009Q3,Observation,浙江第二产业增加值 2009Q3,"{""value"":3093.0,""expected"":3116.5710413190695,""residual_pct"":-0.007563133009505618,""revision_risk"":false}"
period:Q:2009Q4,TimePeriod,2009Q4,"{""frequency"":""Q"",""start"":""2009-10-01""}"
obs:gdp_primary:2009Q4,Observation,浙江第一产业增加值 2009Q4,"{""value"":467.2500000000001,""expected"":472.9947461194677,""residual_pct"":-0.012145475539841688,""revision_risk"":true}"
obs:gdp_tertiary:2009Q4,Observation,浙江第三产业增加值 2009Q4,"{""value"":2854.2799999999997,""expected"":2871.7280945449174,""residual_pct"":-0.006075817058746491,""revision_risk"":true}"
obs:gdp_secondary:2009Q4,Observation,浙江第二产业增加值 2009Q4,"{""value"":3682.7999999999993,""expected"":3677.2642999446307,""residual_pct"":0.0015053854180271387,""revision_risk"":true}"
period:Q:2010Q1,TimePeriod,2010Q1,"{""frequency"":""Q"",""start"":""2010-01-01""}"
obs:gdp_primary:2010Q1,Observation,浙江第一产业增加值 2010Q1,"{""value"":185.3,""expected"":186.576910542629,""residual_pct"":-0.006843882980564486,""revision_risk"":false}"
obs:gdp_tertiary:2010Q1,Observation,浙江第三产业增加值 2010Q1,"{""value"":2501.5,""expected"":2467.1296313765647,""residual_pct"":0.013931318478898946,""revision_risk"":false}"
obs:gdp_secondary:2010Q1,Observation,浙江第二产业增加值 2010Q1,"{""value"":2676.5,""expected"":2701.4681882474997,""residual_pct"":-0.009242451329288914,""revision_risk"":false}"
period:Q:2010Q2,TimePeriod,2010Q2,"{""frequency"":""Q"",""start"":""2010-04-01""}"
obs:gdp_primary:2010Q2,Observation,浙江第一产业增加值 2010Q2,"{""value"":321.5,""expected"":322.26687330921095,""residual_pct"":-0.002379621899503026,""revision_risk"":false}"
obs:gdp_tertiary:2010Q2,Observation,浙江第三产业增加值 2010Q2,"{""value"":2855.1099999999997,""expected"":2902.778225248321,""residual_pct"":-0.016421587027801166,""revision_risk"":false}"
obs:gdp_secondary:2010Q2,Observation,浙江第二产业增加值 2010Q2,"{""value"":3453.17,""expected"":3469.039871590685,""residual_pct"":-0.004574715822856179,""revision_risk"":false}"
period:Q:2010Q3,TimePeriod,2010Q3,"{""frequency"":""Q"",""start"":""2010-07-01""}"
obs:gdp_primary:2010Q3,Observation,浙江第一产业增加值 2010Q3,"{""value"":302.99999999999994,""expected"":302.65923149524394,""residual_pct"":0.0011259147889608467,""revision_risk"":false}"
obs:gdp_tertiary:2010Q3,Observation,浙江第三产业增加值 2010Q3,"{""value"":2875.29,""expected"":2890.581006295126,""residual_pct"":-0.005289942147210236,""revision_risk"":false}"
obs:gdp_secondary:2010Q3,Observation,浙江第二产业增加值 2010Q3,"{""value"":3593.7299999999996,""expected"":3606.1268412312993,""residual_pct"":-0.0034377163580487924,""revision_risk"":false}"
period:Q:2010Q4,TimePeriod,2010Q4,"{""frequency"":""Q"",""start"":""2010-10-01""}"
obs:gdp_primary:2010Q4,Observation,浙江第一产业增加值 2010Q4,"{""value"":550.9000000000001,""expected"":546.2643821576769,""residual_pct"":0.008486033491718947,""revision_risk"":true}"
obs:gdp_tertiary:2010Q4,Observation,浙江第三产业增加值 2010Q4,"{""value"":3512.8999999999996,""expected"":3497.331860062784,""residual_pct"":0.004451433424146334,""revision_risk"":true}"
obs:gdp_secondary:2010Q4,Observation,浙江第二产业增加值 2010Q4,"{""value"":4397.9,""expected"":4327.11689882,""residual_pct"":0.016358028413630876,""revision_risk"":true}"
period:Q:2011Q1,TimePeriod,2011Q1,"{""frequency"":""Q"",""start"":""2011-01-01""}"
obs:gdp_primary:2011Q1,Observation,浙江第一产业增加值 2011Q1,"{""value"":215.06,""expected"":216.84659284124044,""residual_pct"":-0.008238971236907755,""revision_risk"":false}"
obs:gdp_tertiary:2011Q1,Observation,浙江第三产业增加值 2011Q1,"{""value"":2928.67,""expected"":2894.6292689075294,""residual_pct"":0.011759962306094662,""revision_risk"":false}"
obs:gdp_secondary:2011Q1,Observation,浙江第二产业增加值 2011Q1,"{""value"":3167.51,""expected"":3127.1897492982525,""residual_pct"":0.012893445532301095,""revision_risk"":false}"
period:Q:2011Q2,TimePeriod,2011Q2,"{""frequency"":""Q"",""start"":""2011-04-01""}"
obs:gdp_primary:2011Q2,Observation,浙江第一产业增加值 2011Q2,"{""value"":378.34,""expected"":377.4199658029796,""residual_pct"":0.002437693498972493,""revision_risk"":false}"
obs:gdp_tertiary:2011Q2,Observation,浙江第三产业增加值 2011Q2,"{""value"":3531.33,""expected"":3466.5260077526045,""residual_pct"":0.018694217814165137,""revision_risk"":false}"
obs:gdp_secondary:2011Q2,Observation,浙江第二产业增加值 2011Q2,"{""value"":4432.69,""expected"":4058.5752091308104,""residual_pct"":0.09217884887965644,""revision_risk"":false}"
period:Q:2011Q3,TimePeriod,2011Q3,"{""frequency"":""Q"",""start"":""2011-07-01""}"
obs:gdp_primary:2011Q3,Observation,浙江第一产业增加值 2011Q3,"{""value"":358.20000000000005,""expected"":350.4501088301702,""residual_pct"":0.022114106900122055,""revision_risk"":false}"
obs:gdp_tertiary:2011Q3,Observation,浙江第三产业增加值 2011Q3,"{""value"":3532.1000000000004,""expected"":3360.4485317568815,""residual_pct"":0.05107992775993431,""revision_risk"":false}"
obs:gdp_secondary:2011Q3,Observation,浙江第二产业增加值 2011Q3,"{""value"":4083.500000000001,""expected"":4038.631056689427,""residual_pct"":0.011109938660094798,""revision_risk"":false}"
period:Q:2011Q4,TimePeriod,2011Q4,"{""frequency"":""Q"",""start"":""2011-10-01""}"
obs:gdp_primary:2011Q4,Observation,浙江第一产业增加值 2011Q4,"{""value"":628.9999999999999,""expected"":616.2640364817768,""residual_pct"":0.020666407196065162,""revision_risk"":true}"
obs:gdp_tertiary:2011Q4,Observation,浙江第三产业增加值 2011Q4,"{""value"":4023.2999999999993,""expected"":4070.721841067258,""residual_pct"":-0.011649491888354069,""revision_risk"":true}"
obs:gdp_secondary:2011Q4,Observation,浙江第二产业增加值 2011Q4,"{""value"":4720.5,""expected"":4743.433666521492,""residual_pct"":-0.004834823913182351,""revision_risk"":true}"
period:Q:2012Q1,TimePeriod,2012Q1,"{""frequency"":""Q"",""start"":""2012-01-01""}"
obs:gdp_primary:2012Q1,Observation,浙江第一产业增加值 2012Q1,"{""value"":242.7,""expected"":242.13221826065723,""residual_pct"":0.0023449243699222855,""revision_risk"":false}"
obs:gdp_tertiary:2012Q1,Observation,浙江第三产业增加值 2012Q1,"{""value"":3137.8,""expected"":3168.571853880014,""residual_pct"":-0.009711584682017715,""revision_risk"":false}"
obs:gdp_secondary:2012Q1,Observation,浙江第二产业增加值 2012Q1,"{""value"":3344.2,""expected"":3348.6106268326384,""residual_pct"":-0.0013171512977041555,""revision_risk"":false}"
period:Q:2012Q2,TimePeriod,2012Q2,"{""frequency"":""Q"",""start"":""2012-04-01""}"
obs:gdp_primary:2012Q2,Observation,浙江第一产业增加值 2012Q2,"{""value"":413.00000000000006,""expected"":416.6019764679639,""residual_pct"":-0.00864608588394633,""revision_risk"":false}"
obs:gdp_tertiary:2012Q2,Observation,浙江第三产业增加值 2012Q2,"{""value"":3991.0,""expected"":3916.368051200519,""residual_pct"":0.019056418555095656,""revision_risk"":false}"
obs:gdp_secondary:2012Q2,Observation,浙江第二产业增加值 2012Q2,"{""value"":4661.7,""expected"":4427.853327627866,""residual_pct"":0.052812650977626774,""revision_risk"":false}"
period:Q:2012Q3,TimePeriod,2012Q3,"{""frequency"":""Q"",""start"":""2012-07-01""}"
obs:gdp_primary:2012Q3,Observation,浙江第一产业增加值 2012Q3,"{""value"":373.70000000000005,""expected"":373.81980685122943,""residual_pct"":-0.00032049358817698437,""revision_risk"":false}"
obs:gdp_tertiary:2012Q3,Observation,浙江第三产业增加值 2012Q3,"{""value"":3787.7,""expected"":3780.164288393826,""residual_pct"":0.0019934878569458636,""revision_risk"":false}"
obs:gdp_secondary:2012Q3,Observation,浙江第二产业增加值 2012Q3,"{""value"":4263.1,""expected"":4288.820824934458,""residual_pct"":-0.005997178708171069,""revision_risk"":false}"
period:Q:2012Q4,TimePeriod,2012Q4,"{""frequency"":""Q"",""start"":""2012-10-01""}"
obs:gdp_primary:2012Q4,Observation,浙江第一产业增加值 2012Q4,"{""value"":640.0999999999999,""expected"":641.7214599349712,""residual_pct"":-0.0025267347848014765,""revision_risk"":true}"
obs:gdp_tertiary:2012Q4,Observation,浙江第三产业增加值 2012Q4,"{""value"":4707.9,""expected"":4680.335270975001,""residual_pct"":0.005889477447468483,""revision_risk"":true}"
obs:gdp_secondary:2012Q4,Observation,浙江第二产业增加值 2012Q4,"{""value"":5043.4000000000015,""expected"":5028.205718440553,""residual_pct"":0.003021809848336998,""revision_risk"":true}"
period:Q:2013Q1,TimePeriod,2013Q1,"{""frequency"":""Q"",""start"":""2013-01-01""}"
obs:gdp_primary:2013Q1,Observation,浙江第一产业增加值 2013Q1,"{""value"":258.3,""expected"":258.1088263953669,""residual_pct"":0.0007406705431307614,""revision_risk"":false}"
obs:gdp_tertiary:2013Q1,Observation,浙江第三产业增加值 2013Q1,"{""value"":3446.7,""expected"":3500.9870268536756,""residual_pct"":-0.015506206231921782,""revision_risk"":false}"
obs:gdp_secondary:2013Q1,Observation,浙江第二产业增加值 2013Q1,"{""value"":3556.6,""expected"":3553.615841374431,""residual_pct"":0.0008397527360231027,""revision_risk"":false}"
period:Q:2013Q2,TimePeriod,2013Q2,"{""frequency"":""Q"",""start"":""2013-04-01""}"
obs:gdp_primary:2013Q2,Observation,浙江第一产业增加值 2013Q2,"{""value"":421.59999999999997,""expected"":449.0700302639173,""residual_pct"":-0.06117092750049091,""revision_risk"":false}"
obs:gdp_tertiary:2013Q2,Observation,浙江第三产业增加值 2013Q2,"{""value"":4387.0,""expected"":4352.588863089966,""residual_pct"":0.007905901060824005,""revision_risk"":false}"
obs:gdp_secondary:2013Q2,Observation,浙江第二产业增加值 2013Q2,"{""value"":4883.699999999999,""expected"":4885.58489348985,""residual_pct"":-0.0003858071307619726,""revision_risk"":false}"
period:Q:2013Q3,TimePeriod,2013Q3,"{""frequency"":""Q"",""start"":""2013-07-01""}"
obs:gdp_primary:2013Q3,Observation,浙江第一产业增加值 2013Q3,"{""value"":394.6,""expected"":392.3318469444506,""residual_pct"":0.005781210659328906,""revision_risk"":false}"
obs:gdp_tertiary:2013Q3,Observation,浙江第三产业增加值 2013Q3,"{""value"":4229.3,""expected"":4193.454937301364,""residual_pct"":0.008547859279418812,""revision_risk"":false}"
obs:gdp_secondary:2013Q3,Observation,浙江第二产业增加值 2013Q3,"{""value"":4617.300000000001,""expected"":4590.404193988397,""residual_pct"":0.005859136772057294,""revision_risk"":false}"
period:Q:2013Q4,TimePeriod,2013Q4,"{""frequency"":""Q"",""start"":""2013-10-01""}"
obs:gdp_primary:2013Q4,Observation,浙江第一产业增加值 2013Q4,"{""value"":710.1199999999999,""expected"":665.1284751098397,""residual_pct"":0.06764336000308857,""revision_risk"":true}"
obs:gdp_tertiary:2013Q4,Observation,浙江第三产业增加值 2013Q4,"{""value"":5274.220000000001,""expected"":5172.750435083225,""residual_pct"":0.019616172515994013,""revision_risk"":true}"
obs:gdp_secondary:2013Q4,Observation,浙江第二产业增加值 2013Q4,"{""value"":5389.050000000001,""expected"":5357.558127170975,""residual_pct"":0.005878027280621367,""revision_risk"":true}"
period:Q:2014Q1,TimePeriod,2014Q1,"{""frequency"":""Q"",""start"":""2014-01-01""}"
obs:gdp_primary:2014Q1,Observation,浙江第一产业增加值 2014Q1,"{""value"":274.21,""expected"":274.2822277361738,""residual_pct"":-0.0002633336354672666,""revision_risk"":false}"
obs:gdp_tertiary:2014Q1,Observation,浙江第三产业增加值 2014Q1,"{""value"":3749.32,""expected"":3796.4244208032524,""residual_pct"":-0.012407575018518524,""revision_risk"":false}"
obs:gdp_secondary:2014Q1,Observation,浙江第二产业增加值 2014Q1,"{""value"":3744.93,""expected"":3759.9499151588475,""residual_pct"":-0.003994711498228276,""revision_risk"":false}"
period:Q:2014Q2,TimePeriod,2014Q2,"{""frequency"":""Q"",""start"":""2014-04-01""}"
obs:gdp_primary:2014Q2,Observation,浙江第一产业增加值 2014Q2,"{""value"":480.99000000000007,""expected"":476.6002003737819,""residual_pct"":0.00921065417676159,""revision_risk"":false}"
obs:gdp_tertiary:2014Q2,Observation,浙江第三产业增加值 2014Q2,"{""value"":4558.34,""expected"":4620.073093410747,""residual_pct"":-0.013361930030672431,""revision_risk"":false}"
obs:gdp_secondary:2014Q2,Observation,浙江第二产业增加值 2014Q2,"{""value"":5170.42,""expected"":5101.496309360646,""residual_pct"":0.01351048524976628,""revision_risk"":false}"
period:Q:2014Q3,TimePeriod,2014Q3,"{""frequency"":""Q"",""start"":""2014-07-01""}"
obs:gdp_primary:2014Q3,Observation,浙江第一产业增加值 2014Q3,"{""value"":398.21000000000004,""expected"":398.38018404283844,""residual_pct"":-0.00042719003016500334,""revision_risk"":false}"
obs:gdp_tertiary:2014Q3,Observation,浙江第三产业增加值 2014Q3,"{""value"":4511.5,""expected"":4534.171925680388,""residual_pct"":-0.005000235115033891,""revision_risk"":false}"
obs:gdp_secondary:2014Q3,Observation,浙江第二产业增加值 2014Q3,"{""value"":4934.27,""expected"":4726.53666633601,""residual_pct"":0.04395043312443492,""revision_risk"":false}"
period:Q:2014Q4,TimePeriod,2014Q4,"{""frequency"":""Q"",""start"":""2014-10-01""}"
obs:gdp_primary:2014Q4,Observation,浙江第一产业增加值 2014Q4,"{""value"":625.8499999999999,""expected"":665.4260131460808,""residual_pct"":-0.05947470096482799,""revision_risk"":true}"
obs:gdp_tertiary:2014Q4,Observation,浙江第三产业增加值 2014Q4,"{""value"":6402.3499999999985,""expected"":5700.794761039691,""residual_pct"":0.12306270763418259,""revision_risk"":true}"
obs:gdp_secondary:2014Q4,Observation,浙江第二产业增加值 2014Q4,"{""value"":5303.109999999999,""expected"":5474.118677031331,""residual_pct"":-0.03123949024869732,""revision_risk"":true}"
period:Q:2015Q1,TimePeriod,2015Q1,"{""frequency"":""Q"",""start"":""2015-01-01""}"
obs:gdp_primary:2015Q1,Observation,浙江第一产业增加值 2015Q1,"{""value"":278.19,""expected"":279.0661577781654,""residual_pct"":-0.003139605981395621,""revision_risk"":false}"
obs:gdp_tertiary:2015Q1,Observation,浙江第三产业增加值 2015Q1,"{""value"":4291.97,""expected"":4316.561972442389,""residual_pct"":-0.005697120208023709,""revision_risk"":false}"
obs:gdp_secondary:2015Q1,Observation,浙江第二产业增加值 2015Q1,"{""value"":3772.22,""expected"":3784.1649194151883,""residual_pct"":-0.003156553604179213,""revision_risk"":false}"
period:Q:2015Q2,TimePeriod,2015Q2,"{""frequency"":""Q"",""start"":""2015-04-01""}"
obs:gdp_primary:2015Q2,Observation,浙江第一产业增加值 2015Q2,"{""value"":485.10999999999996,""expected"":489.26280065365256,""residual_pct"":-0.00848787328222067,""revision_risk"":false}"
obs:gdp_tertiary:2015Q2,Observation,浙江第三产业增加值 2015Q2,"{""value"":5354.86,""expected"":5181.5470696214425,""residual_pct"":0.03344810498676387,""revision_risk"":false}"
obs:gdp_secondary:2015Q2,Observation,浙江第二产业增加值 2015Q2,"{""value"":5098.34,""expected"":5098.512505164943,""residual_pct"":-3.3834410481103916e-05,""revision_risk"":false}"
period:Q:2015Q3,TimePeriod,2015Q3,"{""frequency"":""Q"",""start"":""2015-07-01""}"
obs:gdp_primary:2015Q3,Observation,浙江第一产业增加值 2015Q3,"{""value"":397.8600000000001,""expected"":403.15219570921585,""residual_pct"":-0.013127041761253011,""revision_risk"":false}"
obs:gdp_tertiary:2015Q3,Observation,浙江第三产业增加值 2015Q3,"{""value"":5211.42,""expected"":5195.732637037465,""residual_pct"":0.0030192783305877935,""revision_risk"":false}"
obs:gdp_secondary:2015Q3,Observation,浙江第二产业增加值 2015Q3,"{""value"":4794.26,""expected"":4810.354814362349,""residual_pct"":-0.0033458684407841055,""revision_risk"":false}"
period:Q:2015Q4,TimePeriod,2015Q4,"{""frequency"":""Q"",""start"":""2015-10-01""}"
obs:gdp_primary:2015Q4,Observation,浙江第一产业增加值 2015Q4,"{""value"":671.6399999999999,""expected"":674.0647246483412,""residual_pct"":-0.0035971688766331944,""revision_risk"":true}"
obs:gdp_tertiary:2015Q4,Observation,浙江第三产业增加值 2015Q4,"{""value"":6488.3499999999985,""expected"":6518.162208616002,""residual_pct"":-0.00457371382635996,""revision_risk"":true}"
obs:gdp_secondary:2015Q4,Observation,浙江第二产业增加值 2015Q4,"{""value"":6042.27,""expected"":5654.210380153404,""residual_pct"":0.06863197400802545,""revision_risk"":true}"
period:Q:2016Q1,TimePeriod,2016Q1,"{""frequency"":""Q"",""start"":""2016-01-01""}"
obs:gdp_primary:2016Q1,Observation,浙江第一产业增加值 2016Q1,"{""value"":301.8,""expected"":294.38966991149806,""residual_pct"":0.025171841426126385,""revision_risk"":false}"
obs:gdp_tertiary:2016Q1,Observation,浙江第三产业增加值 2016Q1,"{""value"":5075.38,""expected"":5012.474978308585,""residual_pct"":0.012549692908919274,""revision_risk"":false}"
obs:gdp_secondary:2016Q1,Observation,浙江第二产业增加值 2016Q1,"{""value"":3979.02,""expected"":4021.0322470442525,""residual_pct"":-0.010448124875182097,""revision_risk"":false}"
period:Q:2016Q2,TimePeriod,2016Q2,"{""frequency"":""Q"",""start"":""2016-04-01""}"
obs:gdp_primary:2016Q2,Observation,浙江第一产业增加值 2016Q2,"{""value"":530.69,""expected"":521.281093034843,""residual_pct"":0.018049584170374056,""revision_risk"":false}"
obs:gdp_tertiary:2016Q2,Observation,浙江第三产业增加值 2016Q2,"{""value"":5740.679999999999,""expected"":5812.85262629992,""residual_pct"":-0.012416042679867734,""revision_risk"":false}"
obs:gdp_secondary:2016Q2,Observation,浙江第二产业增加值 2016Q2,"{""value"":5134.76,""expected"":5389.952584662567,""residual_pct"":-0.04734597951542874,""revision_risk"":false}"
period:Q:2016Q3,TimePeriod,2016Q3,"{""frequency"":""Q"",""start"":""2016-07-01""}"
obs:gdp_primary:2016Q3,Observation,浙江第一产业增加值 2016Q3,"{""value"":418.6500000000001,""expected"":421.51821898429597,""residual_pct"":-0.006804495879697003,""revision_risk"":false}"
obs:gdp_tertiary:2016Q3,Observation,浙江第三产业增加值 2016Q3,"{""value"":5837.4,""expected"":5878.738290673538,""residual_pct"":-0.007031830408086193,""revision_risk"":false}"
obs:gdp_secondary:2016Q3,Observation,浙江第二产业增加值 2016Q3,"{""value"":5215.949999999999,""expected"":5197.126547054031,""residual_pct"":0.003621896210443065,""revision_risk"":false}"
period:Q:2016Q4,TimePeriod,2016Q4,"{""frequency"":""Q"",""start"":""2016-10-01""}"
obs:gdp_primary:2016Q4,Observation,浙江第一产业增加值 2016Q4,"{""value"":715.3999999999999,""expected"":707.4676505459263,""residual_pct"":0.011212314015987213,""revision_risk"":true}"
obs:gdp_tertiary:2016Q4,Observation,浙江第三产业增加值 2016Q4,"{""value"":7347.1500000000015,""expected"":7310.496424610887,""residual_pct"":0.005013828509062623,""revision_risk"":true}"
obs:gdp_secondary:2016Q4,Observation,浙江第二产业增加值 2016Q4,"{""value"":6188.100000000002,""expected"":6131.031884615151,""residual_pct"":0.009308076757528205,""revision_risk"":true}"
period:Q:2017Q1,TimePeriod,2017Q1,"{""frequency"":""Q"",""start"":""2017-01-01""}"
obs:gdp_primary:2017Q1,Observation,浙江第一产业增加值 2017Q1,"{""value"":297.08,""expected"":300.05440832703016,""residual_pct"":-0.00991289660969874,""revision_risk"":false}"
obs:gdp_tertiary:2017Q1,Observation,浙江第三产业增加值 2017Q1,"{""value"":5818.85,""expected"":5783.57945218288,""residual_pct"":0.006098394274467456,""revision_risk"":false}"
obs:gdp_secondary:2017Q1,Observation,浙江第二产业增加值 2017Q1,"{""value"":4436.0,""expected"":4431.589213182089,""residual_pct"":0.000995305883674913,""revision_risk"":false}"
period:Q:2017Q2,TimePeriod,2017Q2,"{""frequency"":""Q"",""start"":""2017-04-01""}"
obs:gdp_primary:2017Q2,Observation,浙江第一产业增加值 2017Q2,"{""value"":523.4000000000001,""expected"":527.9278442691644,""residual_pct"":-0.008576634701722319,""revision_risk"":false}"
obs:gdp_tertiary:2017Q2,Observation,浙江第三产业增加值 2017Q2,"{""value"":6568.969999999999,""expected"":6558.659271231418,""residual_pct"":0.00157207873472065,""revision_risk"":false}"
obs:gdp_secondary:2017Q2,Observation,浙江第二产业增加值 2017Q2,"{""value"":5738.91,""expected"":5757.5799315806,""residual_pct"":-0.003242669976354917,""revision_risk"":false}"
period:Q:2017Q3,TimePeriod,2017Q3,"{""frequency"":""Q"",""start"":""2017-07-01""}"
obs:gdp_primary:2017Q3,Observation,浙江第一产业增加值 2017Q3,"{""value"":427.30999999999995,""expected"":423.79359013083103,""residual_pct"":0.008297458836230565,""revision_risk"":false}"
obs:gdp_tertiary:2017Q3,Observation,浙江第三产业增加值 2017Q3,"{""value"":6658.830000000002,""expected"":6690.854371965665,""residual_pct"":-0.004786290387643777,""revision_risk"":false}"
obs:gdp_secondary:2017Q3,Observation,浙江第二产业增加值 2017Q3,"{""value"":6488.68,""expected"":5593.468244213882,""residual_pct"":0.16004591725574957,""revision_risk"":false}"
period:Q:2017Q4,TimePeriod,2017Q4,"{""frequency"":""Q"",""start"":""2017-10-01""}"
obs:gdp_primary:2017Q4,Observation,浙江第一产业增加值 2017Q4,"{""value"":769.6400000000001,""expected"":716.4314988711047,""residual_pct"":0.0742687908233195,""revision_risk"":true}"
obs:gdp_tertiary:2017Q4,Observation,浙江第三产业增加值 2017Q4,"{""value"":8232.66,""expected"":8176.293209943573,""residual_pct"":0.006893929634015139,""revision_risk"":true}"
obs:gdp_secondary:2017Q4,Observation,浙江第二产业增加值 2017Q4,"{""value"":5807.93,""expected"":6401.993650034329,""residual_pct"":-0.09279353940489199,""revision_risk"":true}"
period:Q:2018Q1,TimePeriod,2018Q1,"{""frequency"":""Q"",""start"":""2018-01-01""}"
obs:gdp_primary:2018Q1,Observation,浙江第一产业增加值 2018Q1,"{""value"":303.4,""expected"":303.4022542663895,""residual_pct"":-7.4299592630611144e-06,""revision_risk"":false}"
obs:gdp_tertiary:2018Q1,Observation,浙江第三产业增加值 2018Q1,"{""value"":6550.62,""expected"":6622.438898520366,""residual_pct"":-0.010844780845982949,""revision_risk"":false}"
obs:gdp_secondary:2018Q1,Observation,浙江第二产业增加值 2018Q1,"{""value"":4837.46,""expected"":4839.792110584226,""residual_pct"":-0.0004818617268964598,""revision_risk"":false}"
period:Q:2018Q2,TimePeriod,2018Q2,"{""frequency"":""Q"",""start"":""2018-04-01""}"
obs:gdp_primary:2018Q2,Observation,浙江第一产业增加值 2018Q2,"{""value"":501.5,""expected"":535.6784536149239,""residual_pct"":-0.0638040477160825,""revision_risk"":false}"
obs:gdp_tertiary:2018Q2,Observation,浙江第三产业增加值 2018Q2,"{""value"":7365.87,""expected"":7383.968679025959,""residual_pct"":-0.0024510774371738764,""revision_risk"":false}"
obs:gdp_secondary:2018Q2,Observation,浙江第二产业增加值 2018Q2,"{""value"":6115.419999999999,""expected"":6084.379734251669,""residual_pct"":0.005101631900716219,""revision_risk"":false}"
period:Q:2018Q3,TimePeriod,2018Q3,"{""frequency"":""Q"",""start"":""2018-07-01""}"
obs:gdp_primary:2018Q3,Observation,浙江第一产业增加值 2018Q3,"{""value"":428.11,""expected"":432.554272542364,""residual_pct"":-0.010274485363981012,""revision_risk"":false}"
obs:gdp_tertiary:2018Q3,Observation,浙江第三产业增加值 2018Q3,"{""value"":7723.01,""expected"":7584.648472131397,""residual_pct"":0.018242312531291383,""revision_risk"":false}"
obs:gdp_secondary:2018Q3,Observation,浙江第二产业增加值 2018Q3,"{""value"":5970.230000000001,""expected"":5956.157008546638,""residual_pct"":0.002362763680200164,""revision_risk"":false}"
period:Q:2018Q4,TimePeriod,2018Q4,"{""frequency"":""Q"",""start"":""2018-10-01""}"
obs:gdp_primary:2018Q4,Observation,浙江第一产业增加值 2018Q4,"{""value"":734.0,""expected"":731.9788239263879,""residual_pct"":0.00276124937982547,""revision_risk"":true}"
obs:gdp_tertiary:2018Q4,Observation,浙江第三产业增加值 2018Q4,"{""value"":9084.759999999998,""expected"":9050.33148268844,""residual_pct"":0.0038041167196376513,""revision_risk"":true}"
obs:gdp_secondary:2018Q4,Observation,浙江第二产业增加值 2018Q4,"{""value"":6582.77,""expected"":6708.806803462673,""residual_pct"":-0.01878676896726561,""revision_risk"":true}"
period:Q:2019Q1,TimePeriod,2019Q1,"{""frequency"":""Q"",""start"":""2019-01-01""}"
obs:gdp_primary:2019Q1,Observation,浙江第一产业增加值 2019Q1,"{""value"":311.11,""expected"":313.7523106009221,""residual_pct"":-0.008421645073661277,""revision_risk"":false}"
obs:gdp_tertiary:2019Q1,Observation,浙江第三产业增加值 2019Q1,"{""value"":7540.08,""expected"":7557.665695885453,""residual_pct"":-0.0023268687175495018,""revision_risk"":false}"
obs:gdp_secondary:2019Q1,Observation,浙江第二产业增加值 2019Q1,"{""value"":5232.88,""expected"":5196.428114545633,""residual_pct"":0.0070147964430282705,""revision_risk"":false}"
period:Q:2019Q2,TimePeriod,2019Q2,"{""frequency"":""Q"",""start"":""2019-04-01""}"
obs:gdp_primary:2019Q2,Observation,浙江第一产业增加值 2019Q2,"{""value"":561.35,""expected"":558.3883090370613,""residual_pct"":0.005303998874987448,""revision_risk"":false}"
obs:gdp_tertiary:2019Q2,Observation,浙江第三产业增加值 2019Q2,"{""value"":8249.29,""expected"":8148.083422445902,""residual_pct"":0.012420905912094549,""revision_risk"":false}"
obs:gdp_secondary:2019Q2,Observation,浙江第二产业增加值 2019Q2,"{""value"":6361.62,""expected"":6323.213813682315,""residual_pct"":0.006073839577364959,""revision_risk"":false}"
period:Q:2019Q3,TimePeriod,2019Q3,"{""frequency"":""Q"",""start"":""2019-07-01""}"
obs:gdp_primary:2019Q3,Observation,浙江第一产业增加值 2019Q3,"{""value"":457.79999999999995,""expected"":455.9166205692804,""residual_pct"":0.004130973396775595,""revision_risk"":false}"
obs:gdp_tertiary:2019Q3,Observation,浙江第三产业增加值 2019Q3,"{""value"":8241.17,""expected"":8370.700389513702,""residual_pct"":-0.01547425943902736,""revision_risk"":false}"
obs:gdp_secondary:2019Q3,Observation,浙江第二产业增加值 2019Q3,"{""value"":6243.220000000001,""expected"":6304.143712937113,""residual_pct"":-0.009664074252001442,""revision_risk"":false}"
period:Q:2019Q4,TimePeriod,2019Q4,"{""frequency"":""Q"",""start"":""2019-10-01""}"
obs:gdp_primary:2019Q4,Observation,浙江第一产业增加值 2019Q4,"{""value"":767.1200000000001,""expected"":768.466707363965,""residual_pct"":-0.0017524602576270976,""revision_risk"":true}"
obs:gdp_tertiary:2019Q4,Observation,浙江第三产业增加值 2019Q4,"{""value"":9657.220000000001,""expected"":9589.925623478051,""residual_pct"":0.007017194831751228,""revision_risk"":true}"
obs:gdp_secondary:2019Q4,Observation,浙江第二产业增加值 2019Q4,"{""value"":8728.879999999997,""expected"":7033.664419483752,""residual_pct"":0.2410145664357226,""revision_risk"":true}"
period:Q:2020Q1,TimePeriod,2020Q1,"{""frequency"":""Q"",""start"":""2020-01-01""}"
obs:gdp_primary:2020Q1,Observation,浙江第一产业增加值 2020Q1,"{""value"":334.99,""expected"":329.73446010068216,""residual_pct"":0.01593870382159368,""revision_risk"":false}"
obs:gdp_tertiary:2020Q1,Observation,浙江第三产业增加值 2020Q1,"{""value"":7848.78,""expected"":8383.882547914232,""residual_pct"":-0.06382514841496167,""revision_risk"":false}"
obs:gdp_secondary:2020Q1,Observation,浙江第二产业增加值 2020Q1,"{""value"":4930.22,""expected"":5647.6941870114915,""residual_pct"":-0.12703842723310532,""revision_risk"":false}"
period:Q:2020Q2,TimePeriod,2020Q2,"{""frequency"":""Q"",""start"":""2020-04-01""}"
obs:gdp_primary:2020Q2,Observation,浙江第一产业增加值 2020Q2,"{""value"":578.6,""expected"":583.749636680212,""residual_pct"":-0.00882165290842496,""revision_risk"":false}"
obs:gdp_tertiary:2020Q2,Observation,浙江第三产业增加值 2020Q2,"{""value"":8704.25,""expected"":8851.355783260085,""residual_pct"":-0.01661957635216693,""revision_risk"":false}"
obs:gdp_secondary:2020Q2,Observation,浙江第二产业增加值 2020Q2,"{""value"":6689.8,""expected"":6750.548688241755,""residual_pct"":-0.008999074156382014,""revision_risk"":false}"
period:Q:2020Q3,TimePeriod,2020Q3,"{""frequency"":""Q"",""start"":""2020-07-01""}"
obs:gdp_primary:2020Q3,Observation,浙江第一产业增加值 2020Q3,"{""value"":475.59000000000003,""expected"":471.37250252174044,""residual_pct"":0.008947270907184723,""revision_risk"":false}"
obs:gdp_tertiary:2020Q3,Observation,浙江第三产业增加值 2020Q3,"{""value"":9305.170000000002,""expected"":9165.281259648755,""residual_pct"":0.01526289661912772,""revision_risk"":false}"
obs:gdp_secondary:2020Q3,Observation,浙江第二产业增加值 2020Q3,"{""value"":6958.52,""expected"":6928.544912709053,""residual_pct"":0.00432631781544246,""revision_risk"":false}"
period:Q:2020Q4,TimePeriod,2020Q4,"{""frequency"":""Q"",""start"":""2020-10-01""}"
obs:gdp_primary:2020Q4,Observation,浙江第一产业增加值 2020Q4,"{""value"":780.05,""expected"":786.573367056586,""residual_pct"":-0.008293399357007125,""revision_risk"":true}"
obs:gdp_tertiary:2020Q4,Observation,浙江第三产业增加值 2020Q4,"{""value"":10172.960000000003,""expected"":10439.152455707197,""residual_pct"":-0.02549943176293623,""revision_risk"":true}"
obs:gdp_secondary:2020Q4,Observation,浙江第二产业增加值 2020Q4,"{""value"":7834.41,""expected"":7815.255616835493,""residual_pct"":0.0024508965673808447,""revision_risk"":true}"
period:Q:2021Q1,TimePeriod,2021Q1,"{""frequency"":""Q"",""start"":""2021-01-01""}"
obs:gdp_primary:2021Q1,Observation,浙江第一产业增加值 2021Q1,"{""value"":337.17,""expected"":334.98798724638993,""residual_pct"":0.006513704481006188,""revision_risk"":false}"
obs:gdp_tertiary:2021Q1,Observation,浙江第三产业增加值 2021Q1,"{""value"":9627.77,""expected"":9457.396105661895,""residual_pct"":0.01801488405842555,""revision_risk"":false}"
obs:gdp_secondary:2021Q1,Observation,浙江第二产业增加值 2021Q1,"{""value"":6381.82,""expected"":6378.337318741023,""residual_pct"":0.0005460171020970073,""revision_risk"":false}"
period:Q:2021Q2,TimePeriod,2021Q2,"{""frequency"":""Q"",""start"":""2021-04-01""}"
obs:gdp_primary:2021Q2,Observation,浙江第一产业增加值 2021Q2,"{""value"":597.78,""expected"":594.9125352698724,""residual_pct"":0.004819976988427177,""revision_risk"":false}"
obs:gdp_tertiary:2021Q2,Observation,浙江第三产业增加值 2021Q2,"{""value"":9816.23,""expected"":9683.08041171465,""residual_pct"":0.01375074693423639,""revision_risk"":false}"
obs:gdp_secondary:2021Q2,Observation,浙江第二产业增加值 2021Q2,"{""value"":7795.67,""expected"":7506.103075222109,""residual_pct"":0.03857753109383233,""revision_risk"":false}"
period:Q:2021Q3,TimePeriod,2021Q3,"{""frequency"":""Q"",""start"":""2021-07-01""}"
obs:gdp_primary:2021Q3,Observation,浙江第一产业增加值 2021Q3,"{""value"":472.25,""expected"":478.93458040935036,""residual_pct"":-0.013957188899655137,""revision_risk"":false}"
obs:gdp_tertiary:2021Q3,Observation,浙江第三产业增加值 2021Q3,"{""value"":9992.919999999998,""expected"":10001.78039134887,""residual_pct"":-0.0008858814133266835,""revision_risk"":false}"
obs:gdp_secondary:2021Q3,Observation,浙江第二产业增加值 2021Q3,"{""value"":7831.019999999999,""expected"":7795.381784529314,""residual_pct"":0.004571708795765739,""revision_risk"":false}"
period:Q:2021Q4,TimePeriod,2021Q4,"{""frequency"":""Q"",""start"":""2021-10-01""}"
obs:gdp_primary:2021Q4,Observation,浙江第一产业增加值 2021Q4,"{""value"":801.8900000000001,""expected"":801.5797415215554,""residual_pct"":0.00038705878201938937,""revision_risk"":true}"
obs:gdp_tertiary:2021Q4,Observation,浙江第三产业增加值 2021Q4,"{""value"":10681.18,""expected"":11168.940100197884,""residual_pct"":-0.04367111792364631,""revision_risk"":true}"
obs:gdp_secondary:2021Q4,Observation,浙江第二产业增加值 2021Q4,"{""value"":9180.060000000001,""expected"":8687.871562140066,""residual_pct"":0.05665236120717876,""revision_risk"":true}"
period:Q:2022Q1,TimePeriod,2022Q1,"{""frequency"":""Q"",""start"":""2022-01-01""}"
obs:gdp_primary:2022Q1,Observation,浙江第一产业增加值 2022Q1,"{""value"":336.25,""expected"":341.4943839487545,""residual_pct"":-0.015357160162087657,""revision_risk"":false}"
obs:gdp_tertiary:2022Q1,Observation,浙江第三产业增加值 2022Q1,"{""value"":10141.68,""expected"":10217.943675849605,""residual_pct"":-0.007463700943063145,""revision_risk"":false}"
obs:gdp_secondary:2022Q1,Observation,浙江第二产业增加值 2022Q1,"{""value"":7408.46,""expected"":7082.1063736506285,""residual_pct"":0.04608143525824304,""revision_risk"":false}"
period:Q:2022Q2,TimePeriod,2022Q2,"{""frequency"":""Q"",""start"":""2022-04-01""}"
obs:gdp_primary:2022Q2,Observation,浙江第一产业增加值 2022Q2,"{""value"":618.71,""expected"":621.1786596181487,""residual_pct"":-0.003974153940938918,""revision_risk"":false}"
obs:gdp_tertiary:2022Q2,Observation,浙江第三产业增加值 2022Q2,"{""value"":9603.849999999999,""expected"":10139.108987589518,""residual_pct"":-0.052791521251491336,""revision_risk"":false}"
obs:gdp_secondary:2022Q2,Observation,浙江第二产业增加值 2022Q2,"{""value"":8113.31,""expected"":8082.612527439571,""residual_pct"":0.0037979641429322086,""revision_risk"":false}"
period:Q:2022Q3,TimePeriod,2022Q3,"{""frequency"":""Q"",""start"":""2022-07-01""}"
obs:gdp_primary:2022Q3,Observation,浙江第一产业增加值 2022Q3,"{""value"":507.74,""expected"":504.4888753247722,""residual_pct"":0.006444393195260911,""revision_risk"":false}"
obs:gdp_tertiary:2022Q3,Observation,浙江第三产业增加值 2022Q3,"{""value"":10576.870000000003,""expected"":10534.749093316022,""residual_pct"":0.0039982828552322935,""revision_risk"":false}"
obs:gdp_secondary:2022Q3,Observation,浙江第二产业增加值 2022Q3,"{""value"":8443.329999999998,""expected"":8417.23498722481,""residual_pct"":0.0031001882227112976,""revision_risk"":false}"
period:Q:2022Q4,TimePeriod,2022Q4,"{""frequency"":""Q"",""start"":""2022-10-01""}"
obs:gdp_primary:2022Q4,Observation,浙江第一产业增加值 2022Q4,"{""value"":862.0699999999999,""expected"":858.5689612671524,""residual_pct"":0.004077760658480312,""revision_risk"":true}"
obs:gdp_tertiary:2022Q4,Observation,浙江第三产业增加值 2022Q4,"{""value"":11863.019999999997,""expected"":11935.850481617577,""residual_pct"":-0.006101825900864499,""revision_risk"":true}"
obs:gdp_secondary:2022Q4,Observation,浙江第二产业增加值 2022Q4,"{""value"":9240.07,""expected"":9210.138673921012,""residual_pct"":0.0032498236062112884,""revision_risk"":true}"
period:Q:2023Q1,TimePeriod,2023Q1,"{""frequency"":""Q"",""start"":""2023-01-01""}"
obs:gdp_primary:2023Q1,Observation,浙江第一产业增加值 2023Q1,"{""value"":365.69,""expected"":364.9720789776866,""residual_pct"":0.0019670573823740156,""revision_risk"":false}"
obs:gdp_tertiary:2023Q1,Observation,浙江第三产业增加值 2023Q1,"{""value"":11064.55,""expected"":11033.463876932403,""residual_pct"":0.0028174400545768474,""revision_risk"":false}"
obs:gdp_secondary:2023Q1,Observation,浙江第二产业增加值 2023Q1,"{""value"":7494.47,""expected"":7511.3608205580485,""residual_pct"":-0.00224870312604597,""revision_risk"":false}"
period:Q:2023Q2,TimePeriod,2023Q2,"{""frequency"":""Q"",""start"":""2023-04-01""}"
obs:gdp_primary:2023Q2,Observation,浙江第一产业增加值 2023Q2,"{""value"":684.1499999999999,""expected"":661.9173199439384,""residual_pct"":0.033588303835204725,""revision_risk"":false}"
obs:gdp_tertiary:2023Q2,Observation,浙江第三产业增加值 2023Q2,"{""value"":10802.510000000002,""expected"":10835.15390181673,""residual_pct"":-0.0030127769399984627,""revision_risk"":false}"
obs:gdp_secondary:2023Q2,Observation,浙江第二产业增加值 2023Q2,"{""value"":8305.619999999999,""expected"":8328.532264459876,""residual_pct"":-0.0027510566967063887,""revision_risk"":false}"
period:Q:2023Q3,TimePeriod,2023Q3,"{""frequency"":""Q"",""start"":""2023-07-01""}"
obs:gdp_primary:2023Q3,Observation,浙江第一产业增加值 2023Q3,"{""value"":530.28,""expected"":531.1664371089319,""residual_pct"":-0.0016688500006827311,""revision_risk"":false}"
obs:gdp_tertiary:2023Q3,Observation,浙江第三产业增加值 2023Q3,"{""value"":11300.929999999997,""expected"":11214.479296096288,""residual_pct"":0.007708846895263521,""revision_risk"":false}"
obs:gdp_secondary:2023Q3,Observation,浙江第二产业增加值 2023Q3,"{""value"":8633.64,""expected"":8701.211844680067,""residual_pct"":-0.0077657969816447014,""revision_risk"":false}"
period:Q:2023Q4,TimePeriod,2023Q4,"{""frequency"":""Q"",""start"":""2023-10-01""}"
obs:gdp_primary:2023Q4,Observation,浙江第一产业增加值 2023Q4,"{""value"":751.8499999999999,""expected"":850.0409318131906,""residual_pct"":-0.115513180763829,""revision_risk"":true}"
obs:gdp_tertiary:2023Q4,Observation,浙江第三产业增加值 2023Q4,"{""value"":13100.580000000002,""expected"":13094.693788223474,""residual_pct"":0.0004495112197140383,""revision_risk"":true}"
obs:gdp_secondary:2023Q4,Observation,浙江第二产业增加值 2023Q4,"{""value"":9518.939999999999,""expected"":9458.70478181353,""residual_pct"":0.0063682311242321266,""revision_risk"":true}"
period:Q:2024Q1,TimePeriod,2024Q1,"{""frequency"":""Q"",""start"":""2024-01-01""}"
obs:gdp_primary:2024Q1,Observation,浙江第一产业增加值 2024Q1,"{""value"":347.0,""expected"":371.63791236926505,""residual_pct"":-0.06629547618592924,""revision_risk"":false}"
obs:gdp_tertiary:2024Q1,Observation,浙江第三产业增加值 2024Q1,"{""value"":11882.0,""expected"":11959.98479604428,""residual_pct"":-0.006520476185728374,""revision_risk"":false}"
obs:gdp_secondary:2024Q1,Observation,浙江第二产业增加值 2024Q1,"{""value"":7908.0,""expected"":7922.064196485178,""residual_pct"":-0.0017753196813803385,""revision_risk"":false}"
period:Q:2024Q2,TimePeriod,2024Q2,"{""frequency"":""Q"",""start"":""2024-04-01""}"
obs:gdp_primary:2024Q2,Observation,浙江第一产业增加值 2024Q2,"{""value"":663.0,""expected"":670.6743613369331,""residual_pct"":-0.011442753412602369,""revision_risk"":false}"
obs:gdp_tertiary:2024Q2,Observation,浙江第三产业增加值 2024Q2,"{""value"":11482.0,""expected"":11605.218354238572,""residual_pct"":-0.010617495550488187,""revision_risk"":false}"
obs:gdp_secondary:2024Q2,Observation,浙江第二产业增加值 2024Q2,"{""value"":8638.0,""expected"":8629.091944356509,""residual_pct"":0.001032328279839012,""revision_risk"":false}"
period:Q:2024Q3,TimePeriod,2024Q3,"{""frequency"":""Q"",""start"":""2024-07-01""}"
obs:gdp_primary:2024Q3,Observation,浙江第一产业增加值 2024Q3,"{""value"":544.0,""expected"":544.793270142641,""residual_pct"":-0.0014560938728800377,""revision_risk"":false}"
obs:gdp_tertiary:2024Q3,Observation,浙江第三产业增加值 2024Q3,"{""value"":12030.0,""expected"":12113.829300130503,""residual_pct"":-0.006920132193838913,""revision_risk"":false}"
obs:gdp_secondary:2024Q3,Observation,浙江第二产业增加值 2024Q3,"{""value"":9124.0,""expected"":9055.946072419138,""residual_pct"":0.007514833573062818,""revision_risk"":false}"
period:Q:2024Q4,TimePeriod,2024Q4,"{""frequency"":""Q"",""start"":""2024-10-01""}"
obs:gdp_primary:2024Q4,Observation,浙江第一产业增加值 2024Q4,"{""value"":1032.0,""expected"":865.8997121645704,""residual_pct"":0.19182393238151474,""revision_risk"":true}"
obs:gdp_tertiary:2024Q4,Observation,浙江第三产业增加值 2024Q4,"{""value"":17367.0,""expected"":14880.793845292746,""residual_pct"":0.16707483354416053,""revision_risk"":true}"
obs:gdp_secondary:2024Q4,Observation,浙江第二产业增加值 2024Q4,"{""value"":9113.0,""expected"":9679.797260574811,""residual_pct"":-0.058554662387748535,""revision_risk"":true}"
period:Q:2025Q1,TimePeriod,2025Q1,"{""frequency"":""Q"",""start"":""2025-01-01""}"
obs:gdp_primary:2025Q1,Observation,浙江第一产业增加值 2025Q1,"{""value"":398.0,""expected"":396.71634951353303,""residual_pct"":0.003235688390561764,""revision_risk"":false}"
obs:gdp_tertiary:2025Q1,Observation,浙江第三产业增加值 2025Q1,"{""value"":13653.0,""expected"":13648.53054177813,""residual_pct"":0.0003274680895639648,""revision_risk"":false}"
obs:gdp_secondary:2025Q1,Observation,浙江第二产业增加值 2025Q1,"{""value"":8249.0,""expected"":8214.921330044994,""residual_pct"":0.0041483866474008035,""revision_risk"":false}"
period:Q:2025Q2,TimePeriod,2025Q2,"{""frequency"":""Q"",""start"":""2025-04-01""}"
obs:gdp_primary:2025Q2,Observation,浙江第一产业增加值 2025Q2,"{""value"":734.0,""expected"":731.489419987471,""residual_pct"":0.003432148085712461,""revision_risk"":false}"
obs:gdp_tertiary:2025Q2,Observation,浙江第三产业增加值 2025Q2,"{""value"":13268.0,""expected"":13211.900212072836,""residual_pct"":0.004246155891784564,""revision_risk"":false}"
obs:gdp_secondary:2025Q2,Observation,浙江第二产业增加值 2025Q2,"{""value"":8703.0,""expected"":8689.303531306581,""residual_pct"":0.0015762447063878415,""revision_risk"":false}"
period:Q:2025Q3,TimePeriod,2025Q3,"{""frequency"":""Q"",""start"":""2025-07-01""}"
obs:gdp_primary:2025Q3,Observation,浙江第一产业增加值 2025Q3,"{""value"":603.0,""expected"":602.0804263088224,""residual_pct"":0.001527326999841483,""revision_risk"":false}"
obs:gdp_tertiary:2025Q3,Observation,浙江第三产业增加值 2025Q3,"{""value"":13753.0,""expected"":13793.878952613903,""residual_pct"":-0.002963557441263198,""revision_risk"":false}"
obs:gdp_secondary:2025Q3,Observation,浙江第二产业增加值 2025Q3,"{""value"":9134.0,""expected"":9141.96522833442,""residual_pct"":-0.0008712818453665561,""revision_risk"":false}"
period:Q:2025Q4,TimePeriod,2025Q4,"{""frequency"":""Q"",""start"":""2025-10-01""}"
obs:gdp_primary:2025Q4,Observation,浙江第一产业增加值 2025Q4,"{""value"":922.0,""expected"":926.0822658800614,""residual_pct"":-0.004408102854860374,""revision_risk"":true}"
obs:gdp_tertiary:2025Q4,Observation,浙江第三产业增加值 2025Q4,"{""value"":15532.0,""expected"":17627.312787060146,""residual_pct"":-0.11886739699758841,""revision_risk"":true}"
obs:gdp_secondary:2025Q4,Observation,浙江第二产业增加值 2025Q4,"{""value"":9596.0,""expected"":9617.188475547202,""residual_pct"":-0.0022031881356049388,""revision_risk"":true}"
anomaly:gdp_tertiary:2000Q2,AnomalyEvent,第三产业单季度增加值异常 2000Q2,"{""level"":""high"",""direction"":""below_expected"",""residual_pct"":-0.09133541569860415,""endpoint_warning"":true,""revision_risk"":false}"
anomaly:gdp_secondary:2000Q4,AnomalyEvent,第二产业单季度增加值异常 2000Q4,"{""level"":""high"",""direction"":""above_expected"",""residual_pct"":0.253189851659954,""endpoint_warning"":true,""revision_risk"":true}"
anomaly:gdp_tertiary:2000Q4,AnomalyEvent,第三产业单季度增加值异常 2000Q4,"{""level"":""high"",""direction"":""above_expected"",""residual_pct"":0.1356833465163727,""endpoint_warning"":true,""revision_risk"":true}"
anomaly:gdp_tertiary:2001Q1,AnomalyEvent,第三产业单季度增加值异常 2001Q1,"{""level"":""medium"",""direction"":""below_expected"",""residual_pct"":-0.051147637245899435,""endpoint_warning"":false,""revision_risk"":false}"
anomaly:gdp_primary:2001Q2,AnomalyEvent,第一产业单季度增加值异常 2001Q2,"{""level"":""medium"",""direction"":""above_expected"",""residual_pct"":0.05878971561213908,""endpoint_warning"":false,""revision_risk"":false}"
anomaly:gdp_secondary:2001Q2,AnomalyEvent,第二产业单季度增加值异常 2001Q2,"{""level"":""medium"",""direction"":""above_expected"",""residual_pct"":0.07935029848818664,""endpoint_warning"":false,""revision_risk"":false}"
anomaly:gdp_tertiary:2001Q2,AnomalyEvent,第三产业单季度增加值异常 2001Q2,"{""level"":""high"",""direction"":""above_expected"",""residual_pct"":0.12942334457170346,""endpoint_warning"":false,""revision_risk"":false}"
anomaly:gdp_primary:2001Q3,AnomalyEvent,第一产业单季度增加值异常 2001Q3,"{""level"":""high"",""direction"":""above_expected"",""residual_pct"":0.12209137703246253,""endpoint_warning"":false,""revision_risk"":false}"
anomaly:gdp_primary:2002Q1,AnomalyEvent,第一产业单季度增加值异常 2002Q1,"{""level"":""high"",""direction"":""below_expected"",""residual_pct"":-0.08501624296630594,""endpoint_warning"":false,""revision_risk"":false}"
anomaly:gdp_primary:2004Q2,AnomalyEvent,第一产业单季度增加值异常 2004Q2,"{""level"":""medium"",""direction"":""above_expected"",""residual_pct"":0.06557260030243284,""endpoint_warning"":false,""revision_risk"":false}"
anomaly:gdp_secondary:2005Q2,AnomalyEvent,第二产业单季度增加值异常 2005Q2,"{""level"":""high"",""direction"":""above_expected"",""residual_pct"":0.14453273741636097,""endpoint_warning"":false,""revision_risk"":false}"
anomaly:gdp_secondary:2005Q3,AnomalyEvent,第二产业单季度增加值异常 2005Q3,"{""level"":""high"",""direction"":""below_expected"",""residual_pct"":-0.15765001303093107,""endpoint_warning"":false,""revision_risk"":false}"
anomaly:gdp_tertiary:2005Q4,AnomalyEvent,第三产业单季度增加值异常 2005Q4,"{""level"":""high"",""direction"":""above_expected"",""residual_pct"":0.22057233595609516,""endpoint_warning"":false,""revision_risk"":true}"
anomaly:gdp_secondary:2008Q1,AnomalyEvent,第二产业单季度增加值异常 2008Q1,"{""level"":""medium"",""direction"":""above_expected"",""residual_pct"":0.06250684193234046,""endpoint_warning"":false,""revision_risk"":false}"
anomaly:gdp_primary:2008Q4,AnomalyEvent,第一产业单季度增加值异常 2008Q4,"{""level"":""medium"",""direction"":""below_expected"",""residual_pct"":-0.07278430692941096,""endpoint_warning"":false,""revision_risk"":true}"
anomaly:gdp_secondary:2009Q1,AnomalyEvent,第二产业单季度增加值异常 2009Q1,"{""level"":""high"",""direction"":""below_expected"",""residual_pct"":-0.08033787355081146,""endpoint_warning"":false,""revision_risk"":false}"
anomaly:gdp_primary:2009Q2,AnomalyEvent,第一产业单季度增加值异常 2009Q2,"{""level"":""high"",""direction"":""below_expected"",""residual_pct"":-0.08681115608886147,""endpoint_warning"":false,""revision_risk"":false}"
anomaly:gdp_secondary:2009Q2,AnomalyEvent,第二产业单季度增加值异常 2009Q2,"{""level"":""high"",""direction"":""below_expected"",""residual_pct"":-0.0923832288416837,""endpoint_warning"":false,""revision_risk"":false}"
anomaly:gdp_secondary:2011Q2,AnomalyEvent,第二产业单季度增加值异常 2011Q2,"{""level"":""high"",""direction"":""above_expected"",""residual_pct"":0.09217884887965644,""endpoint_warning"":false,""revision_risk"":false}"
anomaly:gdp_tertiary:2011Q3,AnomalyEvent,第三产业单季度增加值异常 2011Q3,"{""level"":""medium"",""direction"":""above_expected"",""residual_pct"":0.05107992775993431,""endpoint_warning"":false,""revision_risk"":false}"
anomaly:gdp_secondary:2012Q2,AnomalyEvent,第二产业单季度增加值异常 2012Q2,"{""level"":""medium"",""direction"":""above_expected"",""residual_pct"":0.052812650977626774,""endpoint_warning"":false,""revision_risk"":false}"
anomaly:gdp_primary:2013Q2,AnomalyEvent,第一产业单季度增加值异常 2013Q2,"{""level"":""medium"",""direction"":""below_expected"",""residual_pct"":-0.06117092750049091,""endpoint_warning"":false,""revision_risk"":false}"
anomaly:gdp_primary:2013Q4,AnomalyEvent,第一产业单季度增加值异常 2013Q4,"{""level"":""medium"",""direction"":""above_expected"",""residual_pct"":0.06764336000308857,""endpoint_warning"":false,""revision_risk"":true}"
anomaly:gdp_primary:2014Q4,AnomalyEvent,第一产业单季度增加值异常 2014Q4,"{""level"":""medium"",""direction"":""below_expected"",""residual_pct"":-0.05947470096482799,""endpoint_warning"":false,""revision_risk"":true}"
anomaly:gdp_tertiary:2014Q4,AnomalyEvent,第三产业单季度增加值异常 2014Q4,"{""level"":""high"",""direction"":""above_expected"",""residual_pct"":0.12306270763418259,""endpoint_warning"":false,""revision_risk"":true}"
anomaly:gdp_secondary:2015Q4,AnomalyEvent,第二产业单季度增加值异常 2015Q4,"{""level"":""medium"",""direction"":""above_expected"",""residual_pct"":0.06863197400802545,""endpoint_warning"":false,""revision_risk"":true}"
anomaly:gdp_secondary:2017Q3,AnomalyEvent,第二产业单季度增加值异常 2017Q3,"{""level"":""high"",""direction"":""above_expected"",""residual_pct"":0.16004591725574957,""endpoint_warning"":false,""revision_risk"":false}"
anomaly:gdp_primary:2017Q4,AnomalyEvent,第一产业单季度增加值异常 2017Q4,"{""level"":""medium"",""direction"":""above_expected"",""residual_pct"":0.0742687908233195,""endpoint_warning"":false,""revision_risk"":true}"
anomaly:gdp_secondary:2017Q4,AnomalyEvent,第二产业单季度增加值异常 2017Q4,"{""level"":""high"",""direction"":""below_expected"",""residual_pct"":-0.09279353940489199,""endpoint_warning"":false,""revision_risk"":true}"
anomaly:gdp_primary:2018Q2,AnomalyEvent,第一产业单季度增加值异常 2018Q2,"{""level"":""medium"",""direction"":""below_expected"",""residual_pct"":-0.0638040477160825,""endpoint_warning"":false,""revision_risk"":false}"
anomaly:gdp_secondary:2019Q4,AnomalyEvent,第二产业单季度增加值异常 2019Q4,"{""level"":""high"",""direction"":""above_expected"",""residual_pct"":0.2410145664357226,""endpoint_warning"":false,""revision_risk"":true}"
anomaly:gdp_secondary:2020Q1,AnomalyEvent,第二产业单季度增加值异常 2020Q1,"{""level"":""high"",""direction"":""below_expected"",""residual_pct"":-0.12703842723310532,""endpoint_warning"":false,""revision_risk"":false}"
anomaly:gdp_tertiary:2020Q1,AnomalyEvent,第三产业单季度增加值异常 2020Q1,"{""level"":""medium"",""direction"":""below_expected"",""residual_pct"":-0.06382514841496167,""endpoint_warning"":false,""revision_risk"":false}"
anomaly:electricity:2021-01,AnomalyEvent,全社会用电量异常 2021-01,"{""level"":""high"",""direction"":""above_expected"",""residual_pct"":0.10135970014972573,""endpoint_warning"":true,""revision_risk"":false}"
anomaly:electricity:2021-02,AnomalyEvent,全社会用电量异常 2021-02,"{""level"":""high"",""direction"":""below_expected"",""residual_pct"":-0.2844076785705807,""endpoint_warning"":true,""revision_risk"":false}"
anomaly:gdp_secondary:2021Q4,AnomalyEvent,第二产业单季度增加值异常 2021Q4,"{""level"":""medium"",""direction"":""above_expected"",""residual_pct"":0.05665236120717876,""endpoint_warning"":false,""revision_risk"":true}"
anomaly:electricity:2022-05,AnomalyEvent,全社会用电量异常 2022-05,"{""level"":""medium"",""direction"":""below_expected"",""residual_pct"":-0.06437626398365826,""endpoint_warning"":false,""revision_risk"":false}"
anomaly:electricity:2022-09,AnomalyEvent,全社会用电量异常 2022-09,"{""level"":""high"",""direction"":""below_expected"",""residual_pct"":-0.11544126173981084,""endpoint_warning"":false,""revision_risk"":false}"
anomaly:gdp_tertiary:2022Q2,AnomalyEvent,第三产业单季度增加值异常 2022Q2,"{""level"":""medium"",""direction"":""below_expected"",""residual_pct"":-0.052791521251491336,""endpoint_warning"":false,""revision_risk"":false}"
anomaly:electricity:2023-01,AnomalyEvent,全社会用电量异常 2023-01,"{""level"":""high"",""direction"":""below_expected"",""residual_pct"":-0.2361201280766585,""endpoint_warning"":false,""revision_risk"":false}"
anomaly:electricity:2023-02,AnomalyEvent,全社会用电量异常 2023-02,"{""level"":""high"",""direction"":""above_expected"",""residual_pct"":0.10466779554392147,""endpoint_warning"":false,""revision_risk"":false}"
anomaly:electricity:2023-08,AnomalyEvent,全社会用电量异常 2023-08,"{""level"":""medium"",""direction"":""below_expected"",""residual_pct"":-0.051639187699744626,""endpoint_warning"":false,""revision_risk"":false}"
anomaly:electricity:2023-09,AnomalyEvent,全社会用电量异常 2023-09,"{""level"":""medium"",""direction"":""below_expected"",""residual_pct"":-0.05456322631627708,""endpoint_warning"":false,""revision_risk"":false}"
anomaly:gdp_primary:2023Q4,AnomalyEvent,第一产业单季度增加值异常 2023Q4,"{""level"":""high"",""direction"":""below_expected"",""residual_pct"":-0.115513180763829,""endpoint_warning"":false,""revision_risk"":true}"
anomaly:electricity:2024-01,AnomalyEvent,全社会用电量异常 2024-01,"{""level"":""high"",""direction"":""above_expected"",""residual_pct"":0.17693585764186692,""endpoint_warning"":false,""revision_risk"":false}"
anomaly:electricity:2024-02,AnomalyEvent,全社会用电量异常 2024-02,"{""level"":""high"",""direction"":""below_expected"",""residual_pct"":-0.17982230556126477,""endpoint_warning"":false,""revision_risk"":false}"
anomaly:gdp_primary:2024Q1,AnomalyEvent,第一产业单季度增加值异常 2024Q1,"{""level"":""medium"",""direction"":""below_expected"",""residual_pct"":-0.06629547618592924,""endpoint_warning"":false,""revision_risk"":false}"
anomaly:gdp_primary:2024Q4,AnomalyEvent,第一产业单季度增加值异常 2024Q4,"{""level"":""high"",""direction"":""above_expected"",""residual_pct"":0.19182393238151474,""endpoint_warning"":false,""revision_risk"":true}"
anomaly:gdp_secondary:2024Q4,AnomalyEvent,第二产业单季度增加值异常 2024Q4,"{""level"":""medium"",""direction"":""below_expected"",""residual_pct"":-0.058554662387748535,""endpoint_warning"":false,""revision_risk"":true}"
anomaly:gdp_tertiary:2024Q4,AnomalyEvent,第三产业单季度增加值异常 2024Q4,"{""level"":""high"",""direction"":""above_expected"",""residual_pct"":0.16707483354416053,""endpoint_warning"":false,""revision_risk"":true}"
anomaly:gdp_tertiary:2025Q4,AnomalyEvent,第三产业单季度增加值异常 2025Q4,"{""level"":""high"",""direction"":""below_expected"",""residual_pct"":-0.11886739699758841,""endpoint_warning"":true,""revision_risk"":true}"
